qqr_latin	qqr_kirill	ruscha
abaysızlıq	абайсызлық	1) невниматель
abatlıq	абатлық	1) благоустройство;
abatlılıq	абатлылық	благоустроенность
abatshılıq	абатшылық	см. - абатлылык
abroysızlıq	абройсызлық	1) отсутствие ав
abstrakciyalıq	абстракциялық	см. - абстракт
apantyuralıq	апантюралық	авантюрный
avyuoiografiyalıq	авюоиографиялық	автобио
raqalpaq	рақалпақ	автономиялы республикасы Каракалпакская автонбмная республика
avtorlıq	авторлық	авторство; / автор
agitatorlıq	агитаторлық	агитаторский
agrarlıq	аграрлық	аграрный; аграрлық
másele	мәселе	аграрный вопрос
agressiyalıq	агрессиялық	см. агрессивлик
agronomiyalıq	агрономиялық	агрономиче - ский; агрономиялық илажлар
agrotexnikalıq	агротехникалық	агротехниче - ский; агротехникалық усыллар
aǵayınlıq	ағайынлық	1) родство, род
aǵayın-tuwǵan	ағайын-туўған	собир. - родня
agayınshıllıq	агайыншыллық	1) почтйтельное отношение к родственникам
aǵartıw	ағартыў	I и. д. от агарт
aǵartıwshı	ағартыўшы	1 маляр; тот, кто
agartıwshı	агартыўшы	II уст. просветйтель
aǵarıw	ағарыў	и. д. от - агар- - 1) по
aǵaw	ағаў	челнок {вкустарном ткац
aǵa	аға	19 аДа
aǵash	ағаш	перекладина в ткацком - стане; табан ағаш поднбжник
aǵashlı	ағашлы	лесистый, лесной;
aǵashlıq	ағашлық	лес; место, заросшее
aǵash-paǵash	ағаш-пағаш	собир. - 1) деревья;
aǵashshı	ағашшы	плотник
aǵza	ағза	в разн. внач. - член; партия
aǵzası	ағзасы	член-корреспондёнт Ака
aǵızıs-	ағызыс-	взаимн. от ағыз
aǵızıw	ағызыў	и. д. - от ағыз- - 1) пуск
aǵıl-	ағыл-	хлынуть, двинуться
aǵıl-tegil	ағыл-тегил	в - изобйлии, в из
aǵılıw	ағылыў	и. д. от ағыл- - движёние (массой, толпой)
aǵım	ағым	1) течёние; 2) перен
aǵımdaǵı	ағымдағы	текущий; ағымдағы
aǵın	ағын	текучий, проточный;
aǵıraq	ағырақ	белёе
aǵıs	ағыс	течёние; қатты ағыс
aǵıslı	ағыслы	быстротекущий; ағыслы дэрья быстрая река
aǵıt-	ағыт-	1) расстёгивать; 2) рас
aǵıtıw	ағытыў	и. д. - от ағыт- - 1) рас
aǵıw	ағыў	и. д. от ақ- - течёние
adaq	адақ	см. - ада; адақ арба телёжка для катания ребёнка
adaqla-	адақла-	см. адала
adalatlıq	адалатлық	1) справедливость;
adasqaq	адасқақ	легко заблуждающий - ся, ошибающийся человек
adasıw	адасыў	и. д. от. - адас- - 1) блуж
adasıwshılıq	адасыўшылық	1) по.ножёние
adawat	адаўат	вражда, враждебность;
adawatlas-	адаўатлас-	враждовать с - кем-л., относиться н1)аждйбио к
adawatlı	адаўатлы	враждебный: злобный
advokatlıq	адвокатлық	адвокатура
adırsımaq	адырсымақ	слегка - неровный
ajıralıwshılıq	ажыралыўшылық	разлука, рас
ajırıq	ажырық	бот. - ажрык, прибрёжШ1Ц.З солончаковая
múminp	мүминп	жерлер аз - ба! мало ли где
azadalıq	азадалық	чистота, опрят
azaytqısh	азайтқыш	мат. - вычитаемое
azayıw	азайыў	и. д. от - азай- - 1) умень
azalaw	азалаў	и. д. от азала- выраже
azatlıq	азатлық	свобода; / свободный;
azatshılıq	азатшылық	см. азатлық
azǵan-tozǵan	азған-тозған	похудевший
azǵantay	азғантай	мало, немного, нет
azǵın	азғын	I название сорта дыни
azǵır-	азғыр-	1) искушать, соблаз
azǵırıl-	азғырыл-	страд, от азғыр
azǵırıw	азғырыў	и. д. от - азғыр- I)
azǵırıwshı	азғырыўшы	1) искуейтель, соблазнйтель, совратйтель; 2) под
azǵırıwshılıq	азғырыўшылық	1) искушение
azlmq	азлмқ	недостаток, недостаточ
ǵazpası	ғазпасы	погов. если попереч
azsıpıw	азсыпыў	п. д. от азсын-. - азуў к.пык; азуў тис коренной
azuwlı	азуўлы	1) име1ош.11и клыки;
azıq	азық	продов6льетвм(‘, нроми
kúnlik	күнлик	жолға - шықсац, үш күн
azıq-awqat	азық-аўқат	собир. продукты - питания, продовбльствие, пища
azıqlandır-	азықландыр-	понуд. от азық- - лан- - 1) питать, кормить; 2)
azıqlı	азықлы	имеющий - пищу, про
azıqsızlıq	азықсызлық	отсутствие - пйщи
azıq-túlik	азық-түлик	собир. разная - провйзия, различные продукты пи
azımshıq	азымшық	мало, немнбго
azınqı	азынқы	худбй, похудевший
aybaraq	айбарақ	1) угроза; 2) напы
aybatlılıq	айбатлылық	см. айбат
aygabaǵar	айгабағар	подсолнух
ayǵaq	айғақ	1) юр. свидетель; 2)
nygaqlıq	нйгақлық	1) юр. обязанность
aydan-anıq	айдан-анық	ясно, понятно;
aydaw	айдаў	глубокая (первичная)
ayqay	айқай	крик; айқай сал- силь
ayqaylaw	айқайлаў	и. д. от - айқайлакрик
ayqaspa	айқаспа	рубеж; место соеди
ayqastır-	айқастыр-	понуд. от - айқас- - 1) вовлечь в драку; 2) сцепить
ayqasıw	айқасыў	и. д. от айқас
ayqulak	айқулак	жабернная - кость {у
ayqın	айқын	1) явный, очевидный;
QIN	ҚЫН	СӨЗ ясная - речь; 3) конкрет
ayqınla-	айқынла-	1) выяснять {доско
ayqınlan-	айқынлан-	страд, от айқынла- 1) выясняться, конкретизи
ayqınlawısh	айқынлаўыш	пояснйтельный
ayqısh-uyqısh	айқыш-уйқыш	крест-накрест. - айлан- I) вертеться, вращать
ǴIY	ҒЫЙ	шөжелердиц үстинен айланып ушты ястреб кружил над - цыплятами; 2) объезжать, об
aylandırıw	айландырыў	и. д. от - айландыр- - 1) верчение, вращёние, круже
aylanıshlıq	айланышлық	1) обход, объезд;
aylıq	айлық	1) рассчитанный на мёС1 1И, месячный; бир айлық жол
aymaq	аймақ	уст. - край, территория;
awıl-aymaǵıc	аўыл-аймағыц	менен шық- - мыГп'и со всеми вместе; выйти
aypalshaq	айпалшақ	нерасторопный
xojalıǵına	хожалығына	айналыс- занимать
aynalısıw	айналысыў	и. д. от айналыс
aynıǵan	айныған	1) испорченный (о
aynıǵanlıq	айнығанлық	измена, преда
aynıǵısh	айнығыш	изменчивый, непо
aynıǵıshlıq	айнығышлық	изменчивость
aynıtıw	айнытыў	и. д. от - айныт- - 1)
aykıw	айкыў	и. д. от - айны- - 1) от
ayrıq	айрық	раздвоенный, вилооб
ayrıqsha	айрықша	отдельный; особый
ayrıqshalıq	айрықшалық	особенность, отлйчие
ǵan	ған	қурдасыиан айрылады погов
ayrılıw	айрылыў	и. д. от - айрыл- - 1) раздвоение; разделение; 2)
aytarlıq	айтарлық	то, что можно ска
aytarlıqtay	айтарлықтай	особый, заслу
aytQız-	айтҚыз-	см. айттыр
aytqısh	айтқыш	рассказчик; оратор;
aytlıq	айтлық	праздничный - подарок
QOSIQ	ҚОСЫҚ	айттыр- заставить спеть - песню; <0* қыз айттыр- сосватать
ayshıq	айшық	женское нагрудное
ayshılıq	айшылық	рассчитанный на
ayıǵıw	айығыў	и. д. от - айық- - 1)
ayıqtır-	айықтыр-	понуд. от - айық- - 1)
ayıqtırıw	айықтырыў	и. д. от - айық
ǵalaǵanı	ғалағаны	айып, тазы ийттиц
ayıplanıw	айыпланыў	и. д. от - айыплан- - 1) обвинение; упрёки; 2) штра
ayıplanıwshı	айыпланыўшы	1) виновный;
ayıplaw	айыплаў	и. д. от айыпла
ayıplılıq	айыплылық	см. айыпкерлик. - айыпсыз - 1) невиновный, безвйнный; 2) безукорйзненный
ayıpsızlıq	айыпсызлық	см. айыпкерсиз
ǵıda	ғыда	ҳеш нәрсе айыра алмадым
ayırmashılıq	айырмашылық	отлйчие, осо
ayırıq	айырық	разветвление, развйлина; жолдыц айырыгы развйлина дороги
ayırılıw	айырылыў	и. д. от - айырыл- I)
ayırımlıq	айырымлық	особенность
piadgmiyalıq	пиадгмиялық	академический
akrobatlıq	акробатлық	акробатический;
aktivlesiw	активлесиў	и. д. от - активлесактивизация {напр. группы, кол‘
aktivlestiriw	активлестириў	и. д. от ак
aktlew	актлеў	и. д. от актле- состав
akustikalıq	акустикалық	акустйческий
akusherkalıq	акушеркалық	акушерство;
aq	ақ	1) белый; ақ шыт белый сйтёц; ' ақ тамақ с белой шеей
ǴILT	ҒЫЛТ	белокурый;. 2) прям, и
aq-	ақ-	течь, протекать; тасып ақ
aqtı	ақты	река разлилась
aqaw	ақаў	труха, гниль внутрй де
aqbas	ақбас	бот. каролйна каспййская
aqbilek	ақбилек	камыш озёрный
aqquw	аққуў	лебедь
aqqısh	аққыш	протекающий; теку
aqla-	ақла-	1) белить, отбеливать;
aqlan-	ақлан-	возвр.-страд, от ақла
aqlanıw	ақланыў	и. д. - от ақлан- - 1)
aqlat-	ақлат-	понуд. - от ақла- - 1)
aqlattır-	ақлаттыр-	понуд. от ақлат
aqlatıw	ақлатыў	и. д. - от ақлат- - 1)
aqlaw	ақлаў	и. д. - от ақла- - 1) отбел
aqlawshı	ақлаўшы	1) маляр; жай ақ
lawshı	лаўшы	мал!1 р; 2) перен. защйтник
aqlıq	ақлық	I 1) белизна; 2) перен
aqmaq	ақмақ	дурак; / глупый; ақ
maqtıc	мақтыц	ақылы түстен кейин
aqmaqlan-	ақмақлан-	1) дурачиться, де
aqmaqshılıq	ақмақшылық	см. ақмақлық
aqpa	ақпа	текучий; <> ақпа қулақ
aqpalıq	ақпалық	текучесть
aqpashılıq	ақпашылық	см. ақпалық
aqrap	ақрап	1) астр. Скорпион; 2)
aqsa-	ақса-	хромать
aqsaq	ақсақ	хромой
aqsaqal	ақсақал	1) старейший уважае
aqsaqlıq	ақсақлық	хромота
aqsacla-	ақсацла-	прихрамывать
aqsaqlat-	ақсақлат-	понуд. от ақсақласдёлать - хромым
aqsaclaw	ақсацлаў	и. й, от ақсацла
aqsar	ақсар	эоол. мохноногий - канюк
aq-sarǵılt	ақ-сарғылт	светло-жёлтый; бе
aqsat-	ақсат-	понуд. от ақса- дёлать - хромым, доводить до хромоты;
aqsatıw	ақсатыў	и. д. от ақсат
aqsaw	ақсаў	и. д. от ақса
aqta	ақта	мёрин
aqtar-	ақтар-	1) переворачивать, пе
aqtarıl-	ақтарыл-	страд, от ақтар
iqun	иқун	ахўн {духовный сан)
aqshalata	ақшалата	см. ақшалай. - ак.1палы имеющий деньги; де
aqsham	ақшам	1) вечер; 2) ночь; ярым
aqshamlıqta	ақшамлықта	1) вечером; 2)
aqshasız	ақшасыз	не имеющий - денег
aqshasızlıq	ақшасызлық	безденежье
aqshıy-	ақшый-	1) закатываться (о
aqshıyt-	ақшыйт-	понуд. - от ақшый- - 1)
aqshıyıw	ақшыйыў	и. д. - от ақшый- - 1)
aqshıl	ақшыл	беловатый, белёсый
aqshıllaw	ақшыллаў	см. ақшыл
aqıbet	ақыбет	1) последствие, резуль
aqıy-	ақый-	вперйть - взор, смотреть
aqıyt-	ақыйт-	понуд. от ақый- за
aqıytıw	ақыйтыў	и. д. - от ақыйт
aqıyıw	ақыйыў	и. д. от ақый- смот
aqıq	ақық	перламутр; / перламут
aqıl	ақыл	ум, разум, рассудок; / ум
uaqılǵa	уақылға	кел- - одўматься; ақылым
aqılgóy	ақылгөй	ўмный; мўдрый; рас
aqılgóyli	ақылгөйли	ўмный; мўдрый;
aqıllas	ақыллас	единомышленник
aqıllas-	ақыллас-	советоваться между - собой; совещаться между собой
aqıllasıw	ақылласыў	и. д. - от ақыллас
aqıllı	ақыллы	ўмный, разўмный;
wmnıy	ўмный	человек; ақыллы отқа
aqıllılıq	ақыллылық	ўмное, разўмное
aqılsız	ақылсыз	глўпый, бестолковый;
aqılsızlıq	ақылсызлық	отсўтствие - ума;
aqılsın-	ақылсын-	ўмничать, изобра
aqılshı	ақылшы	советчик
aqır	ақыр	I кормўшка для скота
aqır-	ақыр-	1) реветь, рычать (о
aqıra	ақыра	край - арыка
aqıray-	ақырай-	1) оглядываться по
aqırayt-	ақырайт-	понуд. - от ақырай- - 1) заставить оглядываться по
aqırayıw	ақырайыў	и. д. от ақырай
aqıraqla-	ақырақла-	сердито, с бранью
aqıraclat-	ақырацлат-	понуд. от акырақла- вызвать сердитую брань
aqıraclaw	ақырацлаў	и. д. от ақыранла- набрасывание с бранью на - кого-л
aqırǵı	ақырғы	1) окончательный;
shaǵım	шағым	бериўғе жатпайды приго
aqıret	ақырет	1) рел. конец света
kórdim	көрдим	я пережил большие му
aqırı	ақыры	в - конце
aqırı-ayaǵı	ақыры-аяғы	в конце кон
aqırı-ayaǵında	ақыры-аяғында	см. ақыры
aqırın	ақырын	1) тихий; / тихо; ақы
riw	риў	тихий - ход, медленный код;
aqırınla-	ақырынла-	медлить; делать
aqırınlap	ақырынлап	тихо, постепенно
aqırıilat-	ақырыилат-	понуд. от ақы
aqırınlatıw	ақырынлатыў	и. д. от ақы
aqırınlaw	ақырынлаў	и. д. от ақырынла- - замедление
aqırınlıq	ақырынлық	медлительность
aqırıw	ақырыў	и. д. - от ақыр- - 1) рёв
qatın	қатын	ал- - жениться {букв, взять
ÓZ	ӨЗ	жуўапкершилигице ал- взять
alagadalaw	алагадалаў	и. д. от алагада
alaǵadalıq	алағадалық	рассёянность, не
alaǵatlıq	алағатлық	пестрота, разно
ala-ǵulalıq	ала-ғулалық	пестрота; бояў
alajawlı	алажаўлы	1) неодинаковый; 2)
alaq	алақ	выпуклый (о глазах);
alaqay	алақай	возглас, выраж аюсций
alaqayla-	алақайла-	громко кричать от - восторга, от радости
alaqaylaw	алақайлаў	и. д. от алақайлагрбмкий - восторженный, радост
alaqan	алақан	ладонь; қуры алақан
alaqanǵa	алақанға	сал- а) класть на ла
alaqanday	алақандай	незначительный, не
alaqanla-	алақанла-	1) брать на ладонь;
alaqanlas-	алақанлас-	взаимн. от ала
alaqanlat-	алақанлат-	понуд. от - алақанла- - 1) заставить брать на ладонь; 2)
alaqanlaw	алақанлаў	и. д. от алақанла-. - алақ-жулақ: алақ-жулақ қарапуглйво озираться
alaqla-	алақла-	1) оглядываться, пу
alaqlaw	алақлаў	и. д. от алақла
alaqshın	алақшын	доски, окружающие
alalaw	алалаў	и. д. от алала- пред
alalıq	алалық	1) пестрота; неодно
alamanlatıw	аламанлатыў	и. д. от аламан
alamanlaw	аламанлаў	и. д. о т аламанла
alamaishılıq	аламаишылық	неразберйха. - аламат - 1) прйзнак, примета;
alanǵasar	аланғасар	1) недогадливый;
alanǵasarlıq	аланғасарлық	1) недогадли
alanlatıw	аланлатыў	и. д. от аланлат
alanlaw	аланлаў	и. д. от аланла
KÓP	КӨП	погов. - берущему— и шестй
alartıw	алартыў	и. д. от аларт
alarıw	аларыў	и. д. от алар
alas-qapas	алас-қапас	суета, суматоха;
alas-qapasta	алас-қапаста	шығып кетти во
albıratıw	албыратыў	и. д. от - албырат
albıraw	албыраў	и. д. от албыра
algebralıq	алгебралық	алгебраический;
aldasıw	алдасыў	и. д. от алдас- обманывание друг - друга; совмест
aldawshılıq	алдаўшылық	обман, надува
SÓZ	СӨЗ	алды - предисловие; 2) пере
qara-	қара-	внимательно обдумать - чт о-я.; 03 алдына самостоятель
aljasıq	алжасық	ошибка; недоразуме
aljıtıw	алжытыў	и. д. от алжыт
aljıw	алжыў	и. д. от - алжы- 1 ) запу
alqımı	алқымы	қысады сапоги жмут
alqındı	алқынды	обмылок
nlqıssa	нлқысса	фольк. - начало, зачйн;
almastırıw	алмастырыў	и. д. о т алмас - тыр- - 1) обмен, замена, переме
almasıq	алмасық	гри м , местоимение;
almasıǵı	алмасығы	вопроейгельное место - имение; тартым алмасығы при
almasılıw	алмасылыў	и. д. от - алмасыл- - 1) смена, замена, обмен; 2) из
almasıw	алмасыў	и. д. от - алмас- - 1)
altaqta	алтақта	облучок
altılıq	алтылық	шестёрка (в кар т а х )
altınlaw	алтынлаў	и. д. от - алтынлазолочёнио, отделка или украшёние золотом
alshaq	алшақ	1) широко раздвйнутый
alshaqla-	алшақла-	1) отодвигать; раз
alshaqlat-	алшақлат-	понуд. от - алшақла- - 1) заставить отодвйнуть; заста
alshaqlıq	алшақлық	отдалённость, даль
alshaclaw	алшацлаў	и. д. от алшацла
alımlıq	алымлық	учёность; алымлық
ilımsaq	илымсақ	покупатель, потребй
plım-salıq	плым-салық	ист. - дань, налог;
alınıw	алыныў	и. д. от - алын- - 1) в
llıcqıra-	ллыцқыра-	брать, набирать
alıelıq	алыелық	удалённость; отда
alıstaǵı	алыстағы	в разн. знач. удалён - ный; отдалённый; находящийся
alısıw	алысыў	I и. д. от алые- I;
QIZ	ҚЫЗ	алысыў уст. родственные от - ношения, при которых допус
alıw	алыў	и. д. от - ал- - 1) взятие;
alıwshı	алыўшы	1) получатель; / по
qal-	қал-	спастй - кого-л.\ аман бол!
amanlastırıw	аманластырыў	и. д. от аман
amanlıq	аманлық	благополучие
amanshılıq	аманшылық	см. аманлық
amnistiyalaw	амнистиялаў	и. д. от амни
awıl	аўыл	хожалық әсбапларынын
anaǵurlım	анағурлым	гораздо, значйтельно; бул анағурлым жақсы это
matematikalıq	математикалық	анализ математйческий анализ
analizlew	анализлеў	и. д. от - анализлеанализйрование, анализ; қанды
analitikalıq	аналитикалық	аналитйческий;
analıq	аналық	матерйнство;/ матерйнский; аналық ақыл матерйнский
anarxiyalıq	анархиялық	анархистский;
anaw	анаў	см. - ана II
apdaǵı	апдағы	находящийся там
anketalıq	анкеталық	анкетный; анкета
arxitekturalıq	архитектуралық	ансамбль - архи
aypgawǵa	айпгаўға	ант берди он - поклялся
antalaw	анталаў	и. д. от - антала- - 1)
antlasıw	антласыў	и. д. от антлас- дача
anshalıq	аншалық	столько, настолько;
anıq	анық	хабар достоверное изве - стие; анық болды стало досто
anıqla-	анықла-	выяснять, определять;
anıqlap	анықлап	айт- говорить точно и - определённо; баратуғыныцды
anıqlama	анықлама	формулировка, опре
anıqlan-	анықлан-	ст - рад, от анықластановйться достоверно извест
anıqlanbaǵan	анықланбаған	хабар неточные
anıqlas-	анықлас-	взаим н. от анықлапомогать - выяснять, определять
anıqlastır-	анықластыр-	понуд. от анық
anıqlat-	анықлат-	п онуд. от анықлазаставить - выяснять, определять
anıqlatıw	анықлатыў	и. д. от - анықлатвыяснёние, определение чего-л
anıqlaw	анықлаў	и. д. от - анықлавыяснёние, уточнение, опреде
anıqlawısh	анықлаўыш	гр а м . определение
anıqlıq	анықлық	ясность, определён
awla-	аўла-	охотиться; ол ан аўлаўға
anǵar	анғар	русло; жаптын ацғары
acǵar-	ацғар-	1) понимать; оныц не
aytajaǵın	айтажағын	сен - ацғардын, ба?
aqǵarıw	ақғарыў	и. д. от ангар- пони
anqayt-	анқайт-	понуд. от - ацқай- - 1)
anqawlan-	анқаўлан-	1) становиться ра
aqqawsı-	аққаўсы-	прикидываться про
anqawsıra-	анқаўсыра-	быть недогадли - вым, наивным, простаком
ankawsıraw	анкаўсыраў	и. д. от анкаў- - сыра-недогадливость, найвность
anqawsıw	анқаўсыў	и. д. от ацқаўсы
acqawshılık	ацқаўшылык	см. анқаўлык
acqı-	ацқы-	доносйться, исходйть
acqırt-	ацқырт-	понуд. .от анкыр
acqırıw	ацқырыў	и. д. от ацқыр- - крик
aclamawshılıq	ацламаўшылық	1) непонима
ailawsızdan	аилаўсыздан	вдруг, неожй
ailıw	аилыў	и. д. от аилы- - выслёжнпание, слежка
ailıwshı	аилыўшы	выслеживающий, вы
airaytıw	аирайтыў	и. д. от аирайт
airayıw	аирайыў	и. д. от аирай-. - аирап: аирап жатқан дала
aisatlatıw	аисатлатыў	и. д. от аисатлат
aisatlaw	аисатлаў	и. д. от аисатлаоблегчёние
aisatlıq	аисатлық	лёгкость, простота;
aisaw	аисаў	и. д. от аиса-. - ансыз - 1) несознательный; 2)
ǵa	ға	кас погов. - неосторожность
ac-taq	ац-тақ	удивление; / удивлён
aptapqa	аптапқа	жат- лежать на солн
apuw	апуў	1 ) извинение, прощение:
apuwayı	апуўайы	простой, безыскус
júredi	жүреди	мальчик начал поне
araǵa	араға	туе- - вступаться, засту
úshew	үшеў	ара топлан- собираться
arazlıq	аразлық	1) ссора; размолвка;
araqxor	арақхор	пьяница, алкоголик
araqxorlıq	арақхорлық	пьянство, алкоюл йзм
aralasqab	араласқаб	смешанный, переме
aralıq	аралық	1) промежуток, рас
Tórtkul	Төрткул	менен Нөкистиц ара
arashalaw	арашалаў	и. д. от арашаларазни - мание {дерущ ихся или спо
tayaq	таяқ	погов. разнимающему два - удара {букв, две палки)
arbaytıw	арбайтыў	и. д. от - арбайт- - 1)
argımaq	аргымақ	аргамак (породист ая
ardaq	ардақ	1) неженка, баловень;
ardaqla-	ардақла-	1) оказывать почести;
jawǵa	жаўға	бермес тар жерде фольк
ardaqlan-	ардақлан-	ст - рад, от ардақла
ardaqlaw	ардақлаў	и. д. от - ардақла- - 1)
aryaaqlı	аряақлы	I) уважаемый; почи
arjaq	аржақ	та, другая сторона
arjaqlı	аржақлы	находящийся на - той
aristokratlıq	аристократлық	аристократйческий; аристократлық жэмийет
arifmetikalıq	арифметикалық	арифметйческий; арифметикалық мэселелер
jıynaǵı	жыйнағы	сборник арифметиче
arqa	арқа	1) спина; задняя часть
arqam	арқам	аўырады у меня болйт - спина; 2) в з н а ч е н и и послелога
arqasında	арқасында	из-за - этого, благодаря
arkanlatıw	арканлатыў	и. д. от арканлатпривязывание кого-чего-л. арка - ном, верёвкой
arkanlaw	арканлаў	и. д. от арканлапривязывание кого-чего-л. арка - ном, верёвкой
arqar	арқар	эоол. - архар, дикий гор
arqaw	арқаў	текст, утбк ткйни
arqawlıq	арқаўлық	текст, нитка, упот
arqash	арқаш	поверхность - дамбы
arqa-shıǵıs	арқа-шығыс	северо-восток
arqılı	арқылы	разе. см. арқалы
arqıra-	арқыра-	бурлить, бурно и бы
arqırat-	арқырат-	понуд. от арқыравызвать бурное и быстрое тече
arqıraw	арқыраў	и. д. от арқыра- бур - ное, быстрое течение (потока)
arlanıw	арланыў	и. д. от - арлан- - 1)
armaǵan-bermaǵan	армаған-бермаған	см. - арман
barlıq	барлық	саналы емирин халык
arnatıw	арнатыў	и. д. от - арнат- - 1)
arnaw	арнаў	и. д. от - арна- - 1) предна
arpalıq	арпалық	ячменное - поле
nreınıwshılıq	нреыныўшылық	стыдливость
qaramay	қарамай	не оглядываясь - назад;
qap	қап	жур - смотри, как бы не было
artqa	артқа	назад; артқа тартыўшы
artqı	артқы	задний; последний; алдынғыныц адасқанын артқы киси
artpaq	артпақ	поклажа, вьюк
arttırılıw	арттырылыў	и. д. от артты - рыл- I) увелйчивание; умноже
arttırıw	арттырыў	и. д. от - арттыр- - 1)
artıq	артық	1) излйшек; / лйшний;
artıqlıq	артықлық	см. артықшылық. - артықмаш - 1) лйшний, излйшний, чрезмерный; 2) особый, осо
eqmiyetke	эқмийетке	ийе бол- приобретать
artıqmashlıq	артықмашлық	1) излйшество;
artıqsha	артықша	в - особенности, осо
suluw	сулуў	койлек исключйтельно
artıqshılıq	артықшылық	см. - артықмашлық; меннсн артықшылығын
artılıw	артылыў	и . д. о т артыл
artısıw	артысыў	и. д. от - артыс- {сов
artıw	артыў	и. д. от - арт- - 1) образо
aruw	аруў	красйвая, миловйдная
arwaka	арўака	одногорбый - верблюд
arxeologiyalıq	археологиялық	археологйческий; археологиялық жер қазыў
arshıllıq	аршыллық	см. арлылық
arızlasıw	арызласыў	и. д. от арызлас-. - арық I арык
arıq	арық	II худой, тощий; сухо
arıqla-	арықла-	похудеть, отощать;
qursaǵınan	қурсағынан	арықламайды, қу
arıqlat-	арықлат-	п он уд. от арықладоводйть до истощения
arıqlaw	арықлаў	и. д. от арықла- по - худание, истощение
arıqlıq	арықлық	худоба; сухопарость
arıqsın-	арықсын-	I) казаться худым
arıqsınt-	арықсынт-	п он уд. от арыксын- считать кого-л. - худым
arıqsıntıw	арықсынтыў	и. д. о т арық
arıqsınıw	арықсыныў	и. д. от арықсын-. - арыл- - 1) очищаться; 2) изба
qayǵı	қайғы	арылды сердце успокои - лось (букв, сердце освободйлось
arıltıw	арылтыў	и. д. от - арылт- I)
asqan	асқан	сайын ч.ем - дальше, тем
qeddinen	қэддинен	ас- выйти за рамки
qulaq	қулақ	аспадым а) я не слушался
asatqısh	асатқыш	хорошо - угощающий;
asawlıq	асаўлық	I) дйкость, необъёзженность, неприручённость (ко
asqazan	асқазан	желудок
asqar	асқар	1) высота; высь; / высо
asqatıq	асқатық	молочная - приправа
asqatıqla-	асқатықла-	сдобрить пйщу
asqın-	асқын-	1) становйться высоко
asqındır-	асқындыр-	п он уд. от асқынсдёлать - высокомерным; прояв
asqınla-	асқынла-	см. асқын
askınıw	аскыныў	и. д. от асқын-. - асқыныўшылык, 1) высокомё
aspazlıq	аспазлық	кулинария, кулинар
aspanlatıw	аспанлатыў	и. д. от аспанлат
IQ	ЫҚ	зат небесное тёло; 2]^ перен
iasqasha	иасқаша	аспектте баян ет- изюжйть этот вопрос в ином - асШ'кте
assimilyaciyalaw	ассимиляциялаў	и. д. от ассимиляцияла- ассимилйрование
astaqta	астақта	доска для раскатыва
astaqırın	астақырын	потихоньку, ти
astarlıq	астарлық	подкладочная мате - рия, подкладка
asıǵıs	асығыс	спешка; / спешный
asıǵısla-	асығысла-	торопйться, спешйть
asıǵıslı	асығыслы	спешный, поспеш
asıǵıslıq	асығыслық	спешка, поспеш
asıǵıw	асығыў	и. д. от асық- - спешка
asıq	асық	альчик (кост ь для игры )
asıq-	асық-	торопйться, спешйть;
asıqqan	асыққан	асқа писер - поел, поспешйшь— людей насмешйшь
asıqlı	асықлы	имеющий - альчик, с
asıqpa-	асықпа-	мешкать, неторопйться; кетиуге асықпа- мешкать с
asıqtır-	асықтыр-	п он уд. от асық- - торопйть, заставить спешйть
asıqtırt-	асықтырт-	п онуд. от асық
asıqtırıw	асықтырыў	и. д. о т асықтыр
asıltıw	асылтыў	и. д. от асылт
asılıw	асылыў	и. д. о т - асыл- - 1) ве
óndiris	өндирис	ж. - перепроизводство;
asırǵanlıq	асырғанлық	преувеличение
shapqı	шапқы	ат беговая - лошадь; ска
atqa	атқа	отыр- сидёть на - конё; ат
JOQ	ЖОҚ	безымянный, не имеющий
KÓLDIC	КӨЛДИЦ	атын балық шығарады
MILTIQ	МЫЛТЫҚ	ат- стрелять из вин - товки, из ружья; уйректи ушардан ат- бить утку на лету;
japalaq	жапалақ	кореец атып - ал, жаманнан бойыц сатып ал погов
basqa	басқа	происходящий от другого - отца; ата салты менен по обычаю
ataq	атақ	1) слава, известность;
ataǵı	атағы	шыққан - прославленный;
ataqlı	атақлы	1) известный, просла
ataqsız	атақсыз	1) неизвестный; бес
atalıq	аталық	1) отцовство; / отцов
atarǵa	атарға	гребень (часть ткац
atqar-	атқар-	I) выполнять, испол
atqarıl-	атқарыл-	страд, от атқар
atqarıs-	атқарыс-	взаимн. от - атқар- - 1) помогать выполнять, исполН51ть, приводйть В исполнёние
atqarıw	атқарыў	и. д. от - атқар- - 1)
atqarıwshı	атқарыўшы	исполнйтель; / ис
atqulaq	атқулақ	подорожник
atqıla-	атқыла-	I) подстрёливать ко
atqılat-	атқылат-	понуд. от - атқыла- - 1) заставить подстрёливать ко
atqılatıw	атқылатыў	и. д. от атқылат
atqısh	атқыш	мёткий - стрелок
qonaqtı	қонақты	атландыр посадй гостя
atletikalıq	атлетикалық	атлетический; атлетикалық дене қурылыслы адам
atlıǵıw	атлығыў	и. д. от - атлық- - 1)
atlı-jayawlı	атлы-жаяўлы	пешие и - конные
atlıq	атлық	гр а м . имя существи
atmosferalıq	атмосфералық	атмосферный;
quwatı	қуўаты	атомная - энергия; атом
oqıwshılardı	оқыўшыларды	атпа-ат шақырды
atsızlıq	атсызлық	II безлошадность
attırıw	аттырыў	и. д. от - аттыр-;
atshoqay	атшоқай	название дикорасту
atızlıq	атызлық	место, изобйлующее
atılıw	атылыў	и. д. от - атыл-;
atılıwǵa	атылыўға	ҳуким етил- быть при
aw	аў	сеть для ловли - леща; сазан
ǵasın	ғасын	аў сеть с грузилами из - свинца; 2) охота; аў аўла- охо
aw-	аў-	1) свешиваться на одну
awdı	аўды	перевалило за - полдень;
awajaq	аўажақ	көринеди дело как будто
awǵan	аўған	жаққа куда глаза глядят
awa	аўа	м - еж д., выраж ающ ее согла
awaz	аўаз	см. ҳаўаз
awaza	аўаза	1) эхо, отголосок; 2)
qanǵa	қанға	жетти весть о его славе
awan	аўан	намерение, желание, рас
awdacla-	аўдацла-	двйгаться - неуклюже
awdaclaǵısh	аўдацлағыш	неустойчивый;
awdaqlaw	аўдақлаў	и. д. - от аўдацланеуклюжее, неповоротливое дви
awdar-	аўдар-	1) перевёртывать
awdarma	аўдарма	переводной; аўдарма
awdart-	аўдарт-	понуд. - от аўдар- I)
awdarıs-	аўдарыс-	взаим н. от - аудар- - 1) помогать перевёртывать, опро
awdarıspaq	аўдарыспақ	уст . переворот;
awdarısıw	аўдарысыў	и. д. от аўдарыс
awdarıw	аўдарыў	и. д. от аўдар
awditoriya	аўдитория	в разн. знач. ауди - тория; биринши курс аўдиториясы аудитория первого курса;
tayarlanǵan	таярланған	аўдиторияға лекция
oqı-	оқы-	читать лекцию подготов
awdır-	аўдыр-	понуд. - от аў -1) опроки
awdırıw	аўдырыў	и. д. - от аўдыр- - 1)
awqam	аўқам	!) союз; объединение;
awqamlıq	аўқамлық	союзный
awqat	аўқат	1) пйща, пропитание;
awqatı	аўқаты	нашар он живёт - бедно;
awkat	аўкат	ужин
awqatlan-	аўқатлан-	есть, кушать
awqatlanıs-	аўқатланыс-	взаим н. от аўқатлан- есть вместе с - кем-л.-, аўқатланысып кет- покушать вместе
awqatlanısıw	аўқатланысыў	и. д. от аўқатланыс
awqatlanıw	аўқатланыў	и. д. от аўқатлан- процесс еды
awqatlı	аўқатлы	зажйточный, состоя
awqatlılıq	аўқатлылық	зажйточность, со
awlaq	аўлақ	1) дальний, далёкий
awlaqla-	аўлақла-	удалять, отдалять
awlaklan-	аўлаклан-	ст - рад, от аўлақлаудаляться, отдаляться; быть уда
awlaqlat-	аўлақлат-	понуд. от аўлақлазаставить - удалять, отдалять
awlaqlatıw	аўлақлатыў	и. д. - от аўлақлатудалёние, отдаление
awlaqlaw	аўлақлаў	и. д. - от аўлақлаудалёние, отдаление
awlaqshılıq	аўлақшылық	1) отдалённость
awlas-	аўлас-	взаим н. от аўла- по
awlat-	аўлат-	понуд. от аўла- за
iúlagtır-	иүлагтыр-	понуд. от аўлат
nwllgıw	нўллгыў	и. д. от аўлат- - ловля
awlaw	аўлаў	и. д. от аўла- - ловля, охбш; оалық аўлаў рыбная ловля
iwlıq	иўлық	предназначенный - для
awma	аўма	1) сваливающийся набок;
awmaqay	аўмақай	безвольный, слабонбльиый; изменчивый, неустойчи
awmaqaylıq	аўмақайлық	безволие; измен
awmas	аўмас	волевой - человек, человёк с твёрдой волей
awmas-	аўмас-	1) обмениваться чем-л.\
awmastan	аўмастан	неуклонно, твёрдо
awmastır-	аўмастыр-	понуд. - от аўмас- - 1) обменивать, заменять одно
awmastırıw	аўмастырыў	и. д. - от аўмастыр- - 1) замена одного другйм; 2)
awmasıq	аўмасық	1) обмен, перемена;
awmasıw	аўмасыў	и. д. - от аўмас- - 1)
awna-	аўна-	1) валяться {на т раве
qalar	қалар	погов. аг шила в мешке
awnaq	аўнақ	место стоянки скота в
awnat-	аўнат-	понуд. - от аўна- 11
awnatqız-	аўнатқыз-	понуд. - от аўнат- - 1) заставить валять чт о-л. по
awnaw	аўнаў	и. д. от аўна
awruw	аўруў	болезнь, заболевание
awruwlı	аўруўлы	1) больной; 2) болез
awruwxana	аўруўхана	больнйца
awruwshılıq	аўруўшылық	болезненность
awsıl	аўсыл	ящур
awshı	аўшы	1) охотник, птицелов
awshılık	аўшылык	1) охота, охотничий
awız	аўыз	1) рот; пасть; оймақ аўыз
-awzına	-аўзына	жуқпайды быстро говорйть; аўзыца алма не говорй;
awzınan	аўзынан	тусирмейди у него с
qum	қум	қуйылғандай он как воды
juwap	жуўап	берди он небрежно бро
awzıcdı	аўзыцды	жый- - замолчать, пере
awzı	аўзы	дўло - ружья; 4) горлышко
awızba-awız	аўызба-аўыз	наедине, с глазу
awızǵı	аўызғы	находящийся у - входа;
awızdan-awızǵa	аўыздан-аўызға	из уст в - уста
awızeki	аўызеки	устно, словесно, на
awızlan-	аўызлан-	брать в рот - сосок
awızlandır-	аўызландыр-	понуд. от аўызлан- сунуть в - рот, дать в рот
awızlandırıw	аўызландырыў	и. д. от аўызландыр
awızlanıw	аўызланыў	и. д. - от. аўызлан
awızlı	аўызлы	1) большеротый; 2)
awızlıq	аўызлық	удила; аўызлық тисле- закусйть удила; аўызлығы
awızlıqla-	аўызлықла-	1) взнуздать {ло
awızlıqlat-	аўызлықлат-	понуд. - от аўызЛықла- - 1) заставить взнуздать
awıq	аўық	склонённый, переве
awıljıw	аўылжыў	и. д. - от аўылжы- - 1) сердцебиение; 2) головокру
awıl-qıslaw	аўыл-қыслаў	собир. разные се - ления, населённые пункты
awılla-	аўылла-	ездить по - аулам
awıllas	аўыллас	одноаўлец, односель
awıllaslıq	аўылласлық	соседство
awıllat-	аўыллат-	понуд. от аўыллазаставить ездить - по аўлам
awıllıq	аўыллық	аўльный; сельский;
awıcqıra-	аўыцқыра-	накреийться; еси
awıcqırap	аўыцқырап	қалған он втал в
awır	аўыр	1) в разн. знай, тяжёлый;
awır-	аўыр-	болеть, хворать
awırǵan	аўырған	1) заболевший; 2)
sırqaslanǵan	сырқасланған	жер больное мес - то
awırla-	аўырла-	1) испытывать тя
awırlan-	аўырлан-	возвр.-ст рад. от
awırlat-	аўырлат-	понуд. от - ауырла- - 1) заставить испытать тяжесть
iwı	иўы	65 ашт
pwırlittır-	пўырлиттыр-	понуд. от аўырлиг
nwırlatıw	нўырлатыў	и. д. от аўырлат
nwırlaw	нўырлаў	и. д. - от аўырла
awmrlıǵı	аўмрлығы	бес пут весом в пять - пудои; 2) трудность; тягота, тя
awırlıqsız	аўырлықсыз	1) лёгкий, нетя
awırsınıw	аўырсыныў	и. д. от ауыр
awırtpaytuǵın	аўыртпайтуғын	безболезнен
awırtıw	аўыртыў	и. д. от аўырт- при
awırıq	аўырық	грузило (из глины'
awıs	аўыс	сдвинутый - набок
awısıq	аўысық	лишний; аўысық би
awısıqlıq	аўысықлық	излишек
awısıw	аўысыў	и. д. от аўыс
awıw	аўыў	и. д. от - ау- - 1) опроки
afǵan	афған	стон; вопль; жалоба;
qayǵıdan	қайғыдан	афған шек- плакать
óledi	өледи	погов. много рыскающая
KÓZLIK	КӨЗЛИК	а) ненасытность, алчность
asharshılıq	ашаршылық	см. - ашлық; ас
qádirin	қәдирин	билмесец, ашаршылык
ashqıltım	ашқылтым	кисловатый, с кйслым прйвкусом
ashqısh	ашқыш	см. ашар
ashlıq	ашлық	голод, голодовка; го
ashnalıq	ашналық	1) знакомство; 2)
ashtırıw	аштырыў	и. Ө. о т - аштыр- - 1) открывание, раскрывание; от
ǵınan	ғынан	билинеди погов. злобу со
ashuwlan-	ашуўлан-	1) злиться, сердйться, гневаться; 2) бранить, про
ashuwlandır-	ашуўландыр-	понуд. от ашуў- - лан- - 1) разозлить, рассердить
ashuwlant-	ашуўлант-	см. ашуўландыр
ashuwlanıs-	ашуўланыс-	взаимн. от ашуў- - лан- - 1) злйться, сердйться, гне
ashuwlanısıw	ашуўланысыў	и. д. от ашуў
ashuwlanıw	ашуўланыў	и. д. от - ашуўланбрань, перебранка
ashuwlı	ашуўлы	злой, сердйтый, гнев
ashuwshaq	ашуўшақ	вспыльчивый, раздражйтельпый, запальчивый
ashuwshaqlıq	ашуўшақлық	состояние за
ashuwshan	ашуўшан	свирепый, злой (о
ashshılatıw	ашшылатыў	и. д. от аШшылат-. - ашшысын- I) испытывать не
ashshısınıw	ашшысыныў	и. д. от ашшы
ashıǵıw	ашығыў	и. д. от ашық- го
kóylek	көйлек	открытое, платье; ашық
qabaǵı	қабағы	ашык. он - вёсел, он в хо
ashıq	ашық	күн а) ясный день; б) яс
ashıq-ayırım	ашық-айырым	открыто, откровённо, явно, ясно
ashıq-	ашық-	чувствовать сильный - гблод, сильно проголодаться
ashıqlıq	ашықлық	I 1) открытое место;
ashıcqı	ашыцқы	приоткрытый, слегка
ashıcqıra-	ашыцқыра-	I приоткрывать
ashırqa-	ашырқа-	голодать
ashırqaw	ашырқаў	и. д. от ашырқа
ashırqawshılıq	ашырқаўшылық	голод, голо
ashıtqı	ашытқы	закваска (для теста);
ashıtqısh	ашытқыш	см. ашытқы
ashıttırıw	ашыттырыў	и. д. от ашыт
ashıtıw	ашытыў	и. д. от - ашыт- - 1)
ashıw	ашыў	I и. д. от ашы- 1) закисание, брожение; 2) перен. чув
ashıwlı	ашыўлы	открытый; ашыўлы
ayuw	аюў	медведь; сур аюў бурый
ayaǵı	аяғы	конечный, последний
ayazlaw	аязлаў	и . д . о т аязла- 1) за
ayaq	аяқ	1) нога; аягы аспаннан
ǵına	ғына	шекем до - конца; 3) устье
tómengi	төменги	аяғы - низовье Аму
ayaqla-	аяқла-	кончать, заканчивать
ayaqlanbaydı	аяқланбайды	дело этим не кон - чится; СӨЗИНДИ аяқла заканчи
ayaqlatıw	аяқлатыў	и . д . о т аяқлатдоведёпие до конца, доделывание
ayaqlaw	аяқлаў	и . д . о т аяқла- окон
ayaqlı	аяқлы	имеющий - ноги; с нога
ayaqsız	аяқсыз	1) безногий; 2) п е р е н
ayanıw	аяныў	и . д . о т аян
ayaclaw	аяцлаў	и . д . о т аяцла- дви
ayasıw	аясыў	и . д . о т аяс
ayaw	аяў	и . д . о т ая-: оны аяў
ayawlı	аяўлы	бережёный; аяўлы көзге
shóp	шөп	тийеди п о - го в . = у семй
ayawsız	аяўсыз	безжалостный, беспо
ayawsızlıq	аяўсызлық	безжалостность
ayawshı	аяўшы	жалеющий, сочувст
jaqsı	жақсы	очень - хорошо; 2) окон
ábigerleniw	әбигерлениў	и. д. от эбигер
ádetlendiriw	әдетлендириў	и. д. от эдетлендир
ádiplew	әдиплеў	и. д. от эдипле- под
áduwle-	әдуўле-	1) чтить, почитать
áduwlew	әдуўлеў	и. д. от әдуўле
eduwli	эдуўли	1) чтймый, уважаемый;
ájepleniw	әжеплениў	и. д. от эжепленудивлённе, изумлёние
ájep-táwir	әжеп-тәўир	удивйтельный
ejizlew	эжизлеў	и. д. от - эжизлеослабевание {напр. больного)
ájizlik	әжизлик	слабость, болезнен
ájim	әжим	морщина; бетине эжим
ÁJIMLI	ӘЖИМЛИ	морщинистый, с мор
ÁJINSLI	ӘЖИНСЛИ	сумасбродный; исте
ájwa	әжўа	шутка
ájwalaw	әжўалаў	ы. д , о т әжўала- под
ÁZIZ	ӘЗИЗ	дорогой, милый, люби
álewmet	әлеўмет	уст . народ, люди;
álewmetlik	әлеўметлик	уст . обществен
álewmetshilik	әлеўметшилик	уст . общест
ÁLIGI	ӘЛИГИ	указанный выше; тот
qashan	қашан	давно; элле қашанғы
qaydan	қайдан	неизвестно - откуда, 0 1
álpayımlıq	әлпайымлық	1) вежливость
álpeshlew	әлпешлеў	и. д. от элпешле
elwan	элўан	различный, разнообраз
elwan-álwansamıy	элўан-әлўансамый	разнообраз
emellew	эмеллеў	и. д. от эмелле
emelpazlıq	эмелпазлық	1) хитрость, лов
ánjamlaw	әнжамлаў	и. д. от энжамла
eqgimeshi	эқгимеши	рассказчик
áptiyek	әптийек	уст . Хафтияк (седь
erwaq	эрўақ	рел. душа - умершего, дух
árwaq	әрўақ	шакыр- заклинать; әрўақ
shaqırıwshı	шақырыўшы	заклинатель (якобы
erwaqlı	эрўақлы	уст . человек, обла
ásteaqırın	әстеақырын	см. эсте
áwdiygen	әўдийген	большой и неуклю
áwelgi	әўелги	прёжний; эуелгидей по
áwelemen-duwelemen	әўелемен-дуўелемен	считалка
eweli	эўели	раньше, прежде, сна
ewere	эўере	возня, беспокойство; во
áwerele-	әўереле-	1) беспокоить; 2) му
áwerelen-	әўерелен-	возвр.-страд, от
áwereleniw	әўерелениў	и. д. от эўерелен
áwerelew	әўерелеў	и. д. от әўереле- 1)
áwereshilik	әўерешилик	I) беспокойство;
áwesek	әўесек	1) желаемый; 2) редкий
áwlad	әўлад	1) племя; род; 2) потомок
áwliye	әўлийе	1) святой, подвижник;
áwliyelik	әўлийелик	1) святость, правед
áwliyeshilik	әўлийешилик	см. әўлийелик
ewpilde-	эўпилде-	реветь (о звере, о жи
áwsát	әўсәт	уст. вид поземельной
eshkaralaw	эшкаралаў	и. д. от эшкара - ла- - 1) выявление, разоблачение
áshkaralawshı	әшкаралаўшы	изобличйтель
kúldi	күлди	ме? смеялся ли (он)?;
ashılǵan	ашылған	гүлге жарасар фольк
baǵan	баған	1) столб; 2) шест
baǵana	бағана	I тогда, недавно; ол
baǵanaǵı	бағанағы	1) недавний, давеш
baǵdar	бағдар	1) русло реки; 2) напра
baǵdarla-	бағдарла-	I) направлять, да
baǵdarlan-	бағдарлан-	страд, от бағдарла
baǵdarlawshı	бағдарлаўшы	1) направля
baǵdarsız	бағдарсыз	1) не имеющий на
baǵlan	бағлан	упйтанный ягнёнок
baǵmanlıq	бағманлық	садоводческий; /са
baǵmanshılıq	бағманшылық	I) садоводство;
baǵshı	бағшы	см. бағман. - бағшылық - 1) место, где распо
baǵıl-	бағыл-	страд, от бак
baǵındır-	бағындыр-	понуд. от - багынпокорять, подчинять; заставить
baǵındırıl-	бағындырыл-	страд, от ба
ǵındır-	ғындыр-	покоряться, подчинять
baǵındırılıw	бағындырылыў	и. д. от ба
ǵındırıl-	ғындырыл-	покорение, подчи
baǵındırıw	бағындырыў	и. д. о/пбағындырподчинёние, покорение кого-чего-л
baǵınıcqı	бағыныцқы	подчиняющийся;
baǵınıslı	бағыныслы	подчинённый, на
baǵınıw	бағыныў	и. д. от багын- поко - рение, подчинение, повиновение
baǵısıw	бағысыў	и. д. от - багыс- I) уха
baǵıtsızlıq	бағытсызлық	1) отсутствие
baǵıw	бағыў	и. д. от - бақ- - 1) при
baǵıwsız	бағыўсыз	без - присмотра, без
baǵıwsızlıq	бағыўсызлық	беспризорность;
baǵıwshı	бағыўшы	присматривающий
baǵıshla-	бағышла-	посвящать, предна
baǵıshlayman	бағышлайман	я посвящаю вам
baǵıshlan-	бағышлан-	ст - рад, от бағышла- посвящаться, предназначать
ǵıshlan-	ғышлан-	посвящать, предназна
baǵıshlaw	бағышлаў	и. д. от - бағышлапосвящёние, предназначение;
qosıqtı	қосықты	достына бағышлаў по
badalǵı	бадалғы	шест, воткнутый над
badalǵır	бадалғыр	проклятый
badırayǵan	бадырайған	көз вытаращенные - глаза; бадырайып қара- смо
badıraq	бадырақ	I батрак
bajalaqla-	бажалақла-	громко - кричать
bajalıq	бажалық	отношения между - свояками, родственные отноше
toǵay	тоғай	бажбаны лесной объезд - чик; 2) ист . баджбан {чиновник
bajbanlıq	бажбанлық	занятие объездчи - ка; занятие лесника
bajıldasıw	бажылдасыў	и. д. от бажылдас
uzaq	узақ	базар базар на седьмой
bazarlıq	базарлық	подарок, гостинец
bazarlıqsız	базарлықсыз	без - подарка; без
baznalıq	базналық	панибратство
baznashılıq	базнашылық	см. базналық
sóyle-	сөйле-	говорить необдуманно. - байқағыш - 1) наблюдательный;
bayqaǵıshlıq	байқағышлық	1) наблюдатель
bayqamaslıq	байқамаслық	см. - байқаўсызЛ Ы Қ
bayqamastan	байқамастан	нечаянно
bayqas-	байқас-	взаим н. от байқа- сле - дить, наблюдать друг за дру
bayqastır-	байқастыр-	п онуд. от байқасзаставить - следйть, наблюдать
bayqat-	байқат-	п он уд. от - байка- - 1)
bayqaw	байқаў	1) и. д. от байқа- слеж
wımsha	ўымша	по мойм - наблюдениям; 2)
bayqawsızda	байқаўсызда	1) вдруг, неожйданно, внезапно; 2) врасплох
bayqawsızdan	байқаўсыздан	см. байқаўсызда
bayqawsızlıq	байқаўсызлық	невниматель - ность, неосторожность; неосмотрйтельность; байқаўсызлық етдопустйть неосторожность
bayqawshı	байқаўшы	наблюдатель
baylanıssızlıq	байланыссызлық	отсутствие
baylanısıw	байланысыў	и. д. от - байланысобщёние, связь; мнйнеткеш массасы, менен байланысыу общение
baylıq	байлық	1) в раэн. знач. богат
baypaq	байпақ	валенки: войлочные
baypaqlı	байпақлы	имеющий - валенки;
bayraq	байрақ	I знамя, флаг; Советлер Союзыныц мэмлекетлин байрагы государственный флаг Со
bayraqla-	байрақла-	I) дать приз (на
bayradlanıw	байрадланыў	и. д. от байрадлан- премирование
bayradlaw	байрадлаў	и. д. от - байрадла- - 1) дача прйза (на скачках или
bayramlaw	байрамлаў	и. д. от байрамлапразднование
bayuwlı	байуўлы	сова, фйлин, сыч
bayıw	байыў	и. д. от - байы- - 1) обога
bayıwshılıd	байыўшылыд	обогащение; байыўшылыдда берил- стремйться
bakteriologiyalıq	бактериологиялық	бактериологйческий; бактериологиялық
baq	бақ	I см. баг
KÓZIMDI	КӨЗИМДИ	айырмай аўызына бақ
baqa	бақа	лягушка; <>■ бақа тосқын
baqay	бақай	ан - ат . 1) надкопытный
baqayshıq	бақайшық	а н - ат . бабка
baqalaq	бақалақ	валик, на котором
baqan	бақан	шест (посредством ко
baqanla-	бақанла-	бить - шестом, палкой;
baqanlap	бақанлап	қуў- выгнать кого-л
baqa-túyme	бақа-түйме	нагрудные женские
baqqumar	баққумар	карьерйст
baqqumarlıq	баққумарлық	карьерйзм
baqqı	баққы	хорошо - откормленный
baqqısh	баққыш	1) смотрящий, наблю
baqsı	бақсы	народный - певец (испол
baqsılıq	бақсылық	деятельность, про
baqsıshılıq	бақсышылық	см. бақсыЛЫҚ
baqtır-	бақтыр-	понуд. от - бақ- - 1) за
baqsha	бақша	сад; огород; колхоз бақ
baqshalı	бақшалы	имеющий - сад, с са
baqshıy-	бақшый-	уставиться - глазами
baqshılıq	бақшылық	1) см. бағманлық;
baqıl	бақыл	скупой; / скряга
baqıla-	бақыла-	наблюдать, присма
baqılat-	бақылат-	понуд. от бақылазаставить - наблюдать, присма
baqılaw	бақылаў	и. д. от бақыла- на - блюдение, присмотр за кем
baqılawshı	бақылаўшы	наблюдатель; кон
baqılda-	бақылда-	квакать; бақа бақылдайды лягушка квакает
baqır	бақыр	медь; / медный; бақыр
baqır-	бақыр-	1) кричать, орать; 2)
baqıray-	бақырай-	1) таращить глаза;
baqırayt-	бақырайт-	понуд. от - бақырай- - 1) заставить вытаращить глаза;
baqıraytıw	бақырайтыў	и. д. от бақы
baqırayıw	бақырайыў	и. д. от бақы
baqırawıq	бақыраўық	криклйвый; / кри
baqırash	бақыраш	1) металлйческая ско
baqırmay	бақырмай	без - крйка, без шу
baqırt-	бақырт-	понуд. от - бақыр- - 1)
baqırtıw	бақыртыў	и. д. от - бақыр- - 1)
baqırık	бақырык	рёв; крик
baqırın-	бақырын-	возвр. от бақырругаться
baqırınıw	бақырыныў	и. д. от бақырынругань
baqırıs-	бақырыс-	взаим н. от - бақырссбриться, громко кричать друг
baqırısıw	бақырысыў	и. д. от - бакырысссбра, перебранка
baqırıw	бақырыў	и д. от - бақыр- - 1)
baqıt	бақыт	см . бахыт
baqıtlı	бақытлы	см. - бахытлы; бақытлы адам счастливый человек; ба
QITLI	ҚЫТЛЫ	заман счастливое - время
balaǵatla-	балағатла-	клеветать н а - кого
balaq	балақ	нйжняя часть - штанов;
balaqay	балақай	дйтятко; балақайым
balalatıw	балалатыў	и. д. от балалат
balalaw	балалаў	и. д. от балала- ро
balalıq	балалық	1) дётство; / дётский;
balanslaw	баланслаў	и. д. от баланслаподнедёние - баланса, баланси
balanslıq	баланслық	бух г. - балансовый;
balasızlıq	баласызлық	бездетность
bala-shaǵalıq	бала-шағалық	семейное поло
balashılıq	балашылық	ребячество
baldaq	балдақ	костыль; балдақ пенен
júr-	жүр-	ходйть на костылях
baldaqlı	балдақлы	с - костылями, на ко
baldırlaq	балдырлақ	1) человек, гово
óneri	өнери	балетное - искусство
balqı-	балқы-	П - плавиться, размяг
balqıt-	балқыт-	понуд. от - балқы- I)
balqıtıw	балқытыў	и. д. от - балқыт- - 1)
balqıw	балқыў	и. д. от - балқы- - 1) плав
balpaytıw	балпайтыў	и. д. от бал
balpayıw	балпайыў	и. д. от - балпай
balpaq	балпақ	грузный, толстый; не
balpaqlat-	балпақлат-	понуд. от - балпанла- - 1) заставить двйгаться груз
balpıldaq	балпылдақ	1) грузный, неукЛ10 ЖИЙ человек; 2) растяпа
balshıq	балшық	1) глйна; 2) жйдкая
balshıqla-	балшықла-	грязнйть, загряз
balshıqlı	балшықлы	болотистый, гряз
balshıqshı	балшықшы	кулйк (птица)
kóteriw	көтериў	балык ловля рыбы с фа - келами; балык дузла- солйть ры
ÓLIKTI	ӨЛИКТИ	бальзамла- бальзамйро
bankrotlıq	банкротлық	банкротство
JOǴIN	ЖОҒЫН	айтады - поел, имеющий го
barabarlaw	барабарлаў	и ..д . от барабарла- уравнивание
barabarlıq	барабарлық	равенство; кушлердин барабарлыгы равенство
baraq	барақ	I барак
barǵız-	барғыз-	понуд. от бар- за - ставить, позволить ходить, е з
barǵızıw	барғызыў	и. д. от барғыз- по
barjıq	баржық	мясистый, толстый
barq	барқ	звукоподраж ание к ва к а
barqash	барқаш	баркас
barqılda-	барқылда-	1) громко кричать
barqıldaq	барқылдақ	крикун, горлан, гор
barqıldas-	барқылдас-	взаим н. от - барқылда- - 1) громко кричать, орать
barqıldat-	барқылдат-	понуд. от - барқылда- - 1) заставить громко кричать
barqıldaw	барқылдаў	и. д. от - барқылда- - 1)
barqıra-	барқыра-	см. барқылда
barkırawıq	баркыраўық	см. барқылдақ
barqıt	барқыт	раза, бархат
tutılıwın	тутылыўын	барла- наблюдать за
barlastırıw	барластырыў	и. д. шп барлас
barlastırıwshı	барластырыўшы	разведчик;
barlastırıwshılar	барластырыўшылар	отряды от
barlatıw	барлатыў	и. д. от - барлат- - 1)
barlaw	барлаў	и. д. от - барла- - 1) раз
geologiyalıq	геологиялық	барлаў геологиче
barlawshı	барлаўшы	I) разведчик; 2) на
barlıǵı	барлығы	все, все вместе; бар
barmaq	бармақ	палец; бас бармақ боль
barmaqlı	бармақлы	имеющий - пальцы, с
barmaqlıq	бармақлық	палец - перчатки, ру
barmaqtay	бармақтай	как - палец; с паль
barı-joǵı	бары-жоғы	наличие, всё имею
barıldaw	барылдаў	и. д. от барылда
barın-joǵın	барын-жоғын	см. бары-жоғы
barıcqıra-	барыцқыра-	подойти - поближе
barıcqıraw	барыцқыраў	и. д. от барын
qıra-	қыра-	приближение. - барыс I барс; барыс жылы год
ǴIP	ҒЫП	ӨТ- брать барьер. - бас - 1) голова; / головной; басым аўырады у меня болйт го
qaq	қақ	бас - жестокий (букв, сухоголовый); басына ауыр ис тусти
qara	қара	бас только он - сам, он одйн
qar	қар	басты поле занесло - снегом;
qalǵan	қалған	исти қар басар погов
qesh	қеш	нәрсе жок, по этому вопросу
basqarttır-	басқарттыр-	понуд. от бас - карт-.'
baskashalıq	баскашалық	отлйчие, особен
basqıǵa	басқыға	ал- - подтрунивать, подсмёиваться; насмехаться
basqıla-	басқыла-	1) топтать, мять чпю
basqılasıw	басқыласыў	и. д. ига басқы
basqılat-	басқылат-	понуд. от - басқыла- - 1) заставить топтать, мять
basqılaw	басқылаў	и. д. от басқы
basqınshı	басқыншы	1) захватчик; фашистлер басқыншылары фашист
basqınshılıq	басқыншылық	1) захватниче
basqısh	басқыш	1) лестница; 2) сту
basqıshlı	басқышлы	ступенчатый
ǵarıwdı	ғарыўды	басла- предпринять из
baslanǵısh	басланғыш	начальный; первич
waqıttan	ўақыттан	баслап мен оныц менен
baslapQI	баслапҚЫ	см. - басқы III
baslatıw	баслатыў	и. д. от - баслат- - 1) на
baslaw	баслаў	I) и. д. от басла- начи
baslawshı	баслаўшы	1) инициатор; зачин
baslawshılıq	баслаўшылық	почйн, зачйн
baslawısh	баслаўыш	ерам, подлежащее
baslıq	баслық	I I) начальник, руко
baslıqla-	баслықла-	поставить новые го - ловки; наложить союзки (на
baslıqlat-	баслықлат-	понуд. от баслық
baslıqla	баслықла	ў и. д, от баслықлабаспа издательство; / издатель
baspaq	баспақ	годовалый - телёнок;
ÓGIZDIC	ӨГИЗДИЦ	отын - отлап, баспақтық
baspashılıq	баспашылық	1) ист. басмаче
bassızlıq	бассызлық	безначалие
bastırıq	бастырық	попона {для лоша
bastırıqla-	бастырықла-	накрывать {ло
basımlıq	басымлық	1) преимущество
basımshılıq	басымшылық	см. басымлық
basındırıw	басындырыў	и. д. от басындыр- пренебрежительное отно
basınıw	басыныў	и. д. от басын- пренебрежйтельное отношение к ком у-чем у-л. - басыцқы - 1) подчинённый, тот
wilim	ўилим	басыцқы у меня подав
basıw	басыў	и. д. от - бас- - 1) давле
suwǵa	суўға	батып кет- погрузйться в - воду; жақсылық суўға батпас йо
ǴIN	ҒЫН	батарея батарея парового
batpaq	батпақ	болото, топь; грязь;
batpaqqa	батпаққа	бат- увязнуть в болоте
batpaqla-	батпақла-	вязнуть, увязать
batpaqlaw	батпақлаў	и. д. от батпақлаувязание в грязй
batpaqlı	батпақлы	болотистый, топкий;
batpaqlıq	батпақлық	болотистая мест - ность, топкое место
mısqallap	мысқаллап	шығады погов. бо
batpanlıq	батпанлық	весом в - батман;
batınıw	батыныў	и. д. от батын
batırlıq	батырлық	смелость, храбрость
qalalar	қалалар	алады - поел, смелость го
batırshılıq	батыршылық	см. батырлық
batırıw	батырыў	и. д. от - батыр
batıstırıw	батыстырыў	и. д. от батыстыр- - погружение, потопление
batısıw	батысыў	и. д. от батыс- погру - жение, потопление вместе с кем-л
batıw	батыў	и. д. от - бат- - 1) погру
baw	баў	1) повязка; привязь; ве
úzik	үзик	баў верёвка для привязы
bawla-	баўла-	связывать, вязать (сно
bawlas-	баўлас-	вэаимн. от баўла- свя - зывать, вязать (снопы) вместе
bawlasıw	баўласыў	и. д. от баўлас- свя - зывание (снопов) вместе с кем-л
bawlat-	баўлат-	понуд. от баўла- за
bawlattır-	баўлаттыр-	понуд. от баўлат
bawlatıw	баўлатыў	и. д. от баўлат- свя - зывание (снопов)
bawlaw	баўлаў	и. д. от баўла- связы - вание (снопов)
bawlıq	баўлық	1) свясло (соломенный
bawlıqlı	баўлықлы	1) связанный, завя>
bawlıqsız	баўлықсыз	1) не связанный, не
bawızla-	баўызла-	перерезать - горло, за
bawızlan-	баўызлан-	страд, от баўызлабыть зарезанным
bawızlat-	баўызлат-	понуд. от баўызлазаставить перерезать - горло, за
bawızlaw	баўызлаў	и. д. от баўызлауббй. - баўызлык, то место горла, по
bawır	баўыр	1) печень; баўыр қурт на
bawırıca	баўырыца	тарт- быть на стороне - родственника; баўырыца басобнять, прижать к груди; тас
bawıray	баўырай	склон - горы; таў ба
wırayı	ўырайы	косогор; кун шуўақ бауырай С-олцёчцый склон горы
bawırla-	баўырла-	прижиматься, при
bawırlaslıq	баўырласлық	кровное - родство
bawırlasıw	баўырласыў	и. д. о т баўырлас
bawırmal	баўырмал	см. баўырман. - баўырман - 1) добрый, отзывчи
bawırmanlıq	баўырманлық	1) доброта, от
bawırmanshılıq	баўырманшылық	см. баўырманлық
bawırsaq	баўырсақ	баурсаки {печенье в
baxıtlılıq	бахытлылық	счастье, удачли
baxıtsızlıq	бахытсызлық	1) несчастье; бахытсызлығыма қарсы к моему
oǵada	оғада	улкен ценность этого кам
sóylesec	сөйлесец	баҳақ кетеди - поел. ^
law	лаў	керек? как расценить такой
lılıǵın	лылығын	анықла- определить
bashqurt	башқурт	башкйр; / башкир
bayaǵı	баяғы	1) тот самый, упомяну
bayanlawshı	баянлаўшы	рассказчик
bále-qaza	бәле-қаза	собир. разные бед
beitlew	бэитлеў	и. д. - от бәнтле- 1) за
beqgi	бэқги	1) наркоман; 2) человек
beqgilen-	бэқгилен-	быть одурманенным
berqulla	бэрқулла	см. бәрҳа
úyine	үйине	қайтып келди - ме? да раз
bedew	бедеў	I) арабская лошадь (буке
qaradı	қарады	они уставились друг на
bezildesiw	безилдесиў	и. д. от безилдеспроявлёние сильного беспокой
QIZI	ҚЫЗЫ	м - иф . гурия (букв, дёвушка восьми раёв)
bekkemletiw	беккемлетиў	и. д. от беккем
belbew	белбеў	кушак, пояс; қайыс
belbewle-	белбеўле-	подпоясывать, опоя
belbewlew	белбеўлеў	и. д. от белбеўлеподпоясывание
belbuwar	белбуўар	пояс; суў белбуўардан
qamınıc	қамыныц	белгиси серп и - молот
jumısqa	жумысқа	белгиле- определять на - работу; кеселди белгиле- опре
belgiletiw	белгилетиў	и. д. от белгилет
belgilew	белгилеў	и. д. от - белгиле- - 1)
beldew	белдеў	верёвка, которой опоя
sırtqı	сыртқы	белдеў внешний пояс - юрты; белдеўде бес ат байлаўлы
beldewle-	белдеўле-	опоясывать юрту
beldewlew	белдеўлеў	и. д. от белдеўлеопоясывание юрты верёвкой
bellesiw	беллесиў	I) и. д. от беллес-;
qolıcdaǵını	қолыцдағыны	бер дай мне - то
zuráát	зурәәт	береди земля даёт хоро
sudqa	судқа	бер- отдать под - суд; баҳа
OQIP	ОҚЫП	бер- прочитать кому-л.. - письмо; сатып бер- продать
maǵan	маған	бересиц бар ты мне - должен
berjaq	бержақ	эта - сторона; бержақта
berjaqtan	бержақтан	с этой стороны. - бери - 1) по эту сторону; жаптыи
bermanıraq	берманырақ	поближе - сюда; бери
tiyaǵa	тияға	берилгенлик преданность
bermandaǵı	бермандағы	близлежащий, на
JILLIQ	ЖЫЛЛЫҚ	а) пятилетие; б) пяти
quday	қудай	урган табаққа бес қол тус
besewlew	бесеўлеў	и. д. от бесеўле
bestoǵıs	бестоғыс	весенний - период
betbaq	бетбақ	разе, негодяй, мерза
betbaqlıq	бетбақлық	нйзость, мерзость
betpaq	бетпақ	см. бетбақ
bibliografiyalıq	библиографиялық	библиогра - фический
biyazarlıq	бийазарлық	1) скромность
biybaq	бийбақ	несчастный, несчастли
biybaqlıq	бийбақлық	несчастье
biybastaq	бийбастақ	шалун, баловник
biybastaqlıq	бийбастақлық	1) озорство; 2)
biyganashılıq	бийганашылық	1) отчуждён
biygayratlıq	бийгайратлық	инертность, вя
biydayıq	бийдайық	I ветошь
biydayıqla-	бийдайықла-	подкладывать ве - тошь (п ри ст ёж ке одеж ды)
biydarıq	бийдарық	неуместный; / не
biydarıqlıq	бийдарықлық	неуместность. - бий 104 бий
qawın	қаўын	безвкусная дыня
biyjaǵday	бийжағдай	некстати, не вовре
biyjaǵdaylan-	бийжағдайлан-	беспокоиться
biyjaǵdaylanıw	бийжағдайланыў	и. д. от бийжағдайлан- беспокойство о - ком
biyjaylıq	бийжайлық	I) беспокойство;
biyjuwap	бийжуўап	без - разрешения;
biyzarlaw	бийзарлаў	и. д. от - бийзарлабеспокбйство, надоедание
biyikletiw	бийиклетиў	и. д. от - бийиклетповышёние, возвышение
qus	қус	улкен бийикликте ушады
tawdın	таўдын	бийиклиғи высота горы
biyinsaplıq	бийинсаплық	1) нечестность;
biykarǵa	бийкарға	понапрасну; даром
byykarǵa	бййкарға	тынышым кеткен екен
biykarshılıq	бийкаршылық	см. бийкарлық. - бийке: қайын бийке старшая
biyqarar	бийқарар	1) нерешйтельный;
biyqarıw	бийқарыў	слабый, бессйльный
biyqarıwlıq	бийқарыўлық	слабость, бессйлие
biyqárejetlik	бийқәрежетлик	безденежье
biyqunt	бийқунт	1) беззаботный; 2)
biyquntlıq	бийқунтлық	1) беззаботность;
biyletiw	бийлетиў	I и. д. от бийлет
biylew	бийлеў	I и. д. от бийле- I
biylewshi	бийлеўши	I танцующий, пля
biylewshilik	бийлеўшилик	администрйрование. - бийлик I) власть; мэмлекет
biymazalıq	биймазалық	1) отсутствие вку
biymazashılıq	биймазашылық	см. биймазалық
biyparwa	бийпарўа	жүр- держаться без - заботно, беспечно; шапканы
biyparwalıq	бийпарўалық	1) беспечность
biytaqat	бийтақат	1) нетерпелйвый; по
biytaqatshılıq	бийтақатшылық	1) нетерпение
biytaplanıw	бийтапланыў	и. д. от бийтап
biytapshılıq	бийтапшылық	см. бийтаплык.. - бийтэлим - 1) невоспитанный;
biytlew	бийтлеў	и. д. от бийтле
biywaqıt	бийўақыт	не - вовремя, несвое
biywaqıtlıq	бийўақытлық	несвоевремен - ность, безвременность
biywapa	бийўапа	1) не держащий слова
biywatan	бийўатан	уст. - батрак, обра
biywatanlı	бийўатанлы	см. бийўатан
biywejlik	бийўэжлик	пустословие
biysharalıq	бийшаралық	1) бедность; 2)
rwsskiy	рўсский	язык; мен оныц нийетин
ÓZINIC	ӨЗИНИЦ	нийетин билдирди он
xalıq	халық	билимлендириу белими
bilimpazlıq	билимпазлық	учёность
qosıqlarda	қосықларда	Пушкиннии, тэсири
qıyınshılıqta	қыйыншылықта	билинеди погов
biografiyalıq	биографиялық	биографйческий
úyi	үйи	однодневный дом - отдыха;
mısqal	мысқал	золотник (мера веса)
biraq	бирақ	союз а, но, однако; тем
biraqta	бирақта	союз - но, однако
birdeqe	бирдеқе	нечто, что-то, кое
saqalında	сақалында	бирец-саран ағы бар
birew	биреў	келди кто-то пришёл
birewle-	биреўле-	делать что-л. по од - ному, в колйчестве одного
birewlep	биреўлеп	по - одному; биреўлеп
-ekewlep	-екеўлеп	келди приходили по од
birewleri	биреўлери	одни, некоторые
birewlew	биреўлеў	и. д. от биреўле
birigiw	биригиў	и. д. от бирик- объе - динение, слияние, соединение
qayshı	қайшы	келетуғын - противоречйвый; бирине-бири қайшы келетуғын мэплер противоречйвые
boǵawı	боғаўы	з - брань, ругань; / б р а н
bozlaw	бозлаў	и. от бозла- - кри к
boydaqlı	бойдақлы	қ - холостяцкий; бой
boysınbawshılıq	бойсынбаўшылық	неповинове - ние, неподчинение
boysınıwshılıq	бойсыныўшылық	повиновение
qırıw	қырыў	бойынша по - вызову;
wede	ўэде	бойынша согласно обеща - нию; оныц жумысы бойынша
boq	боқ	навоз; отбросы
boqawız	боқаўыз	1) см. боғаўыз; 2)
boqjama	боқжама	ковровый чехол для
boqjamala-	боқжамала-	класть что-л. в
boqla-	боқла-	ругйть, бранить, ру
boqlas-	боқлас-	взаимн. от - бокларугать, бранить друг друга;
boqlasıw	боқласыў	и. д. от боқлас- пе
boqlat-	боқлат-	понуд. от боқла- за
boqlatıw	боқлатыў	и. д. от боқлат- ру - гань, брань
boqlaw	боқлаў	и. д. от боқла- - ругань
boqlawshı	боқлаўшы	сквернослов
boqlıq	боқлық	место, где много навоза
qalay	қалай	да - болса а) как бы то ни
uyıqlaǵan	уйықлаған	болып прикинувшись - спящим; 7) заканчивать что-л.\
ǵıca	ғыца	болмайман сйлой ты меня
bolayıqdavayte	болайықдавайте	скорее закончим
bolmaǵan	болмаған	а) неладный; несклад
bolajaqtı	болажақты	болжаў керек надо
taǵı	тағы	будущее. - болар-болмас - 1) чуть-чуть
bolarlıq	боларлық	достаточный
boljaw	болжаў	и. д. от болжа- предпо - ложение, предвидение; догадка
bolımsızlıq	болымсызлық	никчёмность, ни
bolıslıq	болыслық	ист . волостной;
bolısıw	болысыў	и. д. от болыс- - заканчиваиие, завершёние чего-л
bombalaw	бомбалаў	и. д. от бомбала
boraw	бораў	и. д. от - бора
QOLIM	ҚОЛЫМ	бос емес мне - некогда, мне
bosaǵa	босаға	1) порог; 2) дверная
bosaqla-	босақла-	ослабевать, развязы
bosaqlaw	босақлаў	и. д. от - босанлаослаблёние (напр. пояса, ве
bosaclıq	босацлық	1) слабосилие; 2) пе
bosaqsı-	босақсы-	чуть-чуть - ослабевать
bosaqsıt-	босақсыт-	п онуд. от босансычуть-чуть - ослабить (напр. пояс
bosatqız-	босатқыз-	п он уд. от босат
bosqa	босқа	напрасно, зря, попусту;
boslıq	бослық	1) незанятость (напр
bostanlıq	бостанлық	свобода, воля
bostanshılıq	бостаншылық	см. бостанлық
botalaq	боталақ	верблюжбнок; ботақан
botalaw	боталаў	и. д. от - ботала-рождёние (верблюж онка)
botqa	ботқа	1) каша; 2) перен. неразберйха
boyaq	бояқ	I поплавбк (рыболовной
boyaqshı	бояқшы	см. бояўшы
boyaqshılıq	бояқшылық	см. бояўшылық
boyalǵısh	боялғыш	предмёт, быстро под
boyalıw	боялыў	и. д. от боял- краше
boyaw	бояў	красная - краска; кок бояу
boyawshı	бояўшы	красильщик; маляр
boyawshılıq	бояўшылық	профессия - краейльщика; профессия маляра;
bogeliw	богелиў	и. д. от богел
bógesiw	бөгесиў	и. д. от - богес- - 1) ока
bogetiw	богетиў	и. д. от богет
bogew	богеў	и. д. от - боге
bokteriniw	боктериниў	и. д. от боктеринприкреплёние к торокам
bókteriw	бөктериў	и. д. от боктер- - приторачивание, прикрепление к
uyqımdı	уйқымды	торт болдим я ни днём
boldiriw	болдириў	и. д. от болдир
bólekleniw	бөлеклениў	и. д. от - белеклен- - 1) деление, разделение (напр. на
bóleklesiw	бөлеклесиў	и. д. от белеклес
belekletiw	белеклетиў	и. д. от - белеклет
bóleklew	бөлеклеў	и. д. от - белекле- - 1) расчленение, разде.тёние чего
beleksiniw	белексиниў	и. д. от белексин
bóleniw	бөлениў	и. д. от - белен
bólesiw	бөлесиў	и. д. от - белес
belew	белеў	и. д. от беле- завёртыва - ние (ребёнка)
oqıw	оқыў	белими учебная - часть; эскерий белимлер военные части; атлы
ortaq	ортақ	белим мат. знаменатель
qor	қор	неделймый - фонд
bólindi	бөлинди	м - ат . чйстное
bóliniw	бөлиниў	и. д. от - белин- - 1) де
bóliniwshi	бөлиниўши	м - ат . делймое; ен
bóliniwshilik	бөлиниўшилик	м - ат . делймость
bóliqki	бөлиқки	отделённый, разделён
bólis	бөлис	делёж
bólisiw	бөлисиў	и. д. от - белис- - 1) деле
beliw	белиў	и. д. от - бел- I) деление
qaray	қарай	бөлиўдич социалистлик
bóliwshi	бөлиўши	1) делящий: распреде
bóliwshilik	бөлиўшилик	разделение; рас
belshekletiw	белшеклетиў	и. д. от белшек - лет- - 1) раздробление, разделе
bólsheklew	бөлшеклеў	и. д. от - белшекле- - 1) дробление, разделение (на
bertiw	бертиў	и. д. от берт- набуха - ние, распухание
bóten	бөтен	чужой, посторбнний;
bótenle-	бөтенле-	чуждаться, обособ
bótenlew	бөтенлеў	~и. д. от бөтенлеотчуждёние, обособление
bótenlik	бөтенлик	отчуждённость, обосббленность
bótensire-	бөтенсире-	казаться - чужим
bótensiret-	бөтенсирет-	понуд. от бөтенсире- - отстранять, обижать как
bótensirew	бөтенсиреў	и. д. от бөтенсире
brigadalıq	бригадалық	бригадный; бригадалық усыл бригадный метод
bron'law	броньлаў	и. д. от броньлабронйрование
buǵaq	буғақ	1) мед. зоб; 2) вторбй
buǵaqlı	буғақлы	1) имеющий зоб, зо
buǵaw	буғаў	1) окбвы, кандалы; 2)
buǵawla-	буғаўла-	1) закбвывать кого
buǵawlan-	буғаўлан-	ст - рад, от буғаўла
buǵawlat-	буғаўлат-	п онуд. от - буғаўла- - 1) заставить закбвывать кого-л
buǵawlatıw	буғаўлатыў	и. д. от - буғаўлат- - 1) закбвывание кого-л. в окбвы
buǵawlaw	буғаўлаў	и. д. от - буғаўла- - 1)
buǵawlı	буғаўлы	1) закбванный в окб
buǵasha	буғаша	1) молодбй бычбк; 2)
buǵı	буғы	самец оленя или - марала
buǵıw	буғыў	и. д. от - буқ- - 1) нагиба
buǵısha	буғыша	молодбй олень или
budırayıw	будырайыў	и. д. от будырай-. - будыр-будыр - 1) колмйстая
budırlanıw	будырланыў	и. д. от будыр
buzaqı	бузақы	1) смутьян, дебошйр;
buzaqılıq	бузақылық	1) дебошйрство;
buzaqıshıl	бузақышыл	см. бузақы
buzawlaw	бузаўлаў	и. д. от бузаўла
buzawlı	бузаўлы	имеющая - телёнка, с
buzawsız	бузаўсыз	не имеющая телён - ка, без телёнка (о корове)
buzıqlıq	бузықлық	разврат, распут
buzılısıw	бузылысыў	и. д. о т бузылыс
buzılıw	бузылыў	и. д. от - бузыл- - 1)
buzıw	бузыў	и. д. от буз- - порча
buzıwshı	бузыўшы	I) разрушитель; 2)
buzıwshılıq	бузыўшылық	1)разрушенность;
buyralaw	буйралаў	и. д. от буйралазавйвка волос
buyrıq	буйрық	приказ, распоряже
dawıs	даўыс	повелйтельный - голос; буйрық фейил грам. повелйтельное
buyrıqsız	буйрықсыз	самовольно, без
buyıǵıw	буйығыў	и. д. от - буйық- - 1)
buyıq-	буйық-	1) замерзать, засты
buyıqtır-	буйықтыр-	понуд. от - буйық- - 1) заморозить; 2) вызвать дре
qanday	қандай	буйымлар - берди? какйе
buyırıqlı	буйырықлы	предназначенный
buq-	буқ-	1) нагибаться, пригибать
buq	буқ	дейди погов. сам на верблю
buqqı	буққы	засада; буққы таслап
buqqıla-	буққыла-	м ногокр. от - буқ- - 1) нагибаться, пригибаться; 2)
buqqıshla-	буққышла-	см. буққыла
buqtır-	буқтыр-	понуд. от - буқ- - 1)
buqtırıw	буқтырыў	и. д. от - буқтыр- - 1)
bulaq	булақ	родник, ключ
buldıraw	булдыраў	и. д. от булдыра
buldırıq	булдырық	рябчик (ст епной)
buljımaw-	булжымаў-	не - меняться, не
buljıttırmaw	булжыттырмаў	и. д. от бул
buljıttırıw	булжыттырыў	и. д. от бул
bulkaradaǵı	булкарадағы	находящийся в
bulqgbulq	булқгбулқ	ет- - шарахнуться, рва
bulqı-	булқы-	1) шарахнуться в сто
bulqın	булқын	хомут для - быка
bulqın-	булқын-	дёргаться, стараться
bulqınt-	булқынт-	понуд. от булқынзаставить дёргаться
bulqınıw	булқыныў	и. д. от булқындёрганье
bulqıs-	булқыс-	взаимн. от - булқы- - 1) шарахнуться в сторону (о
bulqıt-	булқыт-	понуд. от булқы
bultaq	бултақ	колебание; / извили
bultaqla-	бултақла-	1) раскачиваться
bultaqlat-	бултақлат-	понуд. от - булта
qla-	қла-	1) раскачивать, поворачи
bultaqlıq	бултақлық	увёртка, уловка;
bultaqshı-	бултақшы-	увёртываться, ус
bulshıq	булшық	мышца, мускул; булШЫҚ ет мышца
bulshıqlı	булшықлы	мускулистый
qaldırmayman	қалдырмайман	я этого дела так
buraǵısh	бурағыш	см. бурры
buralqı	буралқы	1) чужбй, пригуль
buralqılıq	буралқылық	бродяжничество
buralıw	буралыў	и. д. от бурал
buraqla-	бурақла-	1) кбрчиться; изви
buranlaw	буранлаў	и. д. от - бурақла- - 1)
buratıw	буратыў	и. д. от бурат- кру - чение, верчение, вращение; за
buraw	бураў	1) и. д. от бура- верче
burawshı	бураўшы	бурйльщик
burǵı	бурғы	сверлб, бурав
burǵıla-	бурғыла-	бурйть, сверлйть
juaziya-demokratiyalıq	жуазия-демократиялық	револю
burjuaziyalıq	буржуазиялық	буржуазный;
burjuaziyaLIQ	буржуазияЛЫҚ	революция бур
burjuaziyashıllıq	буржуазияшыллық	поддёрживающий буржуазйю
burq	бурқ	звукоподраж - ание, в ы р а
-burq	-бурқ	шац пыль (поднялась)
burqasınla-	бурқасынла-	выть, бушевать
burqasınlat-	бурқасынлат-	пон уд. от бур
burqı-	бурқы-	подниматься клуба - ми; шац бурқыды или бурқы
burqılda-	бурқылда-	1) бурлйть, изда
burqıldap	бурқылдап	қайна- бурно - кипеть;
burqıldat-	бурқылдат-	понуд. от бур
burqıra-	бурқыра-	валить - клубами (о
burqırat-	бурқырат-	п онуд. от бурқы- - ра-; шап бурқырат- вздымать
qırattı	қыратты	он сйльно дымйт па
burqıraw	бурқыраў	и. д. от - бурқыра
burmalaǵısh	бурмалағыш	склонный к из - вращению, искажению
burmalawshı	бурмалаўшы	1) извращающий
burnaǵı	бурнағы	позавчера; третьего
burshaq	буршақ	1) горох; / гороховый;
burshaqla-	буршақла-	идтй (о граде)
burılıw	бурылыў	и. д. от бурыл
burımlaw	бурымлаў	и. д. от бурымларасплетание косы
burınıraq	бурынырақ	несколько рань - ше; қорққан бурын жудырықлар
burındaǵı	бурындағы	прежний; давний
buw-	буў-	1) завязывать, связывать;
buwaz	буўаз	беременная (о ж и вот
buwazaq	буўазақ	стекло для керосино
buwazlıq	буўазлық	беременность (ж и
buwaldır	буўалдыр	мгла; / мглйстый;
buwaldırlan-	буўалдырлан-	покрываться - мглой; становйться пасмурным
buwaldırlanıw	буўалдырланыў	и. д. от бу
buwam	буўам	мешок (не наполненны й
buwamla-	буўамла-	брать, измерять
buwat	буўат	вязанка, связка; кйпа
buwdaq	буўдақ	клубы; буўдақ-буўдақ
buwdaqla-	буўдақла-	валйть (о дыме, о
buwdaqlat-	буўдақлат-	п онуд. от буўдақ
buwdaqlaw	буўдақлаў	и. д. от буўдақла
buwdan	буўдан	конь-метйс
buwdır-	буўдыр-	п онуд. о т - буў- - 1) за
buwdırıw	буўдырыў	и. д. от - буўдыр- - 1)
buwlıǵıw	буўлығыў	и. д. от буўлық- дав - ление, сдавливание
buwlıq-	буўлық-	давйть, сдавливать
buwlıqqan	буўлыққан	прям , и перен. сдав
buwna-	буўна-	см . буўынла
buwnaq	буўнақ	1) сочленение; колено;
buwra	буўра	двугорбый - верблюд
buwrıl	буўрыл	чалый, белый с корйчневыми пятнами (о м аст и лоиш
buwıl-	буўыл-	ст - рад, от буў- 1)
buwılǵansı-	буўылғансы-	делать - вид, что
buwılıw	буўылыў	и. д. от - буўыл- - 1)
buwın	буўын	I 1) сустав; жилик
buwını	буўыны	ЖОҚ гйбкий - танцор, танцбвщица
buwın-	буўын-	возвр. от - буў- - 1) завя
buwındır-	буўындыр-	п онуд. от - буўын- - 1) завязать; 2) удушйть
buwındırıw	буўындырыў	и. д. от - буўындыр- - 1) завязывание; 2) уду
buwınla-	буўынла-	1) разбивать, расчле
buwınlaw	буўынлаў	и. д. от - буўынла- - 1)
buwınlı	буўынлы	1) состоящий из
buwınıw	буўыныў	и. д. от - буўын- - 1)
buwıs-	буўыс-	взаим н. от - буў- - 1)
buwıw	буўыў	и. д. от - буў- - 1) завязы
buyaq	буяқ	разе, эта сторона; этот
bugiliw	бугилиў	и. д. от бугил
ǵana	ғана	тамақ - пища, достаточная
búgiw	бүгиў	и. д. от бук- - сгибание
SHIǴIP	ШЫҒЫП	ас ишпейди он не ест - дбсыта; буйирим шықты ғой!
SHIQTI	ШЫҚТЫ	баран оказался жир
bukireyiw	букирейиў	и. д. от букирей
búkireqle-	бүкиреқле-	немнбго согнуть - ся, ссутулиться
búkleniw	бүклениў	и. д. от - буклен- - 1)
búklesiw	бүклесиў	и. д. от - буклес- - 1)
búklestir-	бүклестир-	понуд. - от бүклес- - 1) заставить помогать при свёр
búklew	бүклеў	и. д. - от бүкле- - 1) свёр
búktir-	бүктир-	понуд. от бүк- сги - бать, подгибать, перегибать
búktiril-	бүктирил-	страд, от бүк- сги
búktiriw	бүктириў	и. д. оягбүктир
búkshenle-	бүкшенле-	см. бүкирей
búkshiy-	бүкший-	1) корчиться, съё
búkshiyiw	бүкшийиў	и. д. - от бүкший
búl-	бүл-	1) разрушаться, портить
búlbil	бүлбил	соловей; бүлбилдей
búlgin	бүлгин	мятеж, бунт, смута
búlginshilik	бүлгиншилик	1) разрушение
búldir-	бүлдир-	понуд. - от бүл- - 1)
búldirge	бүлдирге	петля у рукоятки
búldirgi	бүлдирги	1) вражда; ол арамызға бүлдирги салды он посе
búldirgish	бүлдиргиш	1) разрушйтель;
búldirgishlik	бүлдиргишлик	подрывная, ди
búldiriw	бүлдириў	1) и. д. от бүлдир-;
búldiriwshi	бүлдириўши	см. булдиргиш
búlik	бүлик	см. бүлгин
búlikshi	бүликши	мятежник, смутьян
búlin-	бүлин-	страд, от бүл- 1)
búlinshilik	бүлиншилик	см. бүлгиншилик
búlk	бүлк	звукоподражание - бульк;
búlkilde-	бүлкилде-	1) колыхаться (о
búlkildek	бүлкилдек	то, что мерно бьёт
búlkildet-	бүлкилдет-	понуд. от бүл- - килде- - 1) колыхать (что-л. мяг
búltik	бүлтик	бугорбк, нербвность
búltikli	бүлтикли	имеющий - нербвности
búltiksiz	бүлтиксиз	без - бугоркбв, без
búr-	бүр-	1) делать складки, сббрки;
búrge	бүрге	блоха
búrgele-	бүргеле-	завестй - блох
búrgelen-	бүргелен-	страд, от бургелезавестйсь (о блохах)
búrgelew	бүргелеў	и. д. от бүргеле
búrgeli	бүргели	блошйный
búrdir-	бүрдир-	1) понуд. от бүр-;
buriliw	бурилиў	и. д. от - бурил
bıǵan-jıǵan	быған-жыған	1) суматоха; 2)
ǵan-jıǵan	ған-жыған	на озере множество
bıjkaw	быжкаў	и. д. от быжна- кишёние. - быжыл - 1) шипение; 2) кипение
bıjıldaq	быжылдақ	бо.птун
bılamıq	быламық	жйдкая - похлёбка
bılbıraw	былбыраў	и. д. от - былбыра- - 1) размякание; 2) перен. раски
bılǵa-	былға-	1) махать (напр. рукой
ǵaydı	ғайды	поел, паршивая овца всё
bılǵala-	былғала-	перемёшивать, смё
bılǵalaǵısh	былғалағыш	мешалка
bılǵalaqla-	былғалақла-	1) извиваться
bılǵalan-	былғалан-	страд, от былғалаперемёшиваться, смешиваться
bılǵalaw	былғалаў	и. д от - былғалаперемёшивание, смёшивание
bılǵan-	былған-	возер. от былға
bılǵanǵanlıq	былғанғанлық	засорённость
bılǵant-	былғант-	понуд. от былған-. - былғаншық - 1) перемёшанный;
bılǵanıs	былғаныс	1) слякоть, грязь; 2)
bılǵanıw	былғаныў	и. д. от былған
bılǵacla-	былғацла-	извиваться {напр
bılǵanlat-	былғанлат-	понуд. от былғанла- заставить - извиваться; тил
bılǵaclat-	былғацлат-	высовывать - язык
bılǵaclaw	былғацлаў	и. д. от былғақла
bılǵarı	былғары	выделанная - кожа
bılǵas-	былғас-	взаимн. от - былға- - 1)
bılǵastı	былғасты	онй махали - руками;
bılǵastır-	былғастыр-	понуд. от былғас
bılǵaw	былғаў	и. д. от - былға- - 1)
bılǵawısh	былғаўыш	1) мешалка, то
bılq	былқ	подраж ат ельное - слово
bılq-sılq	былқ-сылқ	подраж ат ельное - слово, означающ ее расслаблен
qaldı	қалды	он вдруг - обессйлел, он неожйданно упал, сразу свалйлся
bılqılda-	былқылда-	1) трястйсь, коле
bılqıldaq	былқылдақ	1) трясущийся, ко
bılqıldat-	былқылдат-	п онуд. от - был
qılda-	қылда-	1) трястй; 2) сделать
bılqıldaw	былқылдаў	и. д. от былқылда- размягчение
bıltırǵı	былтырғы	прошлогодний; былтырғыдан қалған оставшийся от
bılshıyǵan	былшыйған	с - толстым, мясй
qaldıc	қалдыц	ғой? почему ты замер
bılshıq	былшық	I гной на глазах
bılshıldaq	былшылдақ	1) болтун; 2) мо
bılshıldaw	былшылдаў	и . д. о т былшылда
bılshıraq	былшырақ	1) полужйдкий;
qamır	қамыр	жйдкое - тёсто; 2) перен
bılshıraw	былшыраў	и. д. от - былшыра- - 1) прилипание; 2) хлюпанье
bılıq-	былық-	1) быть в беспорядке;
úydiq	үйдиқ	иши былығып кетти в до
bılıqpay	былықпай	беспорядок, ера*
bılıqpayshılıq	былықпайшылық	беспорядок
bılıqtır-	былықтыр-	устраивать беспоря
bılıqtırıw	былықтырыў	и. д. от былық- - тыр
qayna-	қайна-	бурно кипеть. - бырқылда- - 1) бурно кипеть;
bırqıldaw	бырқылдаў	и. д. от - бырқылда- - 1) бурное кипение; 2) перен
bıtpıldıq	бытпылдық	звукоподраж ание
byurokratlıq	бюрократлық	бюрократизм; /
varvarlıq	варварлық	ист. - варварство
vassallıq	вассаллық	ист. - вассальный;
vaw-vaw	ваў-ваў	звукоподраж ание лаю
qarǵı	қарғы	Советиниқ Ведомостьлери Вёдомости Верховного Совёта Союза Советских Социали - стических Республик; ведомость
arasındaǵı	арасындағы	өз ара қатнасықлар
vedomstvolıq	ведомстволық	ведомствен - ность; / ведомственный; ведомствблық жазысыўлар ведомст
okıw	окыў	орны) втуз (высшее техни
oqıtıwshılar	оқытыўшылар	газетасы учи
gazlaw	газлаў	газификация города
suw	суў	газированная вода
gazsızlandırıw	газсызландырыў	и. д. от газ
gazsımaq	газсымақ	газообразный
galantereyalıq	галантереялық	галантерей - ный; галантереялық товарлар
garantiyalaw	гарантиялаў	и. д. от гарантияла- гарантирование
GÁL-	ГӘЛ-	повёртываться на выиг
GÁP	ГӘП	1) гр а м . предложение;
qospa	қоспа	гэп сложное предложе - ние; хабар гэп повествователь
úndew	үндеў	гэп восклицательное пред - ложение; бас гэп главное пред
geplesiw	гэплесиў	и. д. от - гэплесразговбр, беседа
geplestiriw	гэплестириў	и. д. от гэпле
geplew	гэплеў	и. д. от гэпле- - говор
gerdiyiw	гэрдийиў	и. д. от - гэрдийчванство, важничание; прояв
aytqan	айтқан	хэр сөз гэўҳардан да
gvardiyalıq	гвардиялық	гвардейский;
eaq	еақ	толстопузый: гебеже сүйек
Joqarǵı	Жоқарғы	Советтиқ гезексиз сессиясы внеочередная сессия Вер - ховного Совета; гезексиз съезд
gezzaplıq	геззаплық	жульничество, мо
gezzapshılıq	геззапшылық	см. геззаплық
joqsan	жоқсан	ба? ты никого не встре
gelleklew	геллеклеў	и .д .о т геллекле- сре
genetikalıq	генетикалық	биол. генетиче
geografiyalıq	географиялық	географиче - ский; географиялық карта гео
geologiyaLIQ	геологияЛЫҚ	изертлеу геологйческое исследование
geometriyalıq	геометриялық	геометрйческий;
gereqlen-	гереқлен-	становйться - глухйм
gewgimle-	геўгимле-	1) темнеть, спускать
gewgimlet-	геўгимлет-	п онуд. от геўгимлесоздавать - полумрак; затемнять
gewde	геўде	1) тело, корпус; 2) грудь
gewdeli	геўдели	осанистый
gewek	геўек	1) пустой, полый; / пе
gewekle-	геўекле-	образовывать пусто - ту, пустое пространство
geweklik	геўеклик	1) пустота, пустое
gewil	геўил	бот . ковыль
gewish	геўиш	кожаные - галоши
gewishshi	геўишши	галошник, человек
gewkew	геўкеў	1) уговоры; маган бас
qanıc	қаныц	геўкеўи керек емес я не
gewkewle-	геўкеўле-	1) выспрашивать оби
gewkilde-	геўкилде-	быть - несообразйтельным; быть простодушным
gewkildek	геўкилдек	1) несообразйтельный; простодушный, найвиый;
gewkildew	геўкилдеў	и. д. от геўкилде
gewkildewik	геўкилдеўик	см. геўкилдек
gewle-	геўле-	ковырять, колупать
gewlen-	геўлен-	возвр.-ст - рад , от геўлековыряться, колупаться, вы
gewleniw	геўлениў	и. д. от геўлен- ко - выряние, колупание, выколупы
gewlet-	геўлет-	п - онуд, от геўле- за
gewlew	геўлеў	и. д. от геўле- ковыря - ние, колупание, выколупыва
gewmis	геўмис	см. геўек
gewmislik	геўмислик	см. геўеклик
gewrek	геўрек	колючее - растение, рас
gigienalıq	гигиеналық	гигиенический; ги
giddiqle-	гиддиқле-	см. гэрдий
gidiriw	гидириў	и. д. от гидир- ожи
gidirtiw	гидиртиў	и. д. от гидирт
gidrotexnckalıq	гидротехнцкалық	гидротехни
gidroeiergetikalıq	гидроэиергетикалық	гидро - энергетический; гидроэнергетикалық ресурслар гидроэнерге
giltildew	гилтилдеў	и. д. от - гилтилдедрожание, колебание
gimnaziyalıq	гимназиялық	гимназический
gimiastikalıq	гимиастикалық	гимнастиче
ginekologiyalıq	гинекологиялық	гинекологиче
gipnozlaw	гипнозлаў	и. д. от гипнозлагипнотизйрование
girbiq	гирбиқ	неуверенность, сомне
góbelekle-	гөбелекле-	см. губелекле
gódek	гөдек	бестолковый, непонятли
qatıǵı	қатығы	ЖОҚ, хожанын кеўли
qurt	қурт	кусейди погов. у ходжй
gójek	гөжек	крольчонок, зайчо
gózzallıq	гөззаллық	1) великолепие, рос
dıqqat	дыққат	етип гозледи он внима
gózlew	гөзлеў	и. д. от гозле
góner-	гөнер-	износиться, обветшать
góneriw	гөнериў	и. д. от генер- - износ
gónertiw	гөнертиў	и. д. от - генертизнос (н ап р. одеж ды)
gerqara	герқара	название - травы
górqaw	гөрқаў	ненасытный, прожор
gerkawlıq	геркаўлық	ненасытность, про
QOY	ҚОЙ	геши - баранина; сыйыр геши
grajdanlıq	гражданлық	гражданский;
grammatikalıq	грамматикалық	грамматйческий; грамматикалық қәтелер
grafikalıq	графикалық	графйческий
grimlew	гримлеў	и. д. от гримле- гри - мирование, гримировка
gruppalıq	группалық	групповой
gruppirovkashılıq	группировкашылық	групповщйна
gubernatorlıq	губернаторлық	уст . губерна
guberniyalıq	губерниялық	уст . губерн
gúbelek	гүбелек	бабочка
gúbelekle-	гүбелекле-	выводйться из гу - сеницы (о бабочке)
gúbir	гүбир	тйхий, вполголоса раз
gúbirle-	гүбирле-	тйхо - разговаривать;
ózinen-ózi	өзинен-өзи	губирлейди он сам с
gúbirles-	гүбирлес-	взаимн. от губир
gudibuzarlıq	гудибузарлық	грубость
gúdshekletiw	гүдшеклетиў	и. д. от гудшек
gudsheklew	гудшеклеў	и. д. от гудшеклескладывание в - копны, копнение
gújimlik	гүжимлик	место, изобйлующее
gújir	гүжир	бугристый, холмйстый;
gújirey-	гүжирей-	быть - изогнутым, вы
gújireyiw	гүжирейиў	и. д. от гүжирей
gújit-	гүжит-	понуд. - от гүжи- - 1) усйлить; 2) ускорить; жумысты гүжит- ускорить работу
gújitiw	гүжитиў	и. д. - от гүжит- - 1) уси
gújiw	гүжиў	и. д. от - гужи- - 1) усиле
gúz	гүз	осень; гүзде бсенью; қоныр
salqın	салқын	гүз холбдная пбздняя
gúzarshılıq	гүзаршылық	проторённый путь
gúzgi	гүзги	осенний; гузги атыз жумыслары осенние полевые раббты; гузги ўақыт осенняя пора
gúylew	гүйлеў	и. д. от гуйле-. - гуйсе- - 1) жевать жвачку (о
gúlbaq	гүлбақ	поэт, роскошный сад
gúldir-gúldir	гүлдир-гүлдир	1) звукоподра
gúldire-	гүлдире-	громыхать, греметь
gúldiregish	гүлдирегиш	см. гүлдиреўик
gúldirew	гүлдиреў	и. д. - от гүлдирегромыхание {грома)
gúldirewik	гүлдиреўик	гром, грохот
gúldirewish	гүлдиреўиш	крючки на верх
gúldirli	гүлдирли	грохочущий
gúldirmama	гүлдирмама	гроза; гүлдирмама
turǵanda	турғанда	бизлер далада един
gúldirmamalı	гүлдирмамалы	грозовой; гүл
gúlistan	гүлистан	1) сад, цветник;
gúllen	гүллэн	всё; всего, итого; гүл
LÁNI	ЛӘНИ	всего, итого; весь, всё
gúlle-	гүлле-	прям, и перен. цвести
gúllen-	гүллен-	страд, от гүлле- быть
gúlleniw	гүллениў	и. д. - от гүлленцветёние, расцвет, процветание;
gúllet-	гүллет-	понуд. от гүлле- вы
gúlletiw	гүллетиў	и. д. - от гүллетцветёние, расцвёт, процвета
gúllew	гүллеў	и. д. от гүлле- - цветёние, расцвёт, процветание
gúlli	гүлли	I всё; все; целиком;
gúllisi	гүллиси	все, все из них; гуллисин
gumanlandırıw	гуманландырыў	и. д. от гу - манландыр- - 1) возбуждёние
gumanlanıw	гуманланыў	и. д. от - гуманлан- - 1) сомнёние в ком-чём-л.; өз пикирнниц туўрылығы жөнинде гуманланыў сомнёние в правиль
gumansızlıq	гумансызлық	несомнённость. - гуманшыл - 1) сомневающийся;
gúmbezli	гүмбезли	имеющий - купол
gumiljilew	гумилжилеў	и. д. от гумилжи
gumirashılıq	гумирашылық	хлопоты; всякие
ǴI	ҒЫ	хозяйственные хлопоты
gumpiyiw	гумпийиў	и. д. от гумпий
gumpiytiw	гумпийтиў	и. д. от гумпийт-. - гумпилде- - 1) бухать; производйть глухой звук: 2) перен
juwdı	жуўды	он искупйл вину чисто
gunakarlıq	гунакарлық	см. гуналылық
gunalanıw	гуналаныў	и. д. от гуналанобвинёние кого-л. в чём-л
gúnalaw	гүналаў	и. д. о т гүнала- обвине
gúnalı	гүналы	1) виноватый, винов
gúnalılıq	гүналылық	1) виновность; 2)
gúnasız	гүнасыз	1) невиновный; без
gúnasızlıq	гүнасызлық	1) невиновность;
gúnekár	гүнэкәр	см. гүнакар
gúnde	гүнде	соха; гүнде көти корпус
gúnde-aǵash	гүнде-ағаш	деревянная со
gúnjara	гүнжара	жмых
gúnji	гүнжи	бот . кунжут
gúc	гүц	глухонемой
túcgira	түцгира	1) печка (похож ая на
gúcgiralı	гүцгиралы	1) с печью, с печ
gúqgirle-	гүқгирле-	гнусавить
gúqgirt	гүқгирт	1) тусклый; темноватый;/темновато; жайдыц иши гүд
gúngirtle-	гүнгиртле-	1) делать тусклым;
gúngirtlen-	гүнгиртлен-	оозвр.-ст - рад, от
gúqgirtlik	гүқгиртлик	1) тусклость; 2)
gúqk	гүқк	подраж ание - гл у х о м у з в у
gúckil	гүцкил	недовольное - бурчание:
gúqkilde-	гүқкилде-	невнятно выражать - недовольство; гүнкилдемей бар
gúckildek	гүцкилдек	гнусавый; / ворчун;
gúqkildesiw	гүқкилдесиў	и. д. от гучкилдес- невнятное выражение не
gúnkildew	гүнкилдеў	и. д. от гуцкилденевнятное выражение недоволь
gúqkilsiz	гүқкилсиз	безропотный; / без
gúptikeylik	гүптикейлик	1) сомнение; 2)
gúpshek	гүпшек	ступйца [колеса)
gúr	гүр	кускй - льда [при выруба
gúrbek	гүрбек	название сорта - дыни;
gúrekle-	гүрекле-	брать - что-л. [напр
gúreklew	гүреклеў	и. д. от гүрекле
gúrel-	гүрел-	страд, от гүре- сгре
gúres	гүрес	в разн. знач. - борьба;
gúresiw	гүресиў	1 и. д. от гурес- I
guresiwshi	гуресиўши	борец; / борющийся;
gúretiw	гүретиў	и. д. от гурет- сгре - бание [напр. снега)
gúrew	гүреў	и. д. от гуре- сгреба - ние [напр. снега)
gúrjiyiw	гүржийиў	и. д. от гуржий
gurjilesiw	гуржилесиў	и. д. от гуржи
gurjiletiw	гуржилетиў	и. д. от гуржилет
gúrkildet-	гүркилдет-	понуд. огп гүркилдевызывать хрюканье
gúrkildew	гүркилдеў	и. д. от гүркилдехрюканье
kók	көк	гүркирейди гром - гремит
gúrkirek	гүркирек	гремучий;/ гремящий
gúrkires-	гүркирес-	взаимн. от гурки
gúrkiretiw	гүркиретиў	и. д. от - гуркиретгромыханье, грохотанье
gúrkirew	гүркиреў	и. д. от - гуркирегромыханье, грохотанье; кун
gúrkirewik	гүркиреўик	шумливый, криклйвый человек
sóylewge	сөйлеўге	тилим - гурмелди а) у
gurmew	гурмеў	и. д. от гурме- завя
gurriqlesiw	гурриқлесиў	и. д. от - гурриқлес- - 1) разговор, беседа; 2) рассказ
gurriqlestir-	гурриқлестир-	понуд. от - гурринлес- - 1) заставить разговари
qula-	қула-	грохнуться; гурс етип зәқ
gursildew	гурсилдеў	и. д. от - гурсилде- - 1) буханье, грбханье; 2) пыхте
gursiniw	гурсиниў	и. д. от гурсин
gurtildew	гуртилдеў	и. д от гуртилдехруст
guwa	гуўа	понятой; свидетель; акт
guwalar	гуўалар	алдында дузилген акт
gúwalandır-	гүўаландыр-	удостоверять, сви
gúwalandırıw	гүўаландырыў	и. д. от гүўа
gúwalı	гүўалы	1) имеющий свидетеля;
gúwalıq	гүўалық	1) свидетельство, сви
lıq	лық	берди свидетель дал пока - зание; 2) удостоверение {доку
gúwanama	гүўанама	удостоверение, сви
gúw-gúw	гүў-гүў	звукоподраж ание - гул у
gúwen	гүўен	привязь для - молодняка
gúwenle-	гүўенле-	привязывать на - прйвязь; гүўенлеген қозыдай
gúwenlen-	гүўенлен-	ст - рад, от гүўенлебыть привязанным на прй
gúwenlet-	гүўенлет-	понуд. от гүўенлевелёть привязать на прйвязь
gúwenletiw	гүўенлетиў	и. д. от гүўенлет
gúwenlew	гүўенлеў	и. д. от гүўенлепривязывание на прйвязь
gúwilde-	гүўилде-	гудеть, шуметь; са
gúwildegen	гүўилдеген	даўыслар еситилди
gúwildep	гүўилдеп	тур море шумйт
gúwildew	гүўилдеў	и. д. - от гүўилдегудёние, шум
gúwildi	гүўилди	гул; самолёттыц гууилдиси гул самолёта; шамалдық
gúwildisi	гүўилдиси	вой вётра
gúwle-	гүўле-	свистеть (о ветре)
gúwlep	гүўлеп	жыйнал- - набегать; скап
júzdey	жүздей	адам гүўлеп кетти наро
gúwlew	гүўлеў	и. д. от гүўле- - свист
ǵabalaq	ғабалақ	1) суетлйвый; 2) несообразйтельный
ǵabalaqla-	ғабалақла-	1) суетйться; 2)
ǵabalaqlaw	ғабалақлаў	и. д. от ғабалақла
ǵabır-ǵubır	ғабыр-ғубыр	суматоха; спёшка; ғабыр-ғубыр басты он вто
ǵabırıs	ғабырыс	ошйбка, неправиль
ǵabırıs-	ғабырыс-	ошибаться, делать
ǵabırıstır-	ғабырыстыр-	п онуд. от ғабырыс- заставить - ошибйться, сдёлать ошйбку, запутать
ǵabırısıw	ғабырысыў	и. д. - от ғабырыс
ǵajal-	ғажал-	ст рад. - от ғажа- - 1) натираться; быть натёртым (о
ǵajas-	ғажас-	взаим н. от ғажа- до
ǵajastırıwshılıq	ғажастырыўшылық	подстрекательство
ǵajasıu	ғажасыу	и. д. от ғажас- на
ǵajat-	ғажат-	понуд. от ғажа- за
ǵajja-ǵaj	ғажжа-ғаж	звукоподражание - скрипу, звуку, возникающему
ǵajı-	ғажы-	ослабевать; утомляться;
ǵajımas	ғажымас	1) неутомимый; 2)
ǵajımaslıq	ғажымаслық	1) неутомймость;
ǵajır	ғажыр	упорство,настойчивость
ǵajır-ǵujır	ғажыр-ғужыр	звукоподража
-ǵujır	-ғужыр	шайнады он жевал с хру
ǵajırlan-	ғажырлан-	проявлять упор - ство, настойчивость, проявлять
ǵajırlı	ғажырлы	упорный, настойчи
ǵajırlılıq	ғажырлылық	упорство, на
ǵajıt-	ғажыт-	понуд. от ғажы- осла - бить, утомить
ǵazqatar	ғазқатар	стоящий в одйн - ряд;
ǵayratkerlen-	ғайраткерлен-	см. ғайратлан
ǵayratkerlik	ғайраткерлик	см. ғайратлылық
ǵayratlan-	ғайратлан-	1) набираться энер
ǵayratlandır-	ғайратландыр-	п онуд. - от ғайратлан- - 1) возбуждать энергию;
ǵayratlant-	ғайратлант-	см. ғайратландыр
ǵayratlı	ғайратлы	1) усердный, стара
ǵayratlılıq	ғайратлылық	1) усердие, стара
ǵayratsız	ғайратсыз	1) нестарательный
ǵayrı	ғайры	1) иной, другой; ол емес
ǵayrıdin	ғайрыдин	уст . иноверец
ǵayım	ғайым	см. - шала
ǵayıp	ғайып	что-л. - скрытое, невёдо.мое; / скрытый, незримый;
kózden	көзден	ғайып болды он скры.чся
ǵaq-ǵaq	ғақ-ғақ	звукоподраж ание к а р
ǵaqılda-	ғақылда-	п - рям , и перен. кар
ǵalaba	ғалаба	все; / всеобщий; ғалаба
ǵalawıt	ғалаўыт	1) смута, мятеж; 2)
ǵalawıttı	ғалаўытты	тоқтат- прекратить
ǵallim-ǵallim	ғаллим-ғаллим	тёга-тёга (бозглас, кот оры м кли чут гусей)
ǵalmaǵal	ғалмағал	дружный; / дружно;
ǵalı	ғалы	ковёр; ғалы гилем шер
ǵalısha	ғалыша	кбврик, небольшой {не
ǵam	ғам	1) забота, беспокойство;
ǵamgún	ғамгүн	грустный, печальный
ǵamze	ғамзе	гамза [название н а д
ǵamlanǵan	ғамланған	а зы қ заготовленные
ǵamlas-	ғамлас-	взаимн. - от ғамла- - 1) з а б о т и т ь с я д р у г о д р у г е ;
LIQ	ЛЫҚ	етип ж үр он п р о я в л я е т з а
ǵamxorsı-	ғамхорсы-	проявлять показную - заботливость; мен туўралы ғам
ǵamxorsız	ғамхорсыз	беспризорны й {пре
ǵamxorsh	ғамхорш	ы - покровйтель, шеф;
ǵaqǵı	ғақғы	р-гүнгир подражание глу
ǵacǵır-gúngir	ғацғыр-гүнгир	етеди колокольчик
ǵacqı	ғацқы	л - гоготание {напр. гусей)
ǵaplette	ғаплетте	қал- быть в неведе - нии, не зн ать; 2) беспечность
ǵapı	ғапы	л II внезапно, неожиданно;
ǵap	ғап	ы ллы қ см. ғаплет
ǵarbı	ғарбы	з - арбуз; / арбузны й
ǵarǵa	ғарға	ворона; ала ғарға в о р о
ǵarǵa-	ғарға-	проклин - ать
ǵarǵan-	ғарған-	страд, от ғарға
ǵarǵant-	ғарғант-	понуд. от ғарған
ǵarǵanı	ғарғаны	ў и. д. от ғарғанп - роклятие, проклин ани е
ǵarǵat-	ғарғат-	понуд. от ғарға- з а
ǵarǵaw	ғарғаў	и. д. от ғарға- - проклятие
ǵarǵı-	ғарғы-	в раза. знач. пры - гать;
ǵarǵıdı	ғарғыды	спортсмен перепрыгнул
ǵarǵıs	ғарғыс	проклятие; ғарғыс ур
ǵarǵıs-	ғарғыс-	взаимн. от ғарғы
ǵarǵıw	ғарғыў	и. д. от ғарғы- - прыганье
ǵarezsh	ғарезш	ил см. ғэрезли
-ǵar	-ғар	қ күл- хохотать, громко
ǵarq	ғарқ	II обилие, изобилие;
ǵarrı	ғарры	старик; / старый; тэн
ǵen	ғен	ғарры лы қ обеспеченная ста
ǵars	ғарс	подражание - треску, хру
ǵarsıldas-	ғарсылдас-	взаимн. от ғарсыл
ǵarsı	ғарсы	лдат- понуд. - от ғарсыл
ǵarsıldı	ғарсылды	треск; ғарсылды еси
ǵarsh	ғарш	подражание - скрипу
ǵarı	ғары	уст. мера - длины, равн ая
ǵasır	ғасыр	см. эсир
ǵaw	ғаў	превосходящ ий по р а зм е - рам, больш ий; сеннен ғаў емес
ǵawasatsh	ғаўасатш	ы - паникёр
ǵawǵa	ғаўға	сал- поднимать ш - ум, гам
ǵawdan	ғаўдан	стерня
ǵawdı	ғаўды	ра- - грубеть, делаться
ǵawlas-	ғаўлас-	взаимн. - от ғаўла- к р и
ǵawlastı	ғаўласты	р- понуд. - от ғаўлас
ǵawlat-	ғаўлат-	понуд. - от ғ а ў л а - 1)
ǵawı	ғаўы	рлы ш - ум, галдёж , гвалт;
ǵash	ғаш	ы р - мул; лош ак
ǵázep	ғәзеп	гнев, ярость, в о зм у щ е
ǵezeplen-	ғэзеплен-	гневаться, прихо
ǵázeplendir-	ғәзеплендир-	понуд. от ғәзеп
ǵezepleniw	ғэзеплениў	и. д. - от ғәзеплен
ǵázepli	ғәзепли	гневный, р а згн е в а н
ǵáziyne	ғәзийне	сокровищ ница; халы қ
ǵáziynexana	ғәзийнехана	уст. казначейство
ǵáletsiz	ғәлетсиз	без ошйбок; / б е з
ǵálle	ғәлле	зерно (хлеб)-, хлебные
leǵalaq	леғалақ	он какой-то ш а р л а - тан
ǵálleker	ғәллекер	зем лепаш ец, х л еб о
ǵálleli	ғәллели	хлебный; с хлебными
ǵárejetle-	ғәрежетле-	расходовать сред
ǵárejetlen-	ғәрежетлен-	страд, от ғәре
ǵárejetleniw	ғәрежетлениў	и. д. от ғэре
gárejetlew	гәрежетлеў	и. д. от гэреж етле
ǵárezim	ғәрезим	ж о қ я незавйсим
ǵárezlen-	ғәрезлен-	быть зависимым
ǵárezlendir-	ғәрезлендир-	понуд. от ғәрез
ǵerezlendiriw	ғэрезлендириў	н. б. - от ғәрез
ǵerezleniw	ғэрезлениў	и. д. - от ғәрезлен
ǵerezli	ғэрезли	завйсимы й
ǵerezlilik	ғэрезлилик	зависимость
ǵárezsiz	ғәрезсиз	незавйсимый; ғэрез
ǵárezsizlik	ғәрезсизлик	независимость; ғә
ǵáremet	ғәремет	клевета
ǵeremetlik	ғэреметлик	см. ғәремет
ǵárip-ǵasar	ғәрип-ғасар	собир. бедные, бед
ǵáriplendir-	ғәриплендир-	понуд. от ғә
ǵáripleniw	ғәриплениў	и. д. от ғэриплен
ǵáripsh	ғәрипш	илик с.ч. ғәриплик
ǴOZ	ҒОЗ	I го р я ч и е у гл и , ж а р
ǵoza	ғоза	I) бот. коробочка; 2) к о
ǵoza-p	ғоза-п	ая засохш ий стебель - хлопчатника; пахта жерлерин
ǵo	ғо	за-п аяд ан таза л а- очистить
ǵoy	ғой	частица - ведь, же; уж; то;
ǵorqı	ғорқы	лдақ см. қурқы - лдақ
ǴOSH	ҒОШ	ж - игит а) весёлы й парень;
ǵosh	ғош	м ақ - см. ҒОШ
ǵubbaq	ғуббақ	удар рукой по надутой
ǵubbaqla-	ғуббақла-	у д а р я ть рукой по
ǵubbaqlat-	ғуббақлат-	понуд. от ғуббақла
ǵum	ғум	ш алаў и. д. от гум ш а
ǴIYT	ҒЫЙТ	г и к , г и к а н ь е
ǵı	ғы	р... звукоподражание рыку
ǵırj	ғырж	ек гы рж - ёк (музыкальный
ǵırs	ғырс	лесная - чащ а; ғырс тоғай
ǵırsh	ғырш	ылда- - скрипеть; хрустеть;
daǵazala-	дағазала-	объ - являть, п у б л и
daǵazalan	дағазалан	возвр .-страд. от
daǵazalaw	дағазалаў	и. д. от дағазала- - объявлёние, публи каци я
daǵazalawsı	дағазалаўсы	з - необъявленный
daǵazası	дағазасы	з см. дағазалаўсы з
daǵal	дағал	пятно { н а п р , н а о д е ж д е )
daǵallan-	дағаллан-	возвр.-страд, от
daǵalla-	дағалла-	быть - испачканны м , з а
daǵallanı	дағалланы	ў и. д. от дағаллан
daǵallaw	дағаллаў	и. д. от дағалла
daǵallı	дағаллы	испачканны й, з а г р я з
daǵalsı	дағалсы	з не имеющий - пятен
daǵara	дағара	музы кальны й ударны й
daǵdar-	дағдар-	теряться; неге үндемей
daǵdarı	дағдары	п қалды қ? почему ты
daǵdı	дағды	навы к, привы чка
daǵı	дағы	союз - уступит, хоть, хотя;
dalaǵa	далаға	кетти мой труд пропал - даром; қуры далага сөйле- гово
dalbaqlat-	далбақлат-	понуд. от далбақла
dalbaqlatı	далбақлаты	ў и. д. от - далбақ
dalbaqlaw	далбақлаў	и. д. от д албақла
dalbaslaw	далбаслаў	и. д. - от д а л б а с л а
dalbıraqla-	далбырақла-	I) суетйться; 2)
dalbırlıq	далбырлық	1) суетлйвость;
danalıq	даналық	мудрость; гениаль
danıshpanlıq	данышпанлық	см. даналық
daq	дақ	веселье; оживление; дац
daqǵılbay	дақғылбай	пустослов, пусто
daqǵıllan-	дақғыллан-	быть - гладким, на
daqǵır	дақғыр	шум; грохот; трезвон
daqǵıra-	дақғыра-	укатываться; дақғы
raǵan	раған	жол хорошо укатанная
daqgırat-	дақгырат-	понуд. от - дақғыраукатывать {дорогу)
danǵır-ducǵır	данғыр-дуцғыр	звукоподража
danǵırla-	данғырла-	I высыхать, просы
danǵırla	данғырла	II лязгать
dacǵırlat-	дацғырлат-	I понуд. от дацгырла- I способствовать высыха
ǵırla-	ғырла-	II вызывать лязг
dacǵırlı	дацғырлы	лязг
QI	ҚЫ	жер жарған нашумевшая слава
ǵar-	ғар-	прославить кого-л
danqlı	данқлы	прославленный, из
danqlılıq	данқлылық	см. данқ
dap-danǵıl	дап-данғыл	жол - гладкая, ровная
daraq	дарақ	дерево; / деревянный
darqan	дарқан	вольны й, свободный;
qustı	қусты	дарқан ла- вы пустить п т и
darqı	дарқы	лд ақ - болтун, человек, не
darqıldaw	дарқылдаў	и. д. от дарқыл
dasqal	дасқал	ровесник, свёрстник
dasqar	дасқар	воробёй
dastaw	дастаў	и. д. от даста- п о д к л а
qan	қан	ы мол үй гостеприймный - дом;
dawa	даўа	ж о қ с ним не справиш - ься
dawa-	даўа-	сметь, осмеливаться
dawam	даўам	продолж - ение; даўам
dawger	даўгер	ж алобщ - ик, истец
dawkeslik	даўкеслик	сутяж - ничество
dawlas-	даўлас-	взаимн. от - даўла- - 1) п р е д ъ я в л я т ь д р у г д р у г у и с к ;
dawlastı	даўласты	р- понуд. от - даўлас- - 1) з а с т а в и т ь п р е д ъ я в л я т ь д р у г
dawlası	даўласы	ў и. д. от даўлас
dawlat-	даўлат-	понуд. - от д а ў л а - 1)
dawlı	даўлы	спорный; даўлы мэсе
dawrı	даўры	қ- - кричать, орать
dawsız	даўсыз	бесспорный;/ бесспорно
dawsh	даўш	ы л см. даўкес
dawı	даўы	л - буря, ураган; даўыл
tóbeni	төбени	қопары п кетти бўря
wı	ўы	стан - единогласно; даўы сқа
QOYIL-	ҚОЙЫЛ-	баллотироваться; да
OQIDI	ОҚЫДЫ	о н ч и т а л в с л у х
lesiwi	лесиўи	гарм они я - гласны х
máwsimi	мәўсими	дачный сезон; дачада
dábdebelew	дәбдебелеў	и. д. от дэбдебеле
dáyekli	дәйекли	түрде последовательно
panǵa	панға	қ - атты дәкки берди армия
DÁLIL	ДӘЛИЛ	доказательство, п од твер
argumyoǵ	аргумёғ	1т; дэлил келтир- или
úlken	үлкен	ДЭЛИЛ келтирди он п ри
dálkeklik	дәлкеклик	насмешливость; шут
dálkekshi	дәлкекши	насмешник; шутнйк
dálle-	дәлле-	целиться; ол дәллеп
dálme-dál	дәлме-дәл	точь-в-точь
dáluw	дәлуў	1)астр. Водолей; 2)
DÁM	ДӘМ	1) вкус; дэми жоқ невкус
demegóylkk	дэмегөйлкк	ожидание - подачки
dámedarlıq	дәмедарлық	см. дәмегөйлик
dámeleniw	дәмелениў	и. д. от дэмеленнадёжда на кого-что-л.; стремле
demigiw	дэмигиў	и. д. от дэмкк
demiktiriw	дэмиктириў	и. д. от дэмиктирприучёние к чему-л. - дэмлес - 1) одинаковые на вкус
dánekerlew	дәнекерлеў	и. д. от дэнекерлепаяние, запаивание, припаивание
jedeǵi	жедеғи	диплом диплом первой - степени; дэреже тап- возвысить
ǵarǵı	ғарғы	дэрежели мектеп высшая
dáreksiz	дәрексиз	жоқ болған бёз вести
dáretlew	дәретлеў	и. д. от дэретле
qazanday	қазандай	қайнайды, гүресиўге
dermanlılıq	дэрманлылық	имеющий - силу;
dármansızlıq	дәрмансызлық	слабость, бес
derriw	дэрриў	быстро, скоро, тотчас
dártlesiw	дәртлесиў	и. д. от дэртлес
dertlew	дэртлеў	и. д. от - дэртле- - 1)
dárwaz	дәрўаз	1) акробат; 2) канато
derwaza	дэрўаза	ворота
derwazalı	дэрўазалы	имеющий - ворота
derwazaman	дэрўазаман	см. - дэрўазашы
dárwazashı	дәрўазашы	1) привратник;
derwish	дэрўиш	1) дервиш; 2) перен
dás	дәс	II удобное время; удобный
dewet	дэўет	чернильница; дэўет
-qelem	-қэлем	а) чернильница и ручка;
dewir	дэўир	I период; эпоха, эра;
dewirles	дэўирлес	современник
dewlet	дэўлет	1) богатство, состояние;
dewletli	дэўлетли	1) богатый, состоя
dewmet	дэўмет	см. дөҳмет
dewmetshi	дэўметши	см. дөҳметши
dewran	дэўран	время, отрезок вре
dewseben	дэўсебен	одйн из вйдов - шакала
dvoryanlıq	дворянлық	дворянство, дво
dvoryanshılıq	дворяншылық	собир. дворян
oqıyman	оқыйман	деп келдим я приехал - сюда, намереваясь учиться; рус
qaldım	қалдым	я всего не мог выска - зать; 4) считать кем-л., прини
dejurnıylıq	дежурныйлық	дежурство
dekoraciyalıq	декорациялық	декоратйвность;
delegatlıq	делегатлық	делегатский; деле
gatlıq	гатлық	билет делегатский билёт
demarkaciyalıq	демаркациялық	демаркацион - ный; демаркациялық шек де
azıraq	азырақ	демеп жибериу керек надо
demlew	демлеў	и. д. от демле
demokratiyalıq	демократиялық	демократйческий; демократиялык, право демократйческие права; демокра
TIYALIQ	ТИЯЛЫҚ	турмыс тури демократйческий образ - жйзни; халық
sawlıqsız	саўлықсыз	а) нездорбвье, бо
deputatlıq	депутатлық	положение депу - тата; / депутатский; депутатлық
desiw	десиў	и. д. от дес- - сговор
despotlıq	деспотлық	деспотический
decentralizaciyalaw	децентрализациялаў	децентра - лизация; аппаратты децентрализациялау децентрализация ап
dialektikalıq	диалектикалық	диалектиче - ский; диалектикалық материа
dialektologiyalıq	диалектологиялық	диалектоло - гический; диалектологиялык жумыслар диалектологические ра
diversiyalıq	диверсиялық	диверсионный;
raqǵı	рақғы	үйдс қабан гүркирейди
didaktikalıq	дидактикалық	дидактический;
KÓZ	КӨЗ	карауын қоймайды, кеўил
diydarǵa	дийдарға	тоймайды фольк. г лаза
diydarlasıw	дийдарласыў	и. д. от дийдар
diydilew	дийдилеў	и. д. от дийдиле
diywalla-	дийўалла-	огораживать (напр
diywallat-	дийўаллат-	понуд. о т дийўаллазаставить - огородить (напр. за б о
diywallaw	дийўаллаў	и. д. от - дийўаллаогораживание (напр. за бо
diywallı	дийўаллы	1) с забором, с огра
diywan	дийўан	I уст . ханский чинов
diywana	дийўана	нищий, попрошайка
diywanalıq	дийўаналық	см. дийўанашыЛЫҚ. - дийўанашылык, нйщенство, по
diywan-begi	дийўан-беги	уст . диваи-бегй
diyxanshılıq	дийханшылық	1) крестьян
dikildew	дикилдеў	и. д. от дикилде
diktatorlıq	диктаторлық	диктаторство; /
dildarlıq	дилдарлық	красноречие; крас
dilmashlıq	дилмашлық	профессия, заня
dilwar	дилўар	см. - дилбар II
dıq	дық	динамикасы динамика со
diqgek	диқгек	1) возвышение; высо
diplomatlıq	дипломатлық	диплпматйческий; дипломатлық қатнас динломатйческие отношения
diplomatshılıq	дипломатшылық	1) дипломатия;
direktorlıq	директорлық	директорский
dirijyorlıq	дирижёрлық	дирижёрство; / ди
dislokaciyalıq	дислокациялық	дислокацион
óz-ara	өз-ара	жәрдемлесиў договоры до
doǵalaq	доғалақ	катушка
doǵanaq	доғанақ	1) рогатка; 2) катушка
dodaq	додақ	нйжняя (расплет енная)
dozaq	дозақ	1) рел. ад; 2) перен. мука
dozaqı	дозақы	рел. - 1) человек, ко
doynaq	дойнақ	копыто; атлардыц дойнақсеслери звук конских копыт
doktorlıq	докторлық	1) занятие, специ
qorǵau	қорғау	защйта диссертации на
qórset-	қөрсет-	предъявлять документы
DOLLILIQ	ДОЛЛЫЛЫҚ	1) упрямство; 2)
domalaǵısh	домалағыш	предмет, способный
domalaq	домалақ	круглый, шарообраз
domalaqla-	домалақла-	округлять, закруг
domalaqlaw	домалақлаў	1) и. д. от дома
laqla-	лақла-	округление, закругле
dombıqtır-	домбықтыр-	1) слегка моро
dombıqtırıw	домбықтырыў	и. д. от дом- - бықтыр- - 1) подмораживание;
DOSLIQ	ДОСЛЫҚ	дружба, дружествен
DOSTIYANLIQ	ДОСТИЯНЛЫҚ	см. ДОСЛЫҚ
DOSTLIQ	ДОСТЛЫҚ	см. ДОСЛЫҚ
dógerek	дөгерек	1) окружность, круг;
dógerektiq	дөгеректиқ	терт буршы четыре
decgeletiw	децгелетиў	и. д. от децгелет
dócli	дөцли	холмистый, бугристый
DÓQLIK	ДӨҚЛИК	см. ДӨҚИСЛИК
dórel-	дөрел-	ст - рад, от дере- поя
dórelkw	дөрелкў	и. д. от дерел- поя - вление; рождение (напр. чело
dóretiw	дөретиў	и. д. от дерет- созда
dóretiwshi	дөретиўши	создатель, творец;
derew	дереў	и. д. о т дере- - появление
lanıwı	ланыўы	драматйческий исход со
dramaturgiyalıq	драматургиялық	драматурги
duzaq	дузақ	силок; западня; дузақ
duzaqshı	дузақшы	охотник, занимаю
duzaqshılıq	дузақшылық	охота с помощью
duzlatıw	дузлатыў	и. д. от дузлат
duzlaw	дузлаў	и. д. от дузла- соле - ние, засол
duzlıq	дузлық	рассол
dumalaq	думалақ	см. домалақ
durıslıq	дурыслық	1) прави.1ьность;
DUW	ДУЎ	I место избавления от пре
duwı-sıyına	дуўы-сыйына	қаратпастан не
duwaǵey	дуўағей	см. дуўахан
duwagóylik	дуўагөйлик	см. дуўаханлық
duwala-	дуўала-	уст. - заговаривать
duwalaq	дуўалақ	зоол. - дрофа
duwalat-	дуўалат-	понуд. от дуўалазаставить - заговаривать (напр
duwalaw	дуўалаў	и. д. от дуўала- заго - вор {напр. воды для лечения)
duwalı	дуўалы	1) имеющий талисман;
duwasız	дуўасыз	1) не имеющий талис
duwaxan	дуўахан	уст. - знахарь; кол
duwaxanlıq	дуўаханлық	уст. - знахарство;
duwqat	дуўқат	халат особого - покроя
duwla-	дуўла-	шуметь, галдеть
duwlaw	дуўлаў	и. д. от дуўла- - шум
duwrama	дуўрама	см. туўрама. - дуўры - 1) прямой; / прямо; дуў
duwtar	дуўтар	дутар (двухструнный
duwtarshı	дуўтаршы	дутарйст (музыкант
duwshaker	дуўшакер	встречный
duwshakerles-	дуўшакерлес-	встречаться с
duwshakerlesiw	дуўшакерлесиў	и. д- от дуўшакерлес- встреча с. кем-чем-л
duwshakerlestir-	дуўшакерлестир-	пднуд. от
duwshakerlik	дуўшакерлик	встреча
duwshar	дуўшар	встреча; / встречный;
oqqa	оққа	дуўшар бол- попасть под - пулю; <}■ бэлеметке дуўшар қылразг. наслать несчастье
duwsharla-	дуўшарла-	встречать - кого-что
duwsharlas-	дуўшарлас-	взаимн. от дуўшарла- встречаться с кем-чем-л
duwsharlasıw	дуўшарласыў	и. д. от дуўшарлас- встреча
duwsharlat-	дуўшарлат-	понуд. от дуўшарла- заставить встретить - кого
duwsharlaw	дуўшарлаў	и. д. от дуўшарлавстрёча с кем-чем-л
duwılda-	дуўылда-	шуметь, гомонить
duwıldas-	дуўылдас-	взаимн. от - дуўылда-. ^
duwıldat-	дуўылдат-	понуд. от дуўылдавызвать - шум, гомон, оживлён
duwıldaw	дуўылдаў	и. д. от - дуўылдашум, гомон, оживлённый раз
dushpanlıq	душпанлық	вражда, враждеб
dushpanshılıq	душпаншылық	см. душпанлық
dubirlew	дубирлеў	и. д. от - дубирлетбпот; стук; шум
dugisiw	дугисиў	и. д. от - дугис- - 1) би
QILIǴI	ҚЫЛЫҒЫ	дузде погов. дочь моя - дома, а о прведёнии её знают на
duzelkw	дузелкў	и. д. от дузел
duziw	дузиў	1 1) прямой, стройный;
duziwle-	дузиўле-	1) выпрямлять, вы
duziwlen-	дузиўлен-	возвр. -страд, от
dúziwle-	дүзиўле-	1) выпрямляться, выра
duziwlik	дузиўлик	правильность
-awqat	-аўқат	дукәни продовольствен
qur-	қур-	а) вестй беседу; б) точйть
dúkánshi	дүкәнши	продавец
dúkánshiliq	дүкәншилиқ	занятие продав
dúkárt	дүкәрт	маленькие ножницы
dúk-dúk	дүк-дүк	см. дүп-дүп
dúkilde-	дүкилде-	1) стучать, бйться
dúkildet-	дүкилдет-	понуд. - от дүкилде- - 1) вызвать сердцебиение; 2)
dúkildew	дүкилдеў	и. д. - от дүкилде- - 1) сердцебиение; 2) хлопанье
dúkildi	дүкилди	1) сердцебиение; 2) хло
dúm	дүм	уст. - хвост; <0> мылтықтыц
dúmi	дүми	приклад ружья. - думбил I грохот, гул, шум
dumpeyiw	думпейиў	и. д. от думпей
wanat	ўанат	дуньясы животный - мир;
dun'yaǵa	дуньяға	кез қарас мировоззре - ние; дуньяға марксистлик кез
qaras	қарас	марксистское мировоззре
dun'yalıq	дуньялық	мировой; дуньялық
dun'yapazlıq	дуньяпазлық	см. дуньяхорлық. - дуньясыз - 1) бедный, неимущий;
dun'yaxorlıq	дуньяхорлық	корыстолюбие
dun'yashıllıq	дуньяшыллық	см. дуньяхорЛЫҚ
dúnkildew	дүнкилдеў	и. д. от дуцкилде
dustómen	дустөмен	ничкб.м, вниз лицом;
dustómenine	дустөменине	жығыл- упасть вниз - лнцбм; дустөменинен жатқыздым я положил его вниз лицом
dustómenle-	дустөменле-	ложиться - ничком
qalıc	қалыц	дут тоғай непроходймып - лес, дремучий лес
dıǵırt	дығырт	звукоподражание гро
dızıldawıq	дызылдаўық	шмель
DIQ	ДЫҚ	неприятный - осадок, не
dıqqatlaw	дыққатлаў	и. д. от дыққатла
dıqqatlı	дыққатлы	внимательный
dıqqatlıq	дыққатлық	внимательность
dıcǵır	дыцғыр	звукоподражание звону
dıcǵırla-	дыцғырла-	звенеть (о падаю
dıcǵırlat-	дыцғырлат-	понуд. от дьщғырла
dıcǵırlaw	дыцғырлаў	и. д. от - дыцғырлазвон {падающего металлического
dırrıqlıq	дыррықлық	1) хвастовство;
dırıldaw	дырылдаў	и. д. от дырылдадребезжание
ayaqtı	аяқты	ебелеклеп - бас- а) семенить
ebin-awlaq	ебин-аўлақ	понемногу; ебин
-awlaq	-аўлақ	пахта тердим я понемногу
qaldır-	қалдыр-	оставить немного от - обеда; ебиндей ғана только не
ebin-jorıq	ебин-жорық	понемногу, по
evropalıq	европалық	европейский
egeliw	егелиў	и. д. от егел- - пилка
egesiw	егесиў	и. д. от - егес- - 1) оказа
egew	егеў	1) и. д. от еге- пйлка
egewle-	егеўле-	I) пилйть, подпйливать
egewlet-	егеўлет-	понуд. от - егеўле- - 1) заставить пилйть, подпйли
egewlew	егеўлеў	и. д. от - егеўле- I) пйл
qızlar	қызлар	сёстры-близнецы; егид
qozıday	қозыдай	(похожи) как близ
egizlew	егизлеў	и. д. от егизле- сдваи
egiw	егиў	и. д. от ек- сев - чего-л.\
egiwli	егиўли	засеянный; егиўли жер
egiwsiz	егиўсиз	незасеянный; егиўсиз
partaw	партаў	жер невозделанная за
edireyiw	едирейиў	и. д. от едирей
edireytiw	едирейтиў	и. д. от едирейт
ejelew	ежелеў	и. д. от - ежеле- - 1) чте
ejireyiw	ежирейиў	и. д. от ежирей
ejireclew	ежирецлеў	и. д. от ежиренлепреслёдование кого-л. взглядом. - ез- - 1) мять, сминать; 2) да
sóylegen	сөйлеген	езбе - болар, көп қыдыр
eziliw	езилиў	и. д. от - езил- - 1) смя
ezúw	езүў	углы - рта; езүуи уўылды
tolıq	толық	биледи екен о - том, что я
MÁLIM	МӘЛИМ	болды теперь выяснилось
tabaq	табақ	тартты пищу давали на
ekew-ekew	екеў-екеў	попарно, по два
ekewi	екеўи	оба; бул иске екеўи де
qatnasqan	қатнасқан	в этом деле оба заме
ekewle-	екеўле-	делать что-л. - вдвоём;
ekewlep	екеўлеп	исле- работать - вдвоём
ekewlew	екеўлеў	и. д. от екеўле
jaqlılıq	жақлылық	двурушничество; еки
SÓZLI	СӨЗЛИ	а) не держащий своего
SÓZIN	СӨЗИН	еки кылмайды он твёрдо
ektiriw	ектириў	и. д. от ектир- посев - чего-л.-, посадка
eksheliw	екшелиў	и. д. от - екшелотсёв; отбор
ekshew	екшеў	и. д. от екше- - отсев; отбор
qılmaǵa	қылмаға	он - прибыл,чтобы примирйть (их); сен маған елмисец
elatlıq	елатлық	населённый; елатлык
eleniw	елениў	I и. д. от елен
elenlew	еленлеў	и. д. от еленле
elesletiw	елеслетиў	и. д. от елеслетвьгзьгвание в памяти чего-л
eleslew	елеслеў	и. д. от - елесле- - 1)
elewrew	елеўреў	и. д. от елеўре-. - елеўсиз - 1) незаметный, не при
elewsizlik	елеўсизлик	невнимательность;
elewshi	елеўши	тот, кто просеивает
eljirew	елжиреў	и. д. от елжире-. - ели I мера длины (равная ши-_
elik-aǵası	елик-ағасы	уст. - элик-агасы
eliklew	еликлеў	и. д. от еликле- под
eliklewshi	еликлеўши	подражатель, ими
eliktiriw	еликтириў	лингв, ассимиляция;
eliriw	елириў	и. д. от елир- состоя
elirtiw	елиртиў	и. д. от елирт- состо
eliw	елиў	см. - елли II
eliwinshi	елиўинши	см. еллинши
ellyosiw	еллёсиў	1) и. д. от еллес- при
ellesuiriw	еллесуириў	и. д. от еллестирпримирёние. - елли I населённый; елли жер
emiw	емиў	и. д. от - ем- - 1) сосание;
emiwshi	емиўши	сосущий; / сосун, со
emleniw	емлениў	и. д. от емлен- ле
emletiw	емлетиў	и. д. от емлет- лече
emlew	емлеў	и. д. от емле- лечение. - емл — 192
emlewxana	емлеўхана	лечебница
emlewshi	емлеўши	1) лекарь; 2) врач
empenlew	емпенлеў	и. д. от емпенле-. - емшек - 1) сосок; 2) женская
endiriw	ендириў	и. д. от ендир- вве - дение, внедрение; жана техниканы ендириў внедрение новой
endirtiw	ендиртиў	и. д. от - ендиртвведёние, вкедрёние
enjarlıq	енжарлық	1) нерешйтельность;
eniw	ениў	и. д. от - ен- - 1) введёние
eiiwshi	еииўши	1) входящий, внедря
enteclew	ентецлеў	и. д. от - ентеқлебыстрое, поспешное движение
burınǵı	бурынғы	давнишний; ен қыйын
eqgezerdey	еқгезердей	очень - крупный
eciresiw	ециресиў	и. д. - от еқиресрыдание (группы людей)
eqiret-	еқирет-	понуд. от ецире- вы
eqiretiw	еқиретиў	и. д. от ецирет
enirsw	енирсў	и. д. от ецире- горь
eqkey-	еқкей-	1) нагибаться, накло
eqkeydi	еқкейди	солнце склонилось к - западу; 5) кланяться
eckeyiw	ецкейиў	и. д. от еқкей
eckeytiw	ецкейтиў	и. д. от - едкейт-.'
edkildew	едкилдеў	и. д. от сдкилдевсхлйпывание. - едее - 1) часть спины между ло
edteriliw	едтерилиў	и. д. от - едтерилтолкани,е, сталкивание; вталки
edteriw	едтериў	и. д. от едтер
juwırıp	жуўырып	журеди он растерянно - бегает; он растерянно мечется
eriniw	ериниў	и. д. о т ерин
erinlestiriw	еринлестириў	и. д. от еринлестир- лабиализация
erisiw	ерисиў	и. д. от ерис- достиже
eristiriw	еристириў	и. д. от еристирспосббствование достижению че
qaytpas	қайтпас	ерлик беззаветная храб - рость; 2) подвиг; эскерий ерлик
ersili-qarsılı	ерсили-қарсылы	1) туда-сюда
qár	қәр	ранняя весна; ерте келдиқ
erteq	ертеқ	1) завтра; куни ертеқ
qaytıp	қайтып	келди на другой день он
er-toqım	ер-тоқым	собир. верховая - сбруя {букв, седлб-потнйк)
JIǴILDI	ЖЫҒЫЛДЫ	он - упал, потеряв со
quw	қуў	жерде балық журе ме - екен?
qa	қа	ақша өткер-перечйслить день
beriw-saylaw	бериў-сайлаў	жыйналысы отчёт
wel	ўел	погов. у несчитающего всё - цело; 2) причислять, прибав
esaplanıw	есапланыў	и. д. от - есаплан- - 1) счёт, подсчйтывание, подсчёт;
esaplastırıw	есапластырыў	и. д. от - есапластыр-.^
esaplasıw	есапласыў	и. д. от - есаплас- - 1) оказание помощи при счёте
esaplatıw	есаплатыў	и. д. от - есаплат
esaplaw	есаплаў	и. д. от - есапла- - 1)
esap-sanaq	есап-санақ	соби р. всякий - учёт;
eseqkirew	есеқкиреў	и. д. от - есенкире- - 1) о с л а б л е н и е ; 2) п о д а в л е н н о е
eserleniw	есерлениў	и. д. от есерлен-. - есерлик - 1) сумасбродство, лег
esersoq	есерсоқ	безрассудный - человек
esersoqlıq	есерсоқлық	безрассудство
qattı	қатты	жаппа - поел. = не плюй
SIZIQ	СЫЗЫҚ	спиральная - линия; 2)
esiriw	есириў	и. д. от - есир- - 1) опья
esiriwshilik	есириўшилик	I) пьянство; 2)
dostıq	достық	ескиси - жақсы /госл.^ста
eski-quskı	ески-қускы	см. ески-тусқы
eski-tusqı	ески-тусқы	хлам, рухлядь, ба
JILQI	ЖЫЛҚЫ	е - ти к о н и н а ; сом е т м я
QOYDI	ҚОЙДЫ	етейген сод соям ы з б а
et-metiq	ет-метиқ	бар - ма? есть ли у тебя
qayda	қайда	или еш бир жерде - нигде;
jabaǵı	жабағы	I жеребёнок в возрасте
jabaǵılı	жабағылы	I; жабағылы байтал
jabayılıq	жабайылық	1) варварство; 2)
jabuwlaw	жабуўлаў	и. д. от жабуўлапокрывание - попоной {лошади
jabuwlı	жабуўлы	с - попоной, покрытый
jabuwsız	жабуўсыз	без - попоны, не по
jabıǵıw	жабығыў	и. д. от - жабық- - 1) истощение; 2) уныние; чувство
jabıq	жабық	I 1) прям, и перен
jabıq-	жабық-	1) худеть, истощаться;
jabıqqan	жабыққан	1) исхудалый, ис
jabıqtır-	жабықтыр-	понуд. от - жабық- - 1) истощать, изнурять; 2) перен
jabılıw	жабылыў	и. д. от - жабыл
jabınıw	жабыныў	и. д. от жабын-. - жабыцқы: қабағы жабыцқы у
jabırqa-	жабырқа-	унывать, быть в уг
jabırqan-	жабырқан-	возвр. от жабырқа-. - жаб — 206
jabırqaqqı	жабырқаққы	унылый, невесё
jabısqan	жабысқан	шалбар брюки в об - тяжку; <> қолдан келмес иске
jabısqaq	жабысқақ	I 1) лйпкий, клей
jabısqaqlıq	жабысқақлық	1) липкость
jabısqısh	жабысқыш	1) легко прилипа
qapı	қапы	жабыусыз қалмасын дверь
boyındaǵı	бойындағы	береговой; тециз жа
ǵasındaǵı	ғасындағы	артиллерия берего
jaǵal-jaǵal	жағал-жағал	всё лицо в грязй. - жағала- - 1) пришивать во
jaǵalasıw	жағаласыў	и. д. от - жагаласдрака, схватка
jaǵalaw	жағалаў	и. д. от - жагала- - 1) пришивание воротника; 2)
jaǵalawshı	жағалаўшы	идущий вдоль бе - рега, по краю чего-л
jaǵallaw	жағаллаў	и. д. от жагаллазагрязнённе
jaǵallı	жағаллы	грязный, запятнан
jaǵalsız	жағалсыз	чйстый, незапятнан
jaǵaltay	жағалтай	кобчик (птица)
jaǵday	жағдай	удобная обстановка для - работы; 2) происшествие, приключёние; басыцнан өткен жагдаиларды аит- рассказывать о
jaǵdaylan-	жағдайлан-	страд, от жаг
jaǵdaylas-	жағдайлас-	вэаимн. от жаг
jaǵdaylasmw	жағдайласмў	и. д. от жагдайлас-. - жагдайлы - 1) удобный; / удоб
jaǵdaypazlıq	жағдайпазлық	1) ссылка на
waqıt	ўақыт	неудобное - время; 2) не
jaǵdaysızlanıw	жағдайсызланыў	и. д. от жаг - дайсызлан- - 1) чувство неудоб
jaǵdaysızlıq	жағдайсызлық	1) неудобство;
jaǵızaq	жағызақ	мед. - волчанка
jaǵızaqlı	жағызақлы	больной волчан
jaǵılıw	жағылыў	и. д, от жағыл
jaǵımlı	жағымлы	приятный, привлека
jaǵımlıq	жағымлық	I рассчйтанный на
jaǵımlılıq	жағымлылық	привлекатель - ность; симпатия, расположение
jaǵımpaz	жағымпаз	льстец, подхалим
jaǵımpazlıq	жағымпазлық	лесть, прислуж
jaǵımsız	жағымсыз	неприятный, не
jaǵımsızlan-	жағымсызлан-	быть - неприятны.м, непривлекательным
jaǵımsızlıq	жағымсызлық	непривлекатель - ность; отсутствие симпатии, рас
jaǵımtallan-	жағымталлан-	см. - жағын- 2
jaǵın-	жағын-	1) воэбр. о т ж ақ-III на
jaǵındır-	жағындыр-	п он уд. от - жағын- - 1) намазывать, натирать; за
jaǵınıw	жағыныў	и. д. от - жағын- - 1) намазывание, натирание; 2)
jaǵınıshlı	жағынышлы	привлекательный
jaǵınıshlılıq	жағынышлылық	привлекатель
jaǵıslıq	жағыслық	место, подходящее
jaǵısshı	жағысшы	перевозчик,лодочник
jaǵıw	жағыў	I и. д. от жақ- I
jaǵıwlı	жағыўлы	I горящий, зажжён
jaǵıwshı	жағыўшы	1) истопник; 2) ко
jadaǵay	жадағай	1) одинарный; жада
ǵay	ғай	шапан халат без - подкладки;
jadaw	жадаў	худой, истощённый, из
jadawla-	жадаўла-	истощить, изнурйть
jadawlaw	жадаўлаў	1) и. д. от жадаўлаистощёние; 2) худенький, поху
jadawraq	жадаўрақ	худощавый. - жадыра- - 1) рассеяться; про
jıyrıǵın	жыйрығын	жаз- разгладить на
jazaǵa	жазаға	тартыл- а) быть наказан
awırı	аўыры	самое тяжкое - наказание;
jazalanıw	жазаланыў	и. д. от жазалан
jazalanıwshı	жазаланыўшы	наказанный. - жазалат-пон1/с). от жазала- за
jazalaw	жазалаў	и. д. от - жазаланаказание; жазалаў экспедициясы карательная экспедйция
jazasızlıq	жазасызлық	безнаказанность
jazatayımlıq	жазатайымлық	случайность
jazǵı	жазғы	летний; жазғы кийим
jazǵısh	жазғыш	умеющий - писать, хо
jazdırıw	жаздырыў	1 и .д . от жаздыр- I
ǵıla	ғыла	жазлады он чуть не упал
jazlıq	жазлық	яровой; жазлық бийдай яровая пшеница
jazlıqlastırıw	жазлықластырыў	яровизация
jazıq	жазық	I вина, проступок; са
jazıqla-	жазықла-	обвинять, осуждать
jazıqlaw	жазықлаў	и. д. от - жазықлаобвинёние, осуждёние кого-чего-л
jazıqlı	жазықлы	виноватый, прови
jazıqlıq	жазықлық	равнина
jazıqlılıq	жазықлылық	виновность
jazıqsız	жазықсыз	безвинный, невин
jazıqshı	жазықшы	см. жазықлы
jazıqshıl	жазықшыл	с.н. жазықлы. - жазы-қысы - 1) зимой и лётом;
jazılısıw	жазылысыў	и. д. о/п жазылыс
jazılıw	жазылыў	I и. д. от жазыл- I
jazılıwlı	жазылыўлы	написанный
jazılıwshı	жазылыўшы	подпйсчик; га
jazıcqı	жазыцқы	немного распрямив - шийся; <> жазыцқы бет а) широ
jazıw-sızıw	жазыў-сызыў	а) писание; б) по
jazıw	жазыў	П и.д. от - жаз- II 1) раз
jazıwsız	жазыўсыз	без - надписи; / не
jazıwshı	жазыўшы	пйшущий; / писа
jazıwshılıq	жазыўшылық	профессия или
jaytastırıw	жайтастырыў	и. д. от жайтас - тыр- - 1) устраивание, помеще
jaytasıw	жайтасыў	и. д. от - жайтас- - 1) устройство, размещение; 2)
jaydaq	жайдақ	мин- или жайдақ - атқа
partiyanıq	партиянық	ишки демократиясын
jaylanıw	жайланыў	и. д. от. жайлан
jaylastırıw	жайластырыў	и. д. от жай
jaylasıw	жайласыў	и. д. от жайлас-. - жайлат- I п он уд. от жайла- I
jaylaw	жайлаў	I 1) и. д. от жайла- I;
jaylawları	жайлаўлары	высокогорные паст
jaylawlas	жайлаўлас	имеющие общее лет
jaylawlas-	жайлаўлас-	иметь ббщее лет
jaylawshı	жайлаўшы	обитатель, жйтель
shıqtı	шықты	(на нёбе) засверкали звёз
jatqan	жатқан	затлар разбросанные вёщи. - жайнаган I прям, и перен
jaypaq	жайпақ	см. жалпақ
jayparaxatlıq	жайпарахатлық	спокойствие
jaypaw	жайпаў	и. д. от - жайпа- - 1) потоплёние; 2) потрава
jaypawıt	жайпаўыт	пологий - спуск; по
jaypawıtla-	жайпаўытла-	сдёлать что-л. - плоским, пологим
jaypawıtlı	жайпаўытлы	имёющий поло
jaypawıtlıq	жайпаўытлық	ровное пологое
jayraq	жайрақ	тихо, потихоньку
jayraw	жайраў	и. д. от жайра-. - жайсыз - 1) неудобный, непод
jaysızlıq	жайсызлық	1) неудобство; 2)
jaytaqlaw	жайтақлаў	и. д. от жайтадла-. - жайша: жайша да так себе
jayshılıq	жайшылық	I) спокойствие, ти
jayıq	жайық	I широкий; аўзы жаЙЫҚ у него широкий рот
Jayıq	Жайық	II ист. река Яйк
jayılǵan	жайылған	1) разостланный; рас
malǵa	малға	жайылым жоқ жер не
jayılıw	жайылыў	I и. д. от жайыл- I
jayıwlı	жайыўлы	1) разостланный;
jayıwshı	жайыўшы	I 1) расстилающий;
jaǵın	жағын	таян- подперёть ладонью - подбородок, щеку
jaq	жақ	II 1) сторона, бок; сол
jaqlyovaya	жақлёвая	сторона; он жақ пра
jaǵı	жағы	эта сторона - дёла; мен сен
jaǵında	жағында	около; уй жағында
kinoǵa	киноға	барасац - ба? — жақ, бармайман ты пойдёшь в кино?
jaq-	жақ-	I 1) нравиться; ол маған
jaqtı	жақты	он мне - понравился; майдай жағады очень нравится;
jaqpas	жақпас	погов. правда глаза ко - лет (букв, правдивое с.пбво род
jaqlawshı	жақлаўшы	сторонник, защит
jakpaytuǵın	жакпайтуғын	несимпатичный
jakpawshılıq	жакпаўшылық	антипатия
jaqsartıw	жақсартыў	и. д. о т жак
jaksartıw	жаксартыў	улучшение породы
jaqsıla-	жақсыла-	1) одобрять; 2) улуч
jaksılaw	жаксылаў	и. д. от - жаксыла- - 1) одобрение; 2) улучшение
jaqsılıqlı	жақсылықлы	содержащий в
jaqtıla-	жақтыла-	освещать, делать
jaqtılan-	жақтылан-	возвр. от - жақтылаосвещаться, становйться свет
jaqtılandır-	жақтыландыр-	п он уд. от жақ
jaqtılanıw	жақтыланыў	и. д. от жактылан
jaqtılat-	жақтылат-	п онуд. о т жақтылазаставить - освещать, делать свет
jaqtılıq	жақтылық	свет; / светлый
jaqtır-	жақтыр-	I пон уд. от жақ- I
jaqtırıw	жақтырыў	I и. д. от жақтыр- I
jaqsha	жақша	скобки; жақша ашыў
jaqın	жақын	ара блйзкое расстоя - ние; жақын қалдық мы уже
jaqındaǵı	жақындағы	1) блйзкий, блйжнпй; близлежащий; 2) недавний;
jaqın-juwıq	жақын-жуўық	собир. - родня
jaqınla-	жақынла-	быть - около, быть
jaqınlaǵanda	жақынлағанда	приближаясь к - городу; тац атыўға жақынлады
jaqınlas-	жақынлас-	езаим н. от жа
qınla-	қынла-	приближаться друг к - другу, становйться рядом; сбли
jaqınlastır-	жақынластыр-	п он уд. от жа
qınlas-	қынлас-	приближать друг к дру - гу; сближать
jaqınlasıw	жақынласыў	и. д. от жақынлас- приближение друг к - другу;
jaqınlat-	жақынлат-	п он уд. от жақынла- подпускать к - себе; приблйзить; жанына жақынлатпайды
jaqınlattır-	жақынлаттыр-	пон уд. от жа
qınlat-	қынлат-	заставить подпускать к - себе; заставить приблизить
jaqınlatıl-	жақынлатыл-	ст - рад, от жа
jaqınlatıw	жақынлатыў	и. д. от жақынлат- - приближение
jaqınlaw	жақынлаў	и. д. от жақынлаприближёние
jaqınlawshılıq	жақынлаўшылық	приближение
jaqınshıl	жақыншыл	человек, поддер
jaqınshılıq	жақыншылық	см. жақынлық. - жал I грива; загривок; ыйық
barmaǵın	бармағын	жалайды погое. кто
jalaq	жалақ	1) трещина на губах; 2)
jalaq-jalaq	жалақ-жалақ	грязный {напр. о
jalaqla-	жалақла-	см. жалацла
jalaqlat-	жалақлат-	п онуд. от - жалақла-;
qabat	қабат	одинарный, в один слой;
jalacashlaw	жалацашлаў	и. д. от жала
jalacashlıq	жалацашлық	оголённость, об
jalacbaslaw	жалацбаслаў	и. д. от жалац
jalacǵat	жалацғат	одинарный; жалац
ǵat	ғат	пальто демисезонное пальто. - жалац-жалац - 1) вертлявый; 2)
jalacqayalıq	жалацқаялық	1) подхалимство;
jalaclaǵan	жалацлаған	бойкий, растороп
jalanlaw	жаланлаў	и. д. от жаланла
jalataylıq	жалатайлық	мошенничество
jalaxorlıq	жалахорлық	склонность, при
jalbıraqla-	жалбырақла-	1) выказывать
jalbıraqlap	жалбырақлап	қалдыц? что ты ко
jalǵa-	жалға-	1) надставлять {напр
jalǵamaysac	жалғамайсац	ты никогда мне
jalǵama	жалғама	связанный
jalǵamay	жалғамай	составленный из об - резков {напр. о верёвке)
jalǵamalı	жалғамалы	1) надставленный;
ǵamalı	ғамалы	тиллер агглютинативные
jalǵannan	жалғаннан	притворно; жалған яр
jalǵan-	жалған-	возвр.-ст - рад, от жал
ǵa-	ға-	1) надставляться; быть над
jalǵanlıq	жалғанлық	ложь; / ложный;
jalǵanshı	жалғаншы	лгун, лжец, обманщик;/обманчивый, ложный; жал
ǵanshı	ғаншы	болма- сдержать сло - во {букв, не оказаться лжецом)
jalǵanshılıq	жалғаншылық	см. жалғанлық
jalǵas-	жалғас-	взаим н. от - жалра- - 1) надставлять вмест е с кем -л
jalǵastır-	жалғастыр-	понуд. от жалғас-. - жал — 219 — - ^ к а л
jalǵasıq	жалғасық	помощь
jalǵat-	жалғат-	понуд. от - жалға- - 1)
jalǵattır-	жалғаттыр-	понуд. от жалғат-. - жалғаў - 1) и. д. от жалға-;
jalǵaw	жалғаў	или сез жасаўшы жал
jalǵız	жалғыз	1) едйнствеиный, оди
-jalǵız	-жалғыз	одйн-одинёшеиек; жал
ǵız-jarım	ғыз-жарым	а) одинокий; б) в
jalǵızaq	жалғызақ	вепрь, кабан
jalǵızla-	жалғызла-	действовать в оди
jalǵızlan-	жалғызлан-	ст - рад, от жал
ǵızla-	ғызла-	быть одиноким
jalǵızlanıw	жалғызланыў	и. д. от жал
ǴIZLIQ	ҒЫЗЛЫҚ	шек- чувствовать оди
jalǵızsın-	жалғызсын-	чувствовать себя
jalǵızsıra-	жалғызсыра-	чувствовать оди - ночество; скучать в одиночестве
jalǵızsırat-	жалғызсырат-	понуд. от жал
ǵızsıra-	ғызсыра-	дать почувствовать - одиночество; заставить скучать
jalǵızshılıq	жалғызшылық	одиночество
jalqaw	жалқаў	ленйвый; / лентяй, л о
jalqawlan-	жалқаўлан-	ленйться
jalqawlanıw	жалқаўланыў	и. д. от жал
qawlan-	қаўлан-	леность, лень
jalqawlıq	жалқаўлық	леность, лодырни
jalqı	жалқы	едйнствеиный, одйн (о
suwdan	суўдан	ат жаллап өт- переправ
jallanıw	жалланыў	и. д. от жаллан
jallanıwshı	жалланыўшы	наёмник; / на
jallaw	жаллаў	и. д. от - жалла- I
jallawshı	жаллаўшы	нанимающий; / на
jallıqlı	жаллықлы	имеющий мёлкий
jalmawızlıq	жалмаўызлық	прожорливость
jalpayıw	жалпайыў	и. д. от - жалпайрасплющивание; распластывание
jalpaq	жалпақ	1) плоский; широкий;
jalpaqlıq	жалпақлық	плоскость
jalpılaw	жалпылаў	обобщение
jalpıldaq	жалпылдақ	1) прйхвостень
jalpıldaqlıq	жалпылдақлық	1) подхалймство; приспёшничество, пособниче
jalpıldawshılıq	жалпылдаўшылық	см. жалпылдақлық
jalpıldawıq	жалпылдаўық	см - жалпылдақ
qala	қала	жазладым моя лошадь ша - рахнулась, и я чуть не упал;
jaltaq	жалтақ	нерешительный, бояз
jaltaqla-	жалтақла-	1) проявлять не
jaltaqlas-	жалтақлас-	взаимн. от жалтақла
jaltaqlıq	жалтақлық	нерешительность
jaltanshaq	жалтаншақ	1) пугливый, бояз
jaltarǵısh	жалтарғыш	1) увёртливый
jaltarǵıshlıq	жалтарғышлық	1) увёртли
jaltıraq	жалтырақ	блеск; / блестящий
jaltırawıq	жалтыраўық	с.«. жалтырақ
jaltırawıqlı	жалтыраўықлы	блестящий, с
jaltırawıqsız	жалтыраўықсыз	без - блеска
jalshılıq	жалшылық	батрачество
jalıǵıw	жалығыў	и. д. от жалық-. - жалык.- - 1) лениться; 2) утом
jalıqtır-	жалықтыр-	понуд. от - жалық- - 1) вызвать лень; 2) утомйть
jalıqtıratuǵın	жалықтыратуғын	томитель - ный; жалықтыратуғын күттириў томительное ожидание
jalıqtırǵısh	жалықтырғыш	1) утомитель
jalıqtırıw	жалықтырыў	и. д. от жалық
jalınlatıw	жалынлатыў	и. д. от жалын
jalınlaw	жалынлаў	и. д. от жалынла
jalınıp-jalbarıwshı	жалынып-жалбарыўшы	стра
jalınıw	жалыныў	и. д. огп жалынобращёние с - просьбой, упраши
saǵan	саған	жалынышлы емеспен я не
jalınıshsızlıq	жалынышсызлық	незавйсимость
otka-jamǵa	отка-жамға	түседи погов. ради
jamaylıq	жамайлық	уст. - классовость;
jpmalıw	жпмалыў	и. д. от - жамал- - 1)
jamanlanǵan	жаманланған	отрицательный:
jamanlıq	жаманлық	1) зло; жаманлық
jamanlıqlı	жаманлықлы	плохой, дурной;
jamanshılıq	жаманшылық	плохое отноше
jamawshılık	жамаўшылык	занятие штопа
jambaslaw	жамбаслаў	и. д. от жамбаслалежание на боку
jambaslıq	жамбаслық	анат. тазовая
jamǵır	жамғыр	дождь; жамгыр жаўды
jamǵırlıq	жамғырлық	дождливость; / до
jampayıw	жампайыў	и. д. от жампай
jampaq	жампақ	низкорослый
jampaqla-	жампақла-	1) ходить припадая
jampaqlat-	жампақлат-	понУд. от жампанла
jampaclaw	жампацлаў	и. д. от жампацла
jampıyǵan	жампыйған	1) покривйвшийся;
jampıyıw	жампыйыў	и. д. от жампый-. - жампық - 1) кривоногий; косо
jampıq-jampıq	жампық-жампық	совершенно - стоптанный (об обуви)
jampıqlan-	жампықлан-	1) быть криво
jamılǵı	жамылғы	покрывало
jamılǵısh	жамылғыш	см. жамылғы
jamılıw	жамылыў	и. д. от - жамылукрывание, покрывание (напр
janındaǵı	жанындағы	находящийся - около
TÁSLIM	ТӘСЛИМ	ет- умереть, скончаться;
SHIQGI	ШЫҚГЫ	а) он испустил дух; он
tóbeme	төбеме	ШЫҚТЫ я сйльно испугал - ся, у меня душа в пятки ушла
awırǵanı	аўырғаны	жаман жаныма батып
shıǵarma-	шығарма-	не мучь - меня {букв
alǵısh	алғыш	а) рел. ангел смерти; б) пе
alǵıshımday	алғышымдай	көремен я его непавйжу всей - душой; жан
janǵa	жанға	тийетуғын - едкий, язвйтельный; жанға тийетуғын мазақ
ǵın	ғын	күлки язвйтельный - смех; жарым жан человек, не пригодный
jana-janlıq	жана-жанлық	1) дружеские
jan-alqım	жан-алқым	агония
salıq	салық	косвенный - налог; жанапай
janbaw	жанбаў	верёвка {привязывае
jandarmlıq	жандармлық	жандармский
janjaq	жанжақ	вокруг, кругом; / ок
janlıq	жанлық	мелкий домашний - скот
jansızlıq	жансызлық	занятие - шпиона
jantaq	жантақ	бот. верблюжья ко
jantaqlı	жантақлы	покрытый вер
jantaqlıq	жантақлық	местность, изоби
jantasıw	жантасыў	и. д. от жантасприближёние. - жантықразг. - 1) кособокий, по
janıw	жаныў	и. д. от - жан- - 1) горе
janıwar	жаныўар	животное
janıwlı	жаныўлы	II зажжённый
jaqa	жақа	I новый; обновлённый;
jacalıq	жацалық	новость, новинка; не
jacarıw	жацарыў	и. д. от жацаробновлёние
jacǵaq	жацғақ	грецкий - орех
jacǵızlıq	жацғызлық	см. жалғызлық
jacǵır-	жацғыр-	звучйть, отдаваться
jacǵırla-	жацғырла-	I) греметь {напр
jacǵırt-	жацғырт-	понуд. от жацғырвызывать - эхо; оглашать, на
jacǵırtqan	жацғыртқан	нама еситилди слы
sayrawı	сайраўы	тоғайдыц ишин жац
ǵırttı	ғыртты	пение птиц огласило лес
jacǵırtıw	жацғыртыў	и. д. от жацғырт-. - жацғырық I эхо, отзвук
jacǵırıq	жацғырық	II подставка для
jacǵırıw	жацғырыў	и. д. от - жацғырзвучание (эха)
jacqa	жацқа	1) стружка; щепка;
jaclatıw	жацлатыў	и. д. от жацлат
jacılǵısh	жацылғыш	ошибающийся, пу
jacıldırıw	жацылдырыў	и. д. от жацыл
jacıltıw	жацылтыў	см. жацылдырыў
jacılıstırıw	жацылыстырыў	и. д. от жа
jacılısıw	жацылысыў	и. д. от жацуЛЫС
jacılıw	жацылыў	и. д. от жацылвведёние в заблуждение. - жап I небольшой ороситель
ıǵı	ығы	нижнее течение - канала;
jap-jaqın	жап-жақын	совсем - близко;
úy	үй	жап- покрывать - юрту; балаға көрпе жап- покрывать ре
awzıkdı	аўзыкды	жап! замолчй! (букв
dúz	дүз	или жапан дала безлюдная. - пустынная, необитаемая мест
japatarmaqay	жапатармақай	все - сразу; жапатармақай умтылды все сразу
japqısh	жапқыш	покрышка; ал
japlıq	жаплық	местность, где много
japsırıw	жапсырыў	и. д. от жапсырприлипание
jabuw	жабуў	жаптыр- покрыть попо - ной; 2) заставить затворять, за
zakwporit'	закўпорить	(напр. бутылку);
japtırıw	жаптырыў	и. д. от жаптыр-. - жапыр- - 1) сваливать, валйть;
japıraqla-	жапырақла-	I) распускаться
japıraqlan-	жапырақлан-	возвр. от жапырақла
japıraqlas-	жапырақлас-	взаимн. от жапырақла
japıraqlaw	жапырақлаў	и. д. от жапырақла
japıraqlı	жапырақлы	имеющий - листья
japırıq	жапырық	1) продавленный
japırılǵak	жапырылғак	см. жапырыл
QINDI	ҚЫНДЫ	жарып ӨТТИ пароход - прошёл, рассекая волны; қарық
jaradarlıq	жарадарлық	состояние ране
jaraq	жарақ	оружие, вооружение;
qural-jaraq	қурал-жарақ	вооружение
jaraqat	жарақат	см. жарахат
jaraqla-	жарақла-	вооружать
jaraqlan-	жарақлан-	страд, от жарақлабыть вооружённым; вооружать
jaraqlandır-	жарақландыр-	понуд. от жарақлан- вооружать
jaraqlandırıw	жарақландырыў	и. д. от жарақландыр- - вооружение, снаб
jaraqlanıw	жарақланыў	и. д. от жарақ
jaraqlı	жарақлы	вооружённый; жарақлыға жаў жолықпас погов. во
jaraqsız	жарақсыз	невооружённый, без
jaramaslıq	жарамаслық	1) негодность, не
dayǵa	дайға	жарамлы подходящий к
jaramlılıq	жарамлылық	годность, при
jaramsaq	жарамсақ	льстец, подха
jaramsaqlan-	жарамсақлан-	льстить, подха
jaramsaqlıq	жарамсақлық	лесть, подха
jaramsızlıq	жарамсызлық	негодность, не
jaranǵısh	жаранғыш	1)тот, кто старается
jaranǵıshlıq	жаранғышлық	1) угождение
jaranıwshılıq	жараныўшылық	см. жаранғы
jararlıq	жарарлық	годный, пригодный;
jarasıq	жарасық	к - лицу; жарасығы
jarasıqlı	жарасықлы	к - лицу; подходя
SIQLI	СЫҚЛЫ	кийин- одеваться со вку
jarasıqsız	жарасықсыз	не к - лицу; непод
jaratqan	жаратқан	рел. - создатель, тво
jarbaqay	жарбақай	подхалим, прихво
jarbaqaylan-	жарбақайлан-	льстить, под
jarbaqlat-	жарбақлат-	понуд. от жар
jarbaclaw	жарбацлаў	и. д. от - жарбацлалесть, угодничание
jarǵaq	жарғақ	выделанная - кожа; жаргақ шалбар кожаные брюки
jarǵaqtay	жарғақтай	худой, тощий
jarǵanat	жарғанат	летучая - мышь
jarǵı	жарғы	пила
jarǵız-	жарғыз-	понуд. от - жар- - 1)
jarǵızıl-	жарғызыл-	страд, от жарғыз-;
jarǵızıw	жарғызыў	и. д. от жарғыз-. - жарғыш: муз жарғыш ледо
jarq	жарқ	подражательное - слово
jarq-jurq	жарқ-журқ	подражательное - выражение, употребляющееся для
jarqılda-	жарқылда-	см. жарқыра
jarqıldı	жарқылды	вспышка - света; пла
jarqın	жарқын	светлый, лучезарный;
jarqıra-	жарқыра-	1) блестеть, свер
qırap	қырап	турған кун яркое - солнце;
jarqıraǵısh	жарқырағыш	блестящий, све
jarqırat-	жарқырат-	понуд. от жарцыравызывать - блеск, сверкание, сия
jarqıraw	жарқыраў	и. д. от - жарқыраблеск, сверкание, сияние
jarqırauıq	жарқырауық	блеск, сверка т
jarqırawıqlı	жарқыраўықлы	блестящий
jarlılandırıw	жарлыландырыў	и. д. от жар
jarlılıq	жарлылық	бедность, нищета;
jarlıshılıq	жарлышылық	см. жарлылық. - жарма I канал, берущий на
jarmalıq	жармалық	колйчество - крупы
qalmay	қалмай	жүр он неотступно ходит
jarnaq	жарнақ	доля, пай
jarnaqlas	жарнақлас	пайщик, участник
jarnaqlas-	жарнақлас-	входить в пай вме
jarnaqshı	жарнақшы	см. жарнақлас
jarpaq	жарпақ	см. жапырақ
jarpaqla-	жарпақла-	см. жапырақла
jartılaw	жартылаў	и. д. от жартыла
jartılıq	жартылық	пол-литра
jartıwlı	жартыўлы	удовлетворяющий
jartıwsız	жартыўсыз	1) неудовлетво
jarıq	жарық	I свет, луч света; блеск;
SHIQ-	ШЫҚ-	выйти в - свет (о книге)
jarıqlıq	жарықлық	I) свет; 2) перен
jarılǵısh	жарылғыш	I) легко раскалы
jarılǵıshlıq	жарылғышлық	взрывчатость
jarılqa-	жарылқа-	рел. - 1) благосло
jarılqasın	жарылқасын	благодарность;
jarılqat-	жарылқат-	понуд. от - жарыл
qa-	қа-	1) заставить благословлять;
jarılqaw	жарылқаў	и. д. от - жарылца
OQ	ОҚ	разрывная - пуля
jarılıw	жарылыў	1) и. д: от жарыл-;
luwmatlar	луўматлар	обрывки - сведений;
jarımlıq	жарымлық	разе, пол-лйтра; <■
jarınǵı	жарынғы	в будущем - году
wır-	ўыр-	бежать - взапуски; 2) сорев
jırısqaq	жырысқақ	1) любитель состя
jarıspaq	жарыспақ	см. жарыс
jarıstırıw	жарыстырыў	и. д. от жарыстыр-. - жарыстырыўшы - 1) инициатор
jarısıw	жарысыў	I и. д. от жарыс- I
jarıw	жарыў	II и. д. от жары
jarıwsız	жарыўсыз	I нераскблотый
jarıwshı	жарыўшы	дровосек
jarıyalatıw	жарыялатыў	и. д. от жарыя
jarıyalaw	жарыялаў	и. д. от - жарыяла
jasqa	жасқа	жет- достигнуть совер - шеннолетия; мектеп жасына
jasalıw	жасалыў	и. д. от жасал
jasanıw	жасаныў	и. д. от - жасан* прихорашивание
jasanıwshılıq	жасаныўшылық	щегольство
jasacqıra-	жасацқыра-	ещё немного пожить
jasacqıraǵan	жасацқыраған	пожилой
jasartıw	жасартыў	и. д. от жасартомолаживание
jasarıw	жасарыў	и. д. от жасар-. - жасас- I взаимн. от жаса- I
jasatıw	жасатыў	и. д. от - жасат- I
jasatıwshı	жасатыўшы	производящий, де
jasaw	жасаў	I и. д. от жаса- I 1) создавапие; 2) устройство
jasawǵa	жасаўға	уқыплы - жизнеспосббшлй; жасаўға уқыплы адам ж изнеспособный человек
jasawra-	жасаўра-	слезиться; көзи жасаўрап кетти у него из глаз
jasawrat-	жасаўрат-	понуд. от жасаўразаставить - прослезиться
jasawraw	жасаўраў	и. д. от жасаўра-. - жасаўшы I 1) строитель; созд.зтель; / производящий, делаю
jasawshı	жасаўшы	II житель; / жипущим, проживающий
jasawıl	жасаўыл	ист. - 1) исполнитель
jasawıl-bası	жасаўыл-басы	ист. - есаул-башй {название крупной воинской
ǴIZ	ҒЫЗ	басыдды паналапсац жас
qaǵa	қаға	фольк. защищая свою го - лову, ты укрылся в ложбине
jasqa-	жасқа-	замахиваться
jasqan-	жасқан-	1) отшатнуться, увер
jasqandır-	жасқандыр-	понуд. от - жас
qan-	қан-	1) заставить отшатнуться
jasqanshaq	жасқаншақ	пугливый, несме
jasqanshaqlıq	жасқаншақлық	пуглйвость, ро
jaslıq	жаслық	юность, молодость;
jastaǵı	жастағы	в - возрасте..., #лётний; он жастағы десятилетний
jasıq	жасық	1) худощавый; исхуда
jasıqlıq	жасықлық	1) худощавость;
jasıllanıw	жасылланыў	и. д. от жасыллан
jasıllıraq	жасыллырақ	зеленоватый
rıwın	рыўын	жасырған оледи погов
jasırtıw	жасыртыў	и. д. от жасырт
jasırınbaq	жасырынбақ	прятки; жасырынбақ ойна- играть в прятки
jasırınlıq	жасырынлық	1) секретность;
jasırınıw	жасырыныў	и. д. с т жасырын
jasırıw	жасырыў	и. д. от - жасырпрятание, скрывание, утаивание
jasırıwshılıq	жасырыўшылық	укрыватель - ство; ол жасырыўшылық пенен
shuǵıllanadı	шуғылланады	он занимается укрывател ьством
jaqsınıc	жақсыныц	жаты - болмайды, жаманныц уяты болмайды поел, нет
uyıqlap	уйықлап	жат- - спать; ояў жатне спать; дем алып жат- отды
jataq	жатақ	1) место лежания; жатақ
jataqxana	жатақхана	1) место ночлега;
jatqar-	жатқар-	понуд. от жат- поло - жить, заставить лежать; ке
selxanaǵa	селханаға	жатқар- положить
waqıyanı	ўақыяны	XVI эсирге жат
qaramız	қарамыз	что событие мы от - носим к XVI веку
jatqart-	жатқарт-	понуд. от жат
jatqarıs-	жатқарыс-	взаимн. от жат
qar-	қар-	класть вместе с кем-л
jatqarıw	жатқарыў	и. д. от жатқар
jatqız-	жатқыз-	см. ксатқар-. - жатлас- - 1) разделяться на
jatlıq	жатлық	отчуждённость
jatlıq-	жатлық-	1) привыкать (напр
jatlıqtır-	жатлықтыр-	понуд. от - жатЛЫҚ- - 1) приучать (напр. к ра
jatshılıq	жатшылық	см. жатлық. - жатық - 1) пологий, отлогий; жаТЫҚ жара пологий берег; 2) перен
jatırqa-	жатырқа-	чуждаться; стес
jatırqas-	жатырқас-	взаимн. от жатыр
jatırqat-	жатырқат-	понуд. отжатырқа
jatırqaw	жатырқаў	и. д. от - жатырқа»
kóp	көп	болады - поел, если будет
jaw-	жаў-	падать, идти (об осадках);
jawdı	жаўды	пули сыпались градом
wanlar	ўанлар	мерекеге келди девушки
jawdırat-	жаўдырат-	понуд. о/п жаудыра
jawdırıw	жаўдырыў	и. д. от - жаўдыр-;
jaw-jaraq	жаў-жарақ	оружие, вооруже
jawqıldat-	жаўқылдат-	говорить скоро - говоркой; жаўқылдатып сөйлеили жаўқылдап сөйле- говорить
jawqıldatıw	жаўқылдатыў	и. д. от жаў
jawlas-	жаўлас-	взаимн. от жаўластать врагами
jawlastır-	жаўластыр-	понуд. от - жаўласпоссбрить, сделать врагами
jawlastırıw	жаўластырыў	и. д. от жаўластыр- ссора
jawlasıw	жаўласыў	и. д. от жаўласвраждёбные отношения
jawlaw	жаўлаў	и. д. от жаўла- пресле
jawlı	жаўлы	имеющий - врага
jawlıq	жаўлық	I большой белый го
jawlıqlı	жаўлықлы	имеющая белый пла - ток; см. жаўлық I
jawmıt	жаўмыт	йомўд (одно из т урк
jawmıtlı	жаўмытлы	йо.мўдский, йомўд
jawra-	жаўра-	мёрзнуть, зябнуть;
jawracqı	жаўрацқы	слегка - озябший, за
jawrat-	жаўрат-	понуд. от жаўра
jawraw	жаўраў	и. д. от жаўра
jawshı	жаўшы	сват; жаўшы бол- ид
jawshılıq	жаўшылық	положение или обя
jawız	жаўыз	нийетли злоумышленник. - жаўызлан- - 1) становиться злоде
jawızlanıw	жаўызланыў	и. д. от жаўызланзлббствование. - жаўызлық - 1) злодейство; 2)
jawın	жаўын	дождь; жаўын силпилеп
jawınger	жаўынгер	боец, воин; / бо
wıngeri	ўынгери	боец Советской Армии
jawıngerlik	жаўынгерлик	отвага, герой
jawınlı	жаўынлы	дождливый; жаўынлы күн дождливый день
jawır	жаўыр	потёртость, рана (напр
jawırın	жаўырын	плечо; оныц жаўы
jawırınlı	жаўырынлы	широкоплечий
jawıw	жаўыў	и. д. от жаў- - выпадение
jayaw	жаяў	пешком; / пеший; жаяў
jayawlap	жаяўлап	жылыс- идти медленно - пешком; атлы-мшяўлы пешие и
jayawshılıq	жаяўшылық	пешее - хождение
jábdilesiw	жәбдилесиў	и. д. от жэбдилес- 1) организация; 2) коллек
jábirleniw	жәбирлениў	и. д. от жэбирлен
jábirlewshilik	жәбирлеўшилик	1) притеснение;
JEDIGÓY	ЖЭДИГӨЙ	1) волшебник, чаро
jedigóyleniw	жэдигөйлениў	и. д. от - жэдиЛСН
JEDIGÓYLIK	ЖЭДИГӨЙЛИК	1) волшебство, ча
jemiyetlestiriw	жэмийетлестириў	и. д. от
qwral	қўрал	ҲЭМ ондирис эсбапларын
awqatlandırıw	аўқатландырыў	общественное - питакие; ж эм ийетлик кейис об
metkerlerdiq	меткерлердиқ	көпш илиги жэм
maqtamas	мақтамас	поел, незнакомого не
qaida	қаида	жекке жүрме погов. не
nıw	ныў	культ - лйчности; мен сизге
jekkesiretiw	жеккесиретиў	и. д. от жекке
jekkesirew	жеккесиреў	и. д. от жеккесиречувство - одиночества
jekkiziw	жеккизиў	и. д. от жеккиз
QILDI	ҚЫЛДЫ	он его - сокрушйл; жексен
jelbaw	желбаў	две верёвки в - юрте
jglbigsyleniw	жглбигсйлениў	и. д. от - желби1ч-йжч1 - надевание чего-л. внакйдиу
jeleq	желеқ	I рысйстый; желен ат
jeligiw	желигиў	и. д. от желиксйльное - возбуждение, возбуж
jeliktiriw	желиктириў	и. д. от - желиктирвозбуждсние, раззадбривание
jelimleniw	желимлениў	и. д. от желим
jelimletiw	желимлетиў	и. д. от желим
jelimlew	желимлеў	и. д. от желимлесмазывание - клеем; склеивание
jelimlewli	желимлеўли	смазанный - клеем;
jeliniw	желиниў	и. д. от желин
jelinlew	желинлеў	и. д. от - желинленабухание (вымени перед отё
jeliw	желиў	и. д. от жел- бег - рысью
bórige	бөриге	жем - поел, овца-одинбчка - волку корм; 2) см. жемтик
jerilletiw	жериллетиў	и. д. от - жериллет- - 1) о б л е гч е н и е , у м е н ь ш е н и е в ес а ;
jerillew	жериллеў	и. д. от жерилле-. - жериллик - 1) облегчение; жериллик ал- получйть облегчение;
jerilsiniw	жерилсиниў	и. д. от жерил
jerisiw	жерисиў	и. д. от жерис
jeriw	жериў	и. д. от жер
jeriwshi	жериўши	победйтель
SHIQ	ШЫҚ	емес отснзда до - города ,н е
ekonomikalıq	экономикалық	кризис мировой
turǵan	турған	жери вы сш ая степень - чего-л., предел; ку л ьм и н ац и о н
jerkeniw	жеркениў	и. д. от жеркен
jerlew	жерлеў	и. д. от жерле- п о - гребение, захоронение
jer-suw	жер-суў	угодье
barlıǵımızǵa	барлығымызға	жетеди хватит
ÓZIC	ӨЗИЦ	т а ц л а ғ а н қ ә н и г е л и ғ и ц д е
SÓGILDI	СӨГИЛДИ	а) р а с п о л з л о с ь по ш в а м ;
jinayatsızlıq	жинаятсызлық	невиновность
jiqishkelen-	жиқишкелен-	возвр. от жи
jiqishkelet-	жиқишкелет-	понуд. от жи
ZIQTI	ЗЫҚТЫ	жерге житире қақ вгони
joybarsızlıq	жойбарсызлық	уст. бесплано
TOPTIQ	ТОПТЫҚ	арасында жойыл- терять
joyıw	жойыў	и. д. от - жой- - 1) потеря;
LIQTI	ЛЫҚТЫ	жойыу ликвидация не - грамотности
kórgen	көрген	жоқпан я не - вйдел; алған
joqarǵı	жоқарғы	1) верхний; жоқарғы
kóteril-	көтерил-	подняться на второй - этаж; жокарыда наверху; Л40
aytılǵan	айтылған	вышесказанное; жо
karıdaǵı	карыдағы	көрсетилген вышеотмёченные. - жоқарыла- - 1) подниматься
qarı	қары	ла- подниматься с - кем -л
JOQSHI	ЖОҚШЫ	разы скиваю щ ий п р о
JOQSHILIQ	ЖОҚШЫЛЫҚ	бёд н о - сть, н у ж д а
tuǵı	туғы	н ис емес недопустймбе - дело; жол қоймаў недопущ ение
JOLIǴIS-	ЖОЛЫҒЫС-	взаимн. от ж олы қ- - встречаться; бизлер ж ийи ж олы
ǴIS-	ҒЫС-	заставить - встречаться, уст
qay	қай	дан ж олы қты - райы н? а где
JONǴI	ЖОНҒЫ	ф у г а н о к , р у б а н о к
JOQǴI	ЖОҚҒЫ	см. ЖОНҒЫ
jorǵa	жорға	иноходец; суу қойса тө
jorǵalı	жорғалы	человек, имеющий
taq	тақ	л ат
JÓGISHILIK	ЖӨГИШИЛИК	см. ЖӨГИЛИК
jóke	жөке	рогож а
JÓLIKLIK	ЖӨЛИКЛИК	раза. - 1) ж у л ь н и ч е
JÓNSIZ	ЖӨНСИЗ	1) непорядочный, непу
JÓNSIZLIK	ЖӨНСИЗЛИК	1) непорядочность
jóple-	жөпле-	держать чью-л. сто - рону, поддерживать кого-л
jórgeklew	жөргеклеў	и. д. от жаргеклепеленанке
jateltiw	жателтиў	и. д. от жателт
jubaylaslıq	жубайласлық	парность
jubanıw	жубаныў	и. д. от - жубануспокоёние, самоуспокоение
jubatıw	жубатыў	и. д. от жубат- уте - шение, успокоение кого-л
juǵım	жуғым	1) прилйпчивость; 2)
juǵımlı	жуғымлы	1) прилйпчивый; 2)
tamaq	тамақ	питательная пйща. - жуғымсыз - 1) неприлйпчивый;
juǵımtallı	жуғымталлы	см. жугымлы
juǵın-	жуғын-	см. - жук
juǵıw	жуғыў	и. д. от - жуқ- - 1) прили
judalıq	жудалық	лишение, потеря
judırıq	жудырық	кулак; жығылғанға
judırıqla-	жудырықла-	бить кулаками
judırıqlas-	жудырықлас-	взаимн. от
judırıqlat-	жудырықлат-	понуд. от жудырықла- заставить бить кула
judırıqlaw	жудырықлаў	и. д. от жудырықла
judırıqlı	жудырықлы	имеющий боль
judırıqtay	жудырықтай	величиной с ку
juq	жуқ	то, что прилипает (напр
tıq	тық	жуғы остатки кйслого мо - лока, прилипшего к посуде; <>
ǴINDISI	ҒЫНДЫСЫ	остатки - старого; на
juq-	жуқ-	1) прилипать; жатқан
juqa	жуқа	о разн. - знак, тонкий;
juqala-	жуқала-	делать - тонким, утон
juqalat-	жуқалат-	понуд. от жуқалазаставить делать - тонким, утон
juqalatıw	жуқалатыў	и. д. от жуқалат-. - жуқалаў I тонковатый
juqalaw	жуқалаў	II и. д. от жуқала
juqalıq	жуқалық	тонкость; / тонкий
juqar-	жуқар-	становиться - тонким
juqart-	жуқарт-	понуд. от жуқардёлать - тонким, утончать
juqartıw	жуқартыў	и. т. от жуқартутончёние
juqqız-	жуққыз-	см. жуқтыр
juqqısh	жуққыш	см. жуқпалы
juqna	жуқна	состояние, богатство
juqnalı	жуқналы	имеющий - состояние
juqnasız	жуқнасыз	не имеющий состоя - ния, богатства
juqpalı	жуқпалы	1) прилипчивый; 2)
juqtır-	жуқтыр-	понуд. от - жуқ- - 1)
juqtırıw	жуқтырыў	и. д. от жуқтыр
qanda	қанда	поздно - ночью; там басына
qarsı	қарсы	онй враждуют между со
julqı-	жулқы-	дёрнуть, рвануть
julqıla-	жулқыла-	многокр. от жулқы- - дёргать; қолым менен жулқы
julqın-	жулқын-	рваться, стремиться
julqındır-	жулқындыр-	см. жулқынт
julqınt-	жулқынт-	понуд. от жулқынзаставить - рваться, вырываться
julqınıs-	жулқыныс-	взаимн. от - жулқынрваться, стремйться вырываться
julqınıw	жулқыныў	и. д. от жулқынстремлёние вперед
julqıs-	жулқыс-	взаимн. от жулқы
julqıt-	жулқыт-	понуд. от жулқы
julqıttır-	жулқыттыр-	понуд. от жул
jullıq	жуллық	остатки; тақыясынық
jullıǵı	жуллығы	қалған его тюбетейка
julıq	жулық	рант (обуви)
jumaq	жумақ	пук, пучок; жумақ
jumalaǵısh	жумалағыш	быстро скатыва
jumalaq	жумалақ	круглый; жумалақ
júz	жүз	круглое лицо
aywanǵa	айўанға	киргиз- вкатйть теле
jumalaw	жумалаў	и. д. от жумала- ка - тание (напр. с горы)
jumalıq	жумалық	уст. пятничный по
jumartlanıw	жумартланыў	и. д. от жумарт
jumartlıq	жумартлық	см. жомартлық
jumbaq	жумбақ	загадка
jumbaqlı	жумбақлы	загадочный; жумбақлы соз загадочные слова
jumbarshaqla-	жумбаршақла-	см. жумбарла
jumsaq	жумсақ	мягкий; / мягко; жумсақ жүнли тонкорунный; жумақ жунли қоилар тонкорунные
jumsaqla-	жумсақла-	смягчать, делать
jumsartıw	жумсартыў	и. д. от - жумсартразмягчёние, смягчение
jumıq	жумық	закрытый, зажмурен
jumılıpqı	жумылыпқы	прикрытый (оглазах)
jumırtqa	жумыртқа	яйцо; таўық жумыртқасы^курйное яйцо
jumırtqala-	жумыртқала-	нестйсь (о птице)
jumırıq	жумырық	см. жудырық
jumırıqla-	жумырықла-	бить - кулаком
jumırıqlı	жумырықлы	со сжатыми кула
jumıssızlıq	жумыссызлық	безработица
jumıw	жумыў	и. д. от жум- зажму - ривание, прищуривание (глаз)
jumıwlı	жумыўлы	1) зажмуренный (о
jumıwsız	жумыўсыз	1) открытый (о гла
jup-juqa	жуп-жуқа	тонкий-претонкий
jupqa	жупқа	название сорта тонкой
juppataq	жуппатақ	детская игра в - чёт
jıyılǵan	жыйылған	журт собравшийся - народ; 2) страна; родная страна
jurtshılıq	журтшылық	общество; обще
ǴIL	ҒЫЛ	жутқандай словно аршин
jutqan	жутқан	жутамайды погов. кто - глотает, тот не голодает; 2)
jutacqı	жутацқы	1) голодный; 2) ис
jutqız-	жутқыз-	см. жуттыр
jutqınshaq	жутқыншақ	кадык
jutqısh	жутқыш	быстро - глотающий
jutlıq	жутлық	см. жут
jutımlıq	жутымлық	см. жутым. - жутын- - 1) тянуться к пище, к
bet-qol	бет-қол	жуу- - умываться; қол
juw	жуў	264 жуу
juwabiy	жуўабий	исполнитель - джуабов, знающий много джуабов;
juwaz	жуўаз	маслобойка
juwazshı	жуўазшы	1) уст. владелец мас
juwan	жуўан	1) толстый, полный;
juwanay-	жуўанай-	утолщаться; тол
juwanayt-	жуўанайт-	понуд. от - жуўанайутолщать; толстить, делать тол
juwanlan-	жуўанлан-	возер.-страд, от
juwanla-	жуўанла-	1) толстеть, стано
juwanlat-	жуўанлат-	понуд. от - жуўанла- - 1) способствовать появлению
juwanlaw	жуўанлаў	и. д. от жуўанла-. - жуўанлық - 1) толщина; 2) грам
juwansı-	жуўансы-	1) считать себя сила
juwansın-	жуўансын-	см. жуўансы
juwansıt-	жуўансыт-	понуд. о т жуўансы
juwant-	жуўант-	понуд. от - жууаныутолщать; полнить, толстйть
juwanı-	жуўаны-	утолщаться; толстеть
juwanıw	жуўаныў	и. д. от жуўаны-. - жуўап - 1) ответ; сораўға жуўап
qaytar-	қайтар-	а) отвечать; б) реаги
juwapker	жуўапкер	см. жуўаплы
juwapkerli	жуўапкерли	см. жуўаплы
juwapkerlik	жуўапкерлик	см. жуўаплылық
juwapkersiz	жуўапкерсиз	безответственный;
juwapkersizlik	жуўапкерсизлик	безответствен
juwapkershilik	жуўапкершилик	см. жуўапкерлик
juwapkershilikli	жуўапкершиликли	сж.жуўаплы
juwaplı	жуўаплы	ответственный;жуўаплы хызметкер ответственный ра
juwaplılıq	жуўаплылық	ответственность;
juwaplılıqsezim	жуўаплылықсезим	чувство ответ
juwapsız	жуўапсыз	без - ответа; / без
juwas	жуўас	тихий, смирный, крот
juwaslan-	жуўаслан-	становиться - тйхим
juwaslıq	жуўаслық	кротость, спокой
juwassın-	жуўассын-	возвр.-страд. от
juwası-	жуўасы-	становйться - тйхим
juwasıt-	жуўасыт-	понуд. от - жуўасыусмирять; успокаивать; приру
juwasıtıw	жуўасытыў	и. д. от - жуўасытусмирёние; приручение; укроще
juwasıw	жуўасыў	и. д. от жуўасы
juwǵarada	жуўғарада	скоро, в скором
juwǵısh	жуўғыш	1) судомойка; 2) то
juwdır-juwdır	жуўдыр-жуўдыр	звукоподража
juwdırla-	жуўдырла-	звенеть
juwdırlas-	жуўдырлас-	взаимн. от жуў
juwdırlaw	жуўдырлаў	и. д. от жуўдырлазвон
juwla-	жуўла-	дрожать, трястись;
juwlat-	жуўлат-	понуд. от жуўлаприводйть в - дрожь, вызвать
juwlatıw	жуўлатыў	и. д. от жуўлат
juwlaw	жуўлаў	и. д. от жуўла- дро
juwmaqla-	жуўмақла-	1) подытоживать
juwmaqlan-	жуўмақлан-	возвр. от жуўмақ
juwmaqlanıw	жуўмақланыў	и. д. от жуў
maqlan-	мақлан-	обобщение
juwmaqlas-	жуўмақлас-	взаимн. от жуў- - мақла- - 1) подытоживать, обоб
juwmaqlastır-	жуўмақластыр-	понуд. от - жуўмаклас*
juwmaqlat-	жуўмақлат-	понуд. от жуў- - мақла- - 1) заставить подытожи
juwmaqlaw	жуўмақлаў	и. д. от - жуўмақла- - 1) подытоживание, обобщение; 2)
juwmaqlawshı	жуўмақлаўшы	1) подытожи
juwsa-	жуўса-	пребывать в полном - покое, отдыхать (о скоте после
juwsan	жуўсан	полынь
juwsat-	жуўсат-	понуд. от жуўсадать - отдохнуть (скоту после
juwsatıl-	жуўсатыл-	страд, от жуўсатбыть в состоянии полного покоя
qılar	қылар	суўдық бойында жуўсатылды лошади были оставлены
juwsaw	жуўсаў	и. д. от жуўса- пребы
juwıq	жуўық	1) блйзкий; / блйзко;
onǵa	онға	жуўық около десятка
juwıqla-	жуўықла-	подходйть, прибли
juwıqlan-	жуўықлан-	возвр. от жуўықлаприближаться
juwıqlanıw	жуўықланыў	и. д. от жуўық
juwıqlas-	жуўықлас-	взаимн. от жуўық
juwıqlastır-	жуўықластыр-	понуд. от жу
wıqlas-	ўықлас-	заставить - подойтй, приблйзить кого-л. вместе с кем-л
juwıqlatıw	жуўықлатыў	и. д. от жуўық
juwıqlaw	жуўықлаў	и. д. от - жуўықлаприближёние, подход
juwıqlıq	жуўықлық	блйзость, блйзкие
juwın-	жуўын-	возвр. от жуў- умы - ваться, мыться; суўға жуўынумываться водой
juwındı	жуўынды	помои, ополоски
juwındır-	жуўындыр-	понуд. от жуўынзаставить - умываться, мыться
juwındırıw	жуўындырыў	и. д. от жуўындыр- умывание. - жуўындыхор - 1) подлиза, под
juwındıxorlıq	жуўындыхорлық	1) подхали
juwınıw	жуўыныў	и. д. от жуўынумывание
juwır-	жуўыр-	бежать, бегать; баскыштан жуўырып түс- спус
juwırawıq	жуўыраўық	см. жуўырғыш. - жуўырғыш - 1) тот, кто много
juwırt-	жуўырт-	понуд. от жуўырзаставить - бежать, бегать; <0> көз
juwırtıw	жуўыртыў	и. д. от жуўырт
juwırıs-	жуўырыс-	взаимн. от - жуўырбежать, бегать с кем-л.\ бегать
juwırıspa	жуўырыспа	бег
juwırısıw	жуўырысыў	и. д. от жуўырысбег взапуски
juwırıw	жуўырыў	и. д. от жуўыр- бе - готня; бег
juwıs-	жуўыс-	I взаимн. от жуў- 1)
juwıstır-	жуўыстыр-	I понуд. от жуўыс
juwısıw	жуўысыў	I и. д. от жуўыс- I
juwıw	жуўыў	и. д. от - жуў- - 1) умы
júgin-	жүгин-	I) склоняться; 2) кла
júgindir-	жүгиндир-	понуд. - от жүгин- - 1) склонять; 2) заставить кла
júgindiriw	жүгиндириў	и. д. от жүгиндир
júginis-	жүгинис-	взаимн. от - жугин- - 1) совместно склоняться; 2) кла
júginiw	жүгиниў	и. д. от жүгин
júgint-	жүгинт-	см. жүгиндир
júgir-	жүгир-	см. - жуўыр
júdá	жүдә	очень, крайне, весьма
zárúr	зәрүр	крайне нужно; жүдэ жақ
aytqanın	айтқанын	жүдә жақсы болды
júde-	жүде-	1) исхудать, отощать;
júdegen	жүдеген	см. - жуденки
júdenki	жүденки	1) худощавый; исто
júdes-	жүдес-	взаимн. от жүде
júdet-	жүдет-	понуд. - от жүде- - 1)
júdetiw	жүдетиў	и. д. от - жудет- I)
júdew	жүдеў	I худой, поджарый;
júzden-júzden	жүзден-жүзден	сотнями
júzine	жүзине	ҚЫЗЫЛ жуўырып қалды
kúler	күлер	жүзи болсын погов. мо
qaramastan	қарамастан	не взирая на - лица;
arǵı	арғы	жүзинде а) на той сто
aqlayman	ақлайман	доверие народа я оп
júzi	жүзи	остриё - ножа; жүзин қайраоттачивать лезвие;, жүзи қайтзатупйться, притупйться; жүзин
júz-	жүз-	плавать; суўдан жүзип
júzgish	жүзгиш	быстро - плавающий
júzgishlik	жүзгишлик	умение быстро пла
júzgóy	жүзгөй	лицемер; / лицемер
júzgóylen-	жүзгөйлен-	лицемерить; при
júzgóylik	жүзгөйлик	1) лицемерие, нейскренность; двоедушие; 2) обман;
júzdir-	жүздир-	понуд. от жүз- за
júzdiriw	жүздириў	и. д. - от жүздир
júzegóy	жүзегөй	см. жүзгөй
júzegóylen-	жүзегөйлен-	см. жүзгөйлен
júzeki	жүзеки	поверхностно, неглу
júzekilen-	жүзекилен-	лицемерить
júzekilik	жүзекилик	лицемерие
júzik	жүзик	перстень, кольцо
júzikli	жүзикли	имеющий - перстень
júziksiz	жүзиксиз	не имеющий - перстня
júzim	жүзим	виноград; <> жүзимнин
suwınday	суўындай	как виноградный - сок
júzimker	жүзимкер	см. жүзимши
júzimkerlik	жүзимкерлик	см. жүзимшилик
júzimli	жүзимли	богатый - виноградом
júzimlik	жүзимлик	виноградник
júzimshi	жүзимши	виноградарь
júzimshilik	жүзимшилик	виноградарство
júzinshi	жүзинши	сотый
júziwshi	жүзиўши	пловец; ол тэжрибели
júzle-	жүзле-	делйть по сто
júzlenshi	жүзленши	сотый
júzles-	жүзлес-	1) устроить очную
júzlesiw	жүзлесиў	и. д. - от жүзлес- I)
júzlestir-	жүзлестир-	понуд. - от жүзлес- - 1) заставить устроить очную
júzlestiriw	жүзлестириў	и. д. от - жузлестир
júzli	жүзли	I с лицом; гул жүзли
pıshaq	пышақ	острый - нож; еки жүзли
júzlik	жүзлик	сотня, сто рублей
júzsiz	жүзсиз	тупой (о ноже)
júye	жүйе	система, порядок; сөз
júyesin	жүйесин	тапса, мал ийесин табар
basqaǵa	басқаға	жукле- свалить вину на
juwapkerlikti	жуўапкерликти	мойынына жукледи на него возложили ответ
júklew	жүклеў	и. д. от - жукле- I) на
júklewli	жүклеўли	I) нагруженный; на
júmadiuláwál	жүмадиуләўәл	название пятого
júnles	жүнлес	одномастные (имеющие
júnli	жүнли	покрытый - шерстью;
júnli-baraq	жүнли-барақ	лохматый, кос
júnsiz	жүнсиз	не имеющий - шерсти;
júripatır	жүрипатыр	бой идёт третьи сут - ки; 3) работать по найму; 4)
júrgiz-	жүргиз-	понуд. - от жүр- - 1)
lesiwlsr	лесиўлср	жүргиз- вестй перего - воры; моторды жүргизип жибервключйть мотор; 2) продолжать;
júrgizil-	жүргизил-	страд, от жүргиз
júrgiziliw	жүргизилиў	и. д. от жүргизил
júrgizyw	жүргизйў	и. д. - от жүргиз-;
júrgiziwshi	жүргизиўши	двйжущий; веду
kúshler	күшлер	двйжущие силы рево - люции; ис жүргизиўши дело
júrgisiz	жүргисиз	непроходймый; адам
júrgish	жүргиш	скороход
júrdek	жүрдек	быстроходный
júrdeklik	жүрдеклик	быстроходность
otırıw	отырыў	сидение на корточках
júrek	жүрек	сердце; жүрек соқпайды
tuǵın	туғын	болды перен. у него сердце - разрывается; жүрек аўзына ур
júregi	жүреги	ушып қалған он - испуган;
QOYAN	ҚОЯН	жүрек - трус; ақ жүрек а)
júregin	жүрегин	жарған он запугал - всех;
emw	емў	очень захотелось есть
juriw	журиў	и. д. от жур- - двихгёние;
juwenletiw	жуўенлетиў	и. д. от жуўенлет
juwenlew	жуўенлеў	и. д. от - жуўенле- - 1) взнуздывание, надевание уз
juwenlewli	жуўенлеўли	взнузданный, с
juwenli	жуўенли	1) с ’ уздой, в уздё;
juwensiz	жуўенсиз	1) без узды; 2) перен
juweri	жуўери	1) джугара (злаковое
werinic	ўериниц	уны кукурузная - мука;
júwerilik	жүўерилик	1) мёстность, бога
júwermek	жүўермек	шалун, озорник, по
jıbırlawıq	жыбырлаўық	1) копошащийся
jıǵa	жыға	уст. султан из птичьих
jıǵalı	жығалы	мер фольк. - царская
JIǴIL-	ЖЫҒЫЛ-	возер.-страд, от жық
JIǴILIP	ЖЫҒЫЛЫП	қалды трава - полегла;
jıǵılmas	жығылмас	погов. - тот, кто имеет
JIǴILT-	ЖЫҒЫЛТ-	понуд. от жығыл
jıǵılıs-	жығылыс-	взаимн. от жығыл
jıǵılıw	жығылыў	и. д. от жығыл
jıǵın	жығын	сборище, большое
naw	наў	разъярйться
jıǵıs-	жығыс-	взаимн. от жық-. - жый- - 1) убирать, собирать;
jıydırıw	жыйдырыў	и. д. от жыйдыр
jıyqılda-	жыйқылда-	скрипеть; арба
jıyqıldadı	жыйқылдады	арба - скрипела
jıyqıldaǵısh	жыйқылдағыш	скрипучий
jıyqıldaw	жыйқылдаў	и. д. отжыйқылда- - скрипёние, скрип
jıylanıw	жыйланыў	и. д. от - жыйлансбор; скоплёние
JIYLIǴIS	ЖЫЙЛЫҒЫС	сплотиться, сбли
jıynaq	жыйнақ	1) сборник; антология;
qosıqlar	қосықлар	жыйнағы сборник сти - хотворений; 2) собрание; проф
jıynaqlan-	жыйнақлан-	страд, от жый
naqla-	нақла-	1) собираться, комплек
jıynaqlaw	жыйнақлаў	и. д. от - жыйнақла- - 1) собирание, комплектование;
jıynaqlı	жыйнақлы	аккуратный, соб
jıynaqlıq	жыйнақлық	аккуратность, соб
jıynacqıra-	жыйнацқыра-	подобрать; аяғын
jıynanqırap	жыйнанқырап	отырды он - сел
aqshasın	ақшасын	аманат сақлаў кассасында сақлайды он держит свой
jıynawshı	жыйнаўшы	сборщик; собира
jıyrıqbasqan	жыйрықбасқан	его лицо покры
jıyrıqla-	жыйрықла-	1) морщить (напр
jıyrıqlan-	жыйрықлан-	возвр. от - жыйрықла- - 1) морщиться; 2) делать
jıyrıqlandır-	жыйрықландыр-	понуд. от - жыйрықлан- - 1) заставить мор
jıyrıqlyas-	жыйрықляс-	взаимн. от жыйрықла
jıyrıqlat-	жыйрықлат-	понуд. от - жыйрықла- - 1) заставить морщить
jıyrıqlaw	жыйрықлаў	и. д. от - жыйрықла- - 1) сморщивание (напр
jıyrıqlı	жыйрықлы	1) морщйнистый, в
jıyrıqsız	жыйрықсыз	1) без морщин* не
jıyrılǵısh	жыйрылғыш	быстро, легко
JIYINTIQ	ЖЫЙЫНТЫҚ	мат. - сумма; итог
jıyıntıqla-	жыйынтықла-	суммировать;
jıyıw	жыйыў	и. д. от - жый- - 1) сбор
JIQ-	ЖЫҚ-	1) валйть, сваливать;
jıǵadı	жығады	погов. человек образо
jılǵa	жылға	толған күни - годовщйна
tıshqan	тышқан	жылы * год мыши;
tawıq	таўық	жылы год - курицы; ийт
jılawıq	жылаўық	плакейвый; / плакса
jılawıqlıq	жылаўықлық	плаксивость
jılǵalıq	жылғалық	овражистая мест - ность; Әмудәрьяға айланып баратуғын узын жылғалық жатыр
jıldamlatıw	жылдамлатыў	и. д. от жылдам
jıldamlıq	жылдамлық	быстрота; жылдамЛЫҚ пенен быстро, с быстротой
aǵadı	ағады	вода течёт медленно и - плавно; ақырын жылжып бардвйгаться потихоньку; 2) ползтй
jıljıtıw	жылжытыў	и. 0. от жылжыт
JILQILI	ЖЫЛҚЫЛЫ	тот, кто имеет ло
JILQISHI	ЖЫЛҚЫШЫ	I табўнщик
jılqıshı	жылқышы	II трясогузка
JILLILIQ	ЖЫЛЛЫЛЫҚ	теплота; ҳаўанық
jıllılıǵı	жыллылығы	теплота воздуха. - жылмақай I) гладкий, скольз
jılmaqla-	жылмақла-	I) иметь весёлый
jılmaclaw	жылмацлаў	и. д. от жылмацла
jılpıldaǵan	жылпылдаған	юркий, увёртли
jılpıldaw	жылпылдаў	и.д. от - жылпылда
jıltıldaw	жылтылдаў	и. д. от - жылтылдасверкание, блеск; поблёскивание
jıltıraǵısh	жылтырағыш	блестящий, свер
jıltıraq	жылтырақ	лоснящийся; бле
jıltırawıq	жылтыраўық	излучающий - блеск, блестящий, сверкающий
jılımıraq	жылымырақ	тепловатый, чуть
jılısqaq	жылысқақ	сползающий; жылысқақ опырық а) оползень; б)
JILISQISH	ЖЫЛЫСҚЫШ	см. - жылысқақ
QOY-	ҚОЙ-	сдвйнуть с места
jılısıw	жылысыў	и. д. от - жылыс- - 1)
jılıtıw	жылытыў	и. д. от - жылытнагревание, согревание
jılıw	жылыў	и. д. от жылы- потеплёние
jımıytıw	жымыйтыў	и. д. от жымыйт
jımıyıw	жымыйыў	и. д. от жымый
jımırıq	жымырық	1) скомканный; 2)
jımırıqla-	жымырықла-	см. жымыр
taw	таў	жыныслары горные - породы;
JICǴIL	ЖЫЦҒЫЛ	бот. - тамариск {ку
jıcǵırladı	жыцғырлады	зазвенел колоколь
jıcǵırlat-	жыцғырлат-	понуд. от жыц
jıcǵırlaw	жыцғырлаў	и. д. от жыцғырла- звон
jıcǵırlawıq	жыцғырлаўық	звенящий
JIPILIQ	ЖЫПЫЛЫҚ	человек, часто ми
jıpılıqla-	жыпылықла-	быстро - мигать;
KÓZI	КӨЗИ	жыпылықлайды он быстро
jıpılıqlat-	жыпылықлат-	понуд. от жыпылықла- заставить быстро ми - гать; КӨЗ жыпылықлат- часто
jıpılıqlaw	жыпылықлаў	и. д. от жыпылықла- быстрое - мигание
jıpırıw	жыпырыў	и. д. от жыпырзагибание
jıraq	жырақ	даль; / далёкий; / да
jıralıq	жыралық	обрыв
jıraw	жыраў	певец, сказитель {испол
jırawshılıq	жыраўшылық	профессия - певца
jırlatıw	жырлатыў	и. д. от жырлат
jırlaw	жырлаў	и. д. от - жырла- - 1)
jırlawshı	жырлаўшы	см. жыраў
jırtqısh	жыртқыш	хйщник; / хищный;
jırtqıshlan-	жыртқышлан-	озвереть
jırtqıshlıq	жыртқышлық	хйщничество;
jırtıyıw	жыртыйыў	и. д. от жыртыйважничанье
jırtıq	жыртық	рваный, дырявый;
jırtılǵısh	жыртылғыш	непрочный, бы
jırtılısayıq	жыртылысайық	давайте повеселймся
jırıq	жырық	отверстие, дыра; / ды
SINIQ	СЫНЫҚ	ийнесин қалдырмай алып
jırımpazlıq	жырымпазлық	см. жырындыхорлық. - жырынды - 1) бывалый, опыт
jırındıxorlıq	жырындыхорлық	жадность
zabastovkalıq	забастовкалық	забастовочный;
xatlawsh	хатлаўш	ы мәкеме) загс (отдел
ǵar	ғар	ы ў ш ы л ы қ - законодательство;
zakonǵa	законға	қарсы п р о ти возакон - ный; законға сыймайды или з а
NIQ	НИҚ	т е ц р а ў а ж л а н а а л м а ў з а к о н ы
aqı	ақы	ры а) рел. к о н е ц света; б)
zaq	зақ	уст . закон; / законны й;
zacǵar	зацғар	ш - ельма; / окаян ны й;
zapaslaw	запаслаў	и. д. - от з а п а с л а - з а
zapastaǵı	запастағы	запасной, запасны й;
OQSIZ	ОҚСЫЗ	з а р я д х о л о с т о й з а р я д
dún	дүн	ьяда тири зат қоймас еди - поел, если бы у иш ака выросли
zaw	заў	қ ы -с а п а см. заўы қ
zawla-	заўла-	быстро, стремйтельно
zawlat-	заўлат-	понуд. от - заўла- в ы
zawlaw	заўлаў	и. д. от заў л а- - быстрое
ZÁCKIY-	ЗӘЦКИЙ-	гордйться, высоко
pitkeriw	питкериў	зэрур дёло необходимо
zárúw	зәрүў	см. зәрүр
zerúwlik	зэрүўлик	см. - зэрүр
zárúwsh	зәрүўш	илик см. зәрүр
zewlim	зэўлим	обвинение; зэўлим сал
LIǴI	ЛЫҒЫ	з в е н ь е в о й
QIP	ҚИП	т у р у м е н я г о л о в а к р у ж и т с я
zerbaraq	зербарақ	золотая или сер еб
zerigiw	зеригиў	и. д. от - зерик
zeriktiriw	зериктириў	и. д. от зерик - тир
zerletiw	зерлетиў	и. д. от зерлет- н а
zerlew	зерлеў	и. д. от зерле- н аш и ва
ZIQKIY-	ЗИҚКИЙ-	быть - громадным, слиш
ziqkildew	зиқкилдеў	и. д. от зиқкилде
kútá	күтә	зире исленген сделано очень
zirkirew	зиркиреў	и. д. от зиркире
CQI	ЦҚЫ	торчащ и й ;"зон кы муры н
qalı	қалы	п ты он так - похудел, что
QQI	ҚҚЫ	ЙТ- п онуд. от зоцкы й
zuw	зуў	звукоподраж ание - свисту;
zuwala	зуўала	кусок - тёста (для одного
zuwalala-	зуўалала-	делить тёсто на - кускй
zuw-zuw	зуў-зуў	звукоподраж ание - свис
zuwla-	зуўла-	быстро - двигаться, мчать
zuwlap	зуўлап	киятыр поезд мчится
zuwlas-	зуўлас-	вэаим н. от - зуўламчаться, лететь (со свистом
zuwlat-	зуўлат-	п онуд. от зуулавызвать быстрое движение
zuwlaw	зуўлаў	и. д. от зуўла- быстрое - движение (со свист ом)
zuwıl	зуўыл	см. зуў
zuwılda-	зуўылда-	см. зуўла-. - зулқэдә название одиннадцато
zureetlandırıw	зурээтландырыў	и. д. от зу
zıǵır	зығыр	лён; / льняной; зыгыр
ZIYIQ	ЗЫЙЫҚ	кол; зыйыққа отырғызуст . посадить на кол
zıqna	зықна	1) скряга; / скупой; жад
zıqnalıq	зықналық	1) скупость; скряж
ZIQI	ЗЫҚЫ	усталость; зықым шық
ZIMQIYA	ЗЫМҚЫЯ	см. зым-зыя
-zuwlap	-зуўлап	ӨТИП кетти он стремглав
zımıraw	зымыраў	и. д. от зымыра
-zırq	-зырқ	етип тусип баратыр от
zırqılda-	зырқылда-	сильно - болеть; ба
qıldap	қылдап	тур у меня в висках сту
zırqıldat-	зырқылдат-	п онуд. от зыр
zırqıldaw	зырқылдаў	и. д. от зырқылда
zırqıra-	зырқыра-	см. заўла
ZITLIQ-	ЗЫТЛЫҚ-	х л ы н у - ть (о жидко
ZIYANLILIQ	ЗЫЯНЛЫЛЫҚ	1) в р е д о н о с н о с т ь ;
ZIYANSIZLIQ	ЗЫЯНСЫЗЛЫҚ	1) б е з в р е д н о с т ь ; 2)
birewi	биреўи	зы я т одйн из - них л й ш
idealizaciyalaw	идеализациялаў	и. д. от ид еа
dárej	дәреж	е идейный уровень; ки
izeyleniw	изейлениў	и. д. от изейлен
izertlew	изертлеў	институты н аучн о-ис
izzetlew	иззетлеў	и. д. от - иззетле- - 1) у в а ж е н и е , по ч и т ан и е; 2) б л а
túrde	түрде	ты ц ла- благоговейно слу
qı	қы	м а хы змет қы лам ан я буду
QIZIL	ҚЫЗЫЛ	жузли жигиттиц уялға- - ны — өлгени поел, дубу согнуть
iyiliw	ийилиў	и. д. от ийил- сгиба
iyiriw	ийириў	и. д. от ийир- пряде - ние, сучение; жипек ийириў
iyiskeletiw	ийискелетиў	и. д. от ийиске
iylew	ийлеў	и. д. от - ийле- - 1) дубле
ǵanday	ғандай	искусно - сделанный (букв
iyt-qus	ийт-қус	собир. - 1) хищные жи
kózge	көзге	илмеймен мне всё нипо
qollanıw	қолланыў	керек необходимо при
ilajlaw	илажлаў	и. д. от - илажла- - 1) нахождение выхода {напр
ilajsızlıq	илажсызлық	безвыходность
ilbezekleniw	илбезеклениў	и. д. от илбезек
ilbiretiw	илбиретиў	и. д. от илбирет
ilbirew	илбиреў	и. д. от илбире- об
ilgekletiw	илгеклетиў	и. д. от илгек
baratqannıc	баратқанныц	ийти отлайды - поел, у преуспевающего челове
oqıwda	оқыўда	күннен-күнге илгерилеп
ilgeriletiw	илгерилетиў	и. д. от илгери
ilgerilew	илгерилеў	и. д. от илгерилепродвижёние - вперёд; преуспе
ildiriw	илдириў	и. д. от илдир- ве
ilekerlew	илекерлеў	и. д. от илекерле-. - илекерсиз: илекерсиз қалдық
ilesiw	илесиў	и. д. от - илес- I) успевание; 2) следование за кем-л
iljirew	илжиреў	и. д. от илжире-. - илик - 1) запор, крючок; 2) за
qalıqlar	қалықлар	новости - науки; егин
ilindiriw	илиндириў	и. д. от илиндир
iliniw	илиниў	и. д. от илин
iliniwli	илиниўли	повешенный; гилемлер илиниўли ковры развешены
iliw	илиў	I и. д. от ил
IMLÁ	ИМЛӘ	орфография, правописа
importlıq	импортлық	импортный; им
portlıq	портлық	товарлар импортные то - вары. ^
inaq	инақ	ист. тйтул наместника ха
inanbawshılıq	инанбаўшылық	1) неверие; 2)
inanǵısh	инанғыш	доверчивый
inanımlılıq	инанымлылық	доверчивость
inanıwshılıq	инаныўшылық	доверие; ина
nıwshılıqtı	ныўшылықты	жой- потерять до
inanıshlıq	инанышлық	см. - инанымлық.^
indemew	индемеў	и. д. от индеме- мол
industriyalastırıw	индустрияластырыў	и. д. от
dustrializaciyalastırıw	дустриализацияластырыў	социалистйческая индустриализация
industriyalıq	индустриялық	индустриялы
-qatnas	-қатнас	инженери инженер пу
DICǴI	ДЫЦҒЫ	колхозлардыц инициа
insapsızlıq	инсапсызлық	бессовестность
tarlıq	тарлық	инспекция санитарная - инспекция; инспекция жүргиз
instruktorlıq	инструкторлық	положение или
intalılıq	инталылық	см. инталы
intasızlıq	интасызлық	инертность, бе
internacionallıq	интернационаллық	интерна - циональный; интернационаллық
ICGÁ-ICGÁ	ИЦГӘ-ИЦГӘ	подражание звуку
iplaslıq	ипласлық	1) грязь, нечистоты;
qıstawlı	қыстаўлы	ис срочное - дело; ҳеш
joq	жоқ	он без дела не - сидит; сизин
joqarı	жоқары	сапалы ис высококачест
isendiriw	исендириў	и. д. от - исендир- - 1) уверёние, убеждение; 2) обнадёживание
durıslıǵına	дурыслығына	исениўшилик ве
isiniw	исиниў	и. д. от исин- распу - хание (напр. щеки)
isiriw	исириў	и. д. от исир- распу
isiw	исиў	и. д. от ис- распуха
iskeklew	искеклеў	и. д. от искекле
kórkem	көркем	өнери изобразйтельное
isletiw	ислетиў	и. д. от ислет
islew	ислеў	и. д. от - исле-; жерди
islewshi	ислеўши	работающий, дейст
bólimleri	бөлимлери	рабочие части маши
itibarlılıq	итибарлылық	внимательность
itibarsızlıq	итибарсызлық	невниматель - ность; халатность
tabısqa	табысқа	ерисиў итималына ийе
kúyiw	күйиў	ярость, злость, злоба; иш
kúygenlikten	күйгенликтен	в состоянии - раздражения, озлобления; иши
qatıq	қатық	иш- есть кйслое моло
wanǵa	ўанға	келтек поел, человеку
ishgáwil	ишгәўил	ист придворное зва
ishek-qarın	ишек-қарын	собир. внутрен - ности; потроха
kadrlıq	кадрлық	кадровый; кадрлық
kazarmalıq	казармалық	казарменный; казармалық жағдай казарменное
kalendarlıq	календарлық	календарный; календарлық план календарный
qoyatuǵın	қоятуғын	календарь настоль
kaloriyalılıq	калориялылық	калорийность
suwǵarıw	суўғарыў	каналлары ороситель
aǵzalıǵına	ағзалығына	кандидат или партияға кандидат кандидат пар - тии; филология илиминин, канди
deputatlıǵına	депутатлығына	кандидат канди
kandidatlıq	кандидатлық	кандидатский;
QIZIQ	ҚЫЗЫҚ	кинокартина интерес
kassalıq	кассалық	кассовый
kafedraǵa	кафедраға	шық- подняться на - кафедру; физика кафедрасы ка
káyip	кәйип	I см. кейип I
KÁYIP	КӘЙИП	П см. кейип II
kámbaǵal	кәмбағал	1) бедный, неиму
kembaǵallan-	кэмбағаллан-	обеднеть, обни
kembaǵallanıw	кэмбағалланыў	и. д. от кэмба
ǵallan-	ғаллан-	обеднение, обнищание
kembaǵallaw	кэмбағаллаў	бедноватый
kámbaǵallıq	кәмбағаллық	бедность, нище
KÁN	КӘН	1) рудник; копи; кемир
kerwan	кэрўан	1) ист. торговый ка
kerwanshı	кэрўаншы	ист. - торговец, ве
kárshilik	кәршилик	специальность, про
kásapat	кәсапат	1) злодеяние; вред;
KÁSIP	КӘСИП	1) профессия, специаль
QOL	ҚОЛ	өнер кэсиби кустарное ре - месло
KÁSIPSHI	КӘСИПШИ	профессионал; / про
KÁSIPSHIL	КӘСИПШИЛ	см. КӘСИПШИ
KÁSIPSHILIK	КӘСИПШИЛИК	профессиональный;
kátquda	кәтқуда	уст. авторитетный
kátqudalıq	кәтқудалық	уст. обязанности
kvartallıq	кварталлық	квартальный; кварталлық есап квартальный отчёт
keyinlew	кейинлеў	и. д. от кейиплеотставание. - кейип 1 настроение, состояние
keyipleniw	кейиплениў	а. д. от кейип
keyisiw	кейисиў	и. д. от кейис- ру - гань, брань; взаимные упрёки
keyitiw	кейитиў	и. д. от кейит
keyiw	кейиў	и. д. от кейи- - ругань
ǴIM	ҒЫМ	келмейди мне не хочется - идтй; у меня нет желания идти;
jeǵisi	жеғиси	кел- ему хочется - есть;
kelejaq	кележақ	с м . келешек
kelemeshlew	келемешлеў	и . д . о т келе
úyde	үйде	келим-кетим көп у нас в
tuwmaǵansha	туўмағанша	келиншек аты қал
kelisiw	келисиў	жолы менен плата по
kelisiwshi	келисиўши	нодцт. сж. келисим
kelisiwshilik	келисиўшилик	полит, см. ке
kelispewshilik	келиспеўшилик	несогласован - ность, отсутствие согласия, раз
kelistiriw	келистириў	и. д. от келистир
keliw	келиў	и. д. от - кел- - 1) прибытие
keliwi	келиўи	прибытие - гостей; 2) в
QIYAL	ҚЫЯЛ	поел, в каждой голове по
kelleklew	келлеклеў	и. д. от келлеклесрезаиие головок - злаков
aqılı	ақылы	келте - полоумный {букв
kelteyiw	келтейиў	и. д. от келтей- уко
kelteytiw	келтейтиў	и. д. от келтейтукорачивание
kelteletiw	келтелетиў	и. д. от келтелет
keltelew	келтелеў	и. д. от келтелеукорачивапие
kelteriw	келтериў	и. д. от келтер- уко
kelteshelew	келтешелеў	см. келтерек
keltiriw	келтириў	и. д. от келтир-. - кем - 1) мало, немного, недо
kemsalıyqa	кемсалыйқа	1) апатйчный
kemsalıyqalıq	кемсалыйқалық	1) апатйчность
kemseqlet-	кемсеқлет-	понуд. от кемсецле
kemtarlıq	кемтарлық	бедность
kemtarshılıq	кемтаршылық	см. кемтарлық. - кем 313 — кен
KSQ	КСҚ	в разн. энач. - широкий; кеқ
keqestiriw	кеқестириў	и. д. от кечестир-. - кечесши - 1) советчик; кечесшич болмаса, қабырғач мечен
qıladı	қылады	тебё это пальто - широко;
kerbazlıq	кербазлық	1 ) франтовствб, ще
kerek-jaraq	керек-жарақ	1 ) необходймое
shaqanı	шақаны	кес- рубить - ветви; кесип
QOLDI	ҚОЛДЫ	кес- отнять - руку; 2)
qıspa	қыспа	кесели - астма; 2) боль
sharshaǵanǵa	шаршағанға	ойын жақпас погов. больному разговор не нра - вится, а усталому—шутки
kóter-	көтер-	резко поднять все отрас
keskinlesiw	кескинлесиў	и. д. от кескин
kestelew	кестелеў	и. д. от - кестелевышивание, расшивание
kestiriliw	кестирилиў	и. д. от кести
ÓTIP	ӨТИП	кет- пройти - мимо; журип
baǵdı	бағды	ШӨП басып кеткен сад
qal	қал	басып кеткен его лицо
shıǵıp	шығып	кет- отступйть от пра - вила; ӨСИП кет- отрастй; шаш
qıyalǵa	қыялға	кетти он сйльно заду - мался {букв, в голову полезли
TINISHLIQTI	ТЫНЫШЛЫҚТЫ	кетир- нарушать - тишину; абройды кетир- а) ро
kewil	кеўил	бөл- уделять - внимание;
kewilice	кеўилице	келмесии не обижайся
kewillen-	кеўиллен-	быть в хорошем
kewilleniw	кеўиллениў	и. д. от кеўиллен-. - кеўиллес- - 1) делиться мнением
kewilli	кеўилли	хорошо - настроенный
kewilsiz	кеўилсиз	в плохом настрое - нии, скучный, невесёлый, не
kewilshek	кеўилшек	1) добрый, отзывчи
wilshektic	ўилшектиц	аты - арымас, тоны
keshecletiw	кешецлетиў	и. д. от кешец
keshigiw	кешигиў	и. д. от - кешикопаздывание, запаздывание
keshirilmeytuǵın	кеширилмейтуғын	непростйтельиый; / непростйтельно
tutqında	тутқында	сақлаў срогы кеширим
keshiriw	кешириў	и. д. от - кешир- - 1) переход через что-л.; переход
túspe	түспе	поел, не зная броду, не
keshqurın	кешқурын	к - вечеру
kinematografiyalıq	кинематографиялық	кинема
kóylektic	көйлектиц	кири жууса - кетеди, кеуилдиц кири айтса кетеди поел, грязь с одежды
qir	қир	бас- сжиматься от - боли (о
jigirmaǵa	жигирмаға	жаца киргеи ему
washqa	ўашқа	басып кир- рйнуться в - бой;
sóylesip	сөйлесип	танысар погов. лоша
kishkentaylıq	кишкентайлық	с.и. кишкене
qaraqalpaq	қарақалпақ	әдебиятыныц классиги Бердах— классик кара
klasslıq	класслық	классовый; класслық
klinikalıq	клиникалық	клинйческий; клиникалық жағдай клинические
knyaz'lıq	князьлық	ист. I) княжество;
kollegiyalıq	коллегиялық	коллегиальность;/
xojalıq	хожалық	коллектЙ1И1 0 с хозяй
kolonial'lıq	колониальлық	колониальный;
komandalıq	командалық	командный
komandirovkalıq	командировкалық	командиро - вочный; командировкалық ақ
komediyalıq	комедиялық	комедийный; коме*
komendantlıq	комендантлық	комендантский;
komissarlıq	комиссарлық	миннет комиссар
Paraxatshılıqtı	Парахатшылықты	қорғаўшылардыц жер жүзилик комитети
kommunal'lıq	коммунальлық	коммунальный;
kompensaciyalıq	компенсациялық	компенсаци
ilim-izertlew	илим-изертлеў	институты Ка
komplektlew	комплектлеў	и. д. от комп
kompozitorlıq	композиторлық	композитор
KOMSOMOLLIQ	КОМСОМОЛЛЫҚ	комсомольский;
konkurslıq	конкурслық	конкурсный
dúz-	дүз-	составлять конспект
konstituciyalıq	конституциялық	конституци
konsullıq	консуллық	консульский
kontrabandalıq	контрабандалық	контрабанд
kontrol'lıq	контрольлық	контрольный
ǵallimler	ғаллимлер	конференциясы учи
koncentraciyalıq	концентрациялық	концентра - ционный; концентрациялық ла
koncessiyalıq	концессиялық	концессионный
qalta	қалта	сааттық корпусы корпус
korpuslıq	корпуслық	корпусный
korrekturalıq	корректуралық	корректурный
KOSMOSLIQ	КОСМОСЛЫҚ	космический
jaw	жаў	кеткен соц батыр кебейер
kóbeyiw	көбейиў	II. <1. от кобей- 1)
kóbeyiwshi	көбейиўши	мат. - множимое
dóbeytiliw	дөбейтилиў	и. д. от кобей - тил- - 1) увеличение; 2 ) мат
kobsytiliwshi	кобсйтилиўши	мат. - мнёшимос; кобейтилиўшилер сомножи
kobeytiw	кобейтиў	и. д. от - кобейт- - 1)
kóbeytiwshi	көбейтиўши	мат. - множитель;
kobikleniw	кобиклениў	и. д. от кебиклен
kógeriw	көгериў	и. д. от когер
koǵertpek	коғертпек	синяк
kóǵershin	көғершин	голубь
KOǴILTIM	КОҒИЛТИМ	см. КОҒИС
KOǴIS	КОҒИС	1) голубоватый, сине
ISIQ	ЫСЫҚ	приятный для - глаз; козиме жас келди н а г л а з а цавернўлись слёзы; көзиме көринбе
QIS-	ҚЫС-	моргнуть - кому-л.', 2) ушко;
qıymadı	қыймады	он (его) пожалел; ала
kózigiw	көзигиў	и. д. от козик
qawıi	қаўыи	зелёная - дыня; 4) серый;
kokeklew	кокеклеў	и. д. от - кекеклекукрвание (кукушки)
kókirek	көкирек	1) грудь; / грудной;
kókiregim	көкирегим	аўырады у меня бо
qorǵa-	қорға-	грудью - защищать; встать
kóksaǵız	көксағыз	бот. кок-сагыз
kelatlıq	келатлық	местность, где име
kólbaqa	көлбақа	лягушка
kelbeqle-	келбеқле-	двйгаться - важно
kólbeqlet-	көлбеқлет-	понуд. от келбенле- заставить двйгаться - важно
kólemli	көлемли	большого - размера;
kóleqke	көлеқке	1) тень; ағаштық кө
leqkesi	леқкеси	тень - дерева; ол өзиниц келенкесинен қорқады погов
kóleqkele-	көлеқкеле-	пользоваться тенью
kóleqkelet-	көлеқкелет-	понуд. от көлеқ
kóleqkelew	көлеқкелеў	и. д. от коленкелепользование - тенью, укрытие в
kóleqkeli	көлеқкели	тенистый
kóleqkesiz	көлеқкесиз	без - тени, не даю
kómeklesiw	көмеклесиў	и. д. от кемек
kemisiw	кемисиў	и. д. от - кемис- - 1)
kómiw	көмиў	и. д. - опг көм- - 1) за
kómpeyiw	көмпейиў	и. д. - от көмпейвздутие, надувание
kómpeyt-	көмпейт-	понуд. - от көмпейвздуть, надуть
kempeytiw	кемпейтиў	и. д. от көмпейт-. - кемпек - 1) толстяк; / толстый
KÓN	КӨН	вьщеланная - кожа; оразанын сны қалды, кемпирлерДИЦ КӨНИ халды погов. осталось
KÓN-	КӨН-	1) согланиться с кем-чем
KÓNGISHLIK	КӨНГИШЛИК	умение приспосаб
kóndir-	көндир-	понуд. - от көн- - 1) убедйть, заставить согласйться;
kóndiriw	көндириў	и. д. от - кендир- - 1) убеждение, приведение к со
kónigiw	көнигиў	и. д. от көник- при
KÓNIK-	КӨНИК-	привыкать, приобре
KÓNIMLI	КӨНИМЛИ	1) быстро привыкаю
KÓNIMSIZ	КӨНИМСИЗ	1) трудно привыкаю
KÓNIS-	КӨНИС-	взаимн. от көн- сжи
KÓNLIK-	КӨНЛИК-	см. КӨНИК
KÓNSHI	КӨНШИ	кожевник
KÓNSHILIK	КӨНШИЛИК	1) профессия кожев
KÓQ	КӨҚ	помёт, навоз
tamaqqa	тамаққа	кецлим шаппайды у
tómenle-	төменле-	пасть - духом; хош кө
kócilleniw	көциллениў	и. д. от - кециллен- - 1) появление желания, охоты;
KÓPTI	КӨПТИ	көрген биледи - поел, знает
alatuǵın	алатуғын	громоздкий, объёми
kópten	көптен	кейин спустя много вре - мени; кепке шекем долго, долгое
kópiriw	көпириў	и. д. от - кепир- - 1) по
kópirtiw	көпиртиў	и. д. от - кепирт- - 1) появление пёиы; 2) перен. бол
keplew	кеплеў	и. д. от кепле- совмест
kepsiniw	кепсиниў	и. д. от кепсин
keptiriw	кептириў	и. д. от кептир- на
wısqanım	ўысқаным	деп керемен я считаю
maqul	мақул	кер- - одобрять; сени анамдай кердим я к тебе относйлся
kór	көр	ЗЗё — көр
kórgensizlik	көргенсизлик	невоспитанность
kórgiz-	көргиз-	понуд. - от көр- - 1) по
kóre	көре	послелог - судя, смотря
jaqsıraq	жақсырақ	это немного - лучше
kóriniw	көриниў	и. д. от керин
kerisiw	керисиў	и. д. от керис
keriwshi	кериўши	вйдящий; / зри
kerkeyiw	керкейиў	и. д. от керкей
kórkeytiw	көркейтиў	и. д. от керкейтзаставить - украсить, нарядйть
kerkemleniw	керкемлениў	и. д. от керкем
kórkemlew	көркемлеў	и. д, от керкемле
kórkemlik	көркемлик	1) красота; изящест
kórkemsiz	көркемсиз	1) некрасивый; не
joqarıdaǵı	жоқарыдағы	керсетилген фактлар вышеуказанные факты
kórsetiw	көрсетиў	и. д. от - керсет- - 1) показ, демонстрация; жана
kótergi	көтерги	рессора (арбы)
kótergisiz	көтергисиз	1) без рессор; (об
kótergish	көтергиш	подъёмник; / подъ
kótere	көтере	оптом, всё целиком
kóterem	көтерем	истощённый до - того
kóterilis	көтерилис	восстание; заба
kóterilis-	көтерилис-	взаимн. от кетерил
kóterilisshil	көтерилисшил	вдохновитель - восстания, забастовки, стачки
kóteriliw	көтерилиў	и. д. от көтерилв разн. знач. - подъём; таўға кө
teriliw	терилиў	подъём на - гору; кейип
kóterilt-	көтерилт-	понуд. от көтерилв разн. знач. - поднять; вызвать
kóterimli	көтеримли	терпимый, терпимо
kóterin-	көтерин-	1) возвр. от көтер-;
kótericki	көтерицки	1) повышенный; кө
kóteriqki	көтериқки	а) у меня приподнятое
kóterickilik	көтерицкилик	пенен мнйнет но
kóterickirew	көтерицкиреў	и. д. от кете
kóterisiw	көтерисиў	и. д. от кетерис
keteriw	кетериў	и. д. от - кетер
kóteriwshi	көтериўши	1) разносчик, тор
kótermelew	көтермелеў	и. д. от - кетермеле- - 1) оказание помощи, поддерж
kótertiw	көтертиў	и. д. от кетерт-. - кеткеншек - 1) движение назад
kótkenshekle-	көткеншекле-	1) пятиться, дви
kótkensheklen-	көткеншеклен-	воэор. от көт- - кеншекле- - 1) пятиться, двигать
KÓTKS-NSHSKLIK	КӨТКС-НШСКЛИК	1) движение на
kósh	көш	кочёвка, перекочёвка;
kósherlet-	көшерлет-	понуд. от кошер
kóshiw	көшиў	и. д. от - кош- - 1) пере
úireniw	үирениў	краеведение; крайды
úyreniwshi	үйрениўши	краевед
kraylıq	крайлық	краевой; крайлық га
krasnogvardiyalıq	красногвардиялық	ист. крас
uqıplı	уқыплы	кредитоспособный; кре
kristallıq	кристаллық	кристаллйческий
kritikalaw	критикалаў	и. д. от крити - кала
kritikalıq	критикалық	критйческий; критикалық мақала критическая
kulaklıq	кулаклық	ист. - кулачество
kúbirtkeyli	күбирткейли	мед. - панарйций
kúdik	күдик	сомнение; кеўлиқе күдик
kúdiklen-	күдиклен-	сомневаться
kúdikli	күдикли	сомийтельный
kúy-	күй-	1) обжигаться; обвари
wiq	ўиқ	узын - болса, қолық күймес
kúyip	күйип	кетти деньги - пропали
kúygeleklen-	күйгелеклен-	1) быть вспыль
kúygelekleniw	күйгелеклениў	и. д. от күй- - гелеклен
kúygen	күйген	1) обожжённый; аузы
kúygiz-	күйгиз-	см. КуЙДИР'
kúydiriw	күйдириў	и. д. от - куйдир- - 1) обжигание; обваривание; 2)
kúyeleniw	күйелениў	и. д. от куйелен
kúyew	күйеў	жених; зять; муж; куйеў
kúyewle-	күйеўле-	посещать невесту на
kuyewlew	куйеўлеў	и. д. от куйеўле- по
kuyiniw	куйиниў	и. д. от куйин
kuynw	куйнў	и. д. от - куй- - 1) обжига
laqlap	лақлап	кул- - хохотать; жыла
ǵandı	ғанды	сорама, кулгенди сора
kulewik	кулеўик	см. кулегиш
kul-talqan	кул-талқан	разрушенный;
kul-talqanla-	кул-талқанла-	разбивать - что
kul-talqanlaw	кул-талқанлаў	и. д. от - кул
-talqanla-	-талқанла-	разбивание чего-л
-kucksóyles-	-куцксөйлес-	шептаться в страхе
kútiniw	күтиниў	и. д. от кутин
kútiw	күтиў	и. д. от - кут- - 1) забота
kúttiriw	күттириў	и. д. от куттир
suyiwshi	суйиўши	кушлер миролюбйвые - сйлы; куш ат рабочая лошадь;
kúsheyiw	күшейиў	и. д от кушей- уси - ление; реакциянын күшейиўи
kúsheytilkw	күшейтилкў	и. д. от кушейтилусилёние
kúsheytiw	күшейтиў	и. д. от кушейт - усиление
kusheniw	кушениў	и. д. от кушен- ста
kúshiklew	күшиклеў	и. д. от кушикле
kúsh-quwat	күш-қуўат	мощность
kúshletiw	күшлетиў	и. д. от күшлет
kúshlettir	күшлеттир	понуд. күшлет
kúshlew	күшлеў	и. д. от күшле- при - нуждение, применение физиче
kúshli	күшли	в разн. знач. - сильный;
kúshlilik	күшлилик	сила; мощь
kúshsiz	күшсиз	бессильный, не имею
kúshsizlik	күшсизлик	бессйлие, отсут
qabaǵan	қабаған	злой (о собаке)
qabaq	қабақ	I веко; исик қабақ с на
baǵı	бағы	жабық - хмурый, угрюмый;
qası	қасы	менен қабағына қара- чув
palaw	палаў	қабақ один из лучших
qabaqlı	қабақлы	имеющий нависшие
qaban	қабан	кабан, вепрь
qabar-	қабар-	вздуваться, вспухать;
qanım	қаным	қабарды у меня вздулась - ла,дбнь; -0> кеўлим қабарды я оби
qabart-	қабарт-	понуд. от қабар- вы
qabartıw	қабартыў	и. д. от қабарт
qabarıcqı	қабарыцқы	слегка - вздутый
qabarıw	қабарыў	и. д. от қабар- взду - тие, распухание
qabatan	қабатан	см. қабат
qabatayla-	қабатайла-	ставить кого-что-л
qabataylan-	қабатайлан-	страд, от қа
qabataylas-	қабатайлас-	вваимн. от дабатайла- помогать ставить - кого
qabataylastır-	қабатайластыр-	понуд. от қа
qabataylaw	қабатайлаў	и. д. от қабатайла
qabatla-	қабатла-	наслаивать, склады
qabatlan-	қабатлан-	страд, от қабатлабыть сложенным слоями, пла
qabatlandır-	қабатландыр-	понуд. от қа
qabatlas-	қабатлас-	взаимн. от қабатлапомогать складывать что-л. сло - ями, пластами
qabatlastır-	қабатластыр-	понуд. - от к,а
qabatlaw	қабатлаў	и. д. - от қабатлаиаслоёиие, складывание чего-л
qabatlawlı	қабатлаўлы	слоёный, имеющий
qabatlı	қабатлы	см. қабатлаўлы
qablan	қаблан	1) леопард, тигр, пан
tuwǵan	туўған	а) родившийся леопардом;
qabletli	қаблетли	способный, имею
qabletlilik	қаблетлилик	1) способности
qabıq	қабық	луб, кора, кожура
bıǵı	бығы	картбфельна5Г шелуха; <С>
qabıqlı	қабықлы	имеющий - кору, скор
qabıl	қабыл	1) согласие; қабыл алсогласйться; 2) приём, принятие;
qabıl-	қабыл-	страд, от қап- быть
qabıllap	қабыллап	ал- - принять; произ
qabıllan-	қабыллан-	страд, от қабылла
qabıllandır-	қабылландыр-	понуд. от қа- - быллан- - 1) заставить прин!1ть;
qabıllanıw	қабылланыў	и. д. - от қабыллан- - 1) приём, принятие; 2) одо
qabıllas-	қабыллас-	взаимн. - от қабылла
qabıllastır-	қабылластыр-	понуд. - от қабыллас- - 1) заставить помогать при
qabıllat-	қабыллат-	понуд. - от қабылла- - 1) заставить принимать; 2) заста
qabıllattır-	қабыллаттыр-	понуд. от қа
qabıllatıw	қабыллатыў	и. д. - от қабыллат- - 1) приём, принятие; 2) одо
qabıllaw	қабыллаў	и. д. - от қабылла- - 1) приём, принятие; қабыллаў
qabılıw	қабылыў	и. д. от қабыл
qabırǵa	қабырға	ребро
qabırǵalı	қабырғалы	1) крепкий, силь
lıraq	лырақ	он сильнее - меня; 2) жир
qabır-qubır	қабыр-қубыр	звукоподражание
qabırtqa	қабыртқа	см. қабырға
qabırshaq	қабыршақ	тонкий слой - чего-л.\
qabırshaǵı	қабыршағы	рыбья - чешуя; <> М
bırshaq	быршақ	тас ракушка
qabırshaqlan-	қабыршақлан-	быть покрытым
qabırshaqlanıs-	қабыршақланыс-	взаимн. от
qabırshaqlanıw	қабыршақланыў	и. д. от қа
qabırshaqlı	қабыршақлы	покрытый тон
qabırıs	қабырыс	путаница
qabırıslıq	қабырыслық	см. қабырыс
qabırıstır-	қабырыстыр-	запутывать - кого
kabırıstırıw	кабырыстырыў	и. д. от - кабырыстыр
qabıs-	қабыс-	1) вдавиться, ввалить
qabıstı	қабысты	у него живот - втянулся;
qabıstır-	қабыстыр-	понуд. - от қабыс- - 1) вдавить; 2) приладить, подо
qabısıw	қабысыў	и. д. - от қабыс- - 1) вдавливание; 2) подгонка
qabıw	қабыў	и. д. - от қап
qaǵaz	қағаз	1) бумага; / бумажный;
qaǵazlar	қағазлар	ценные - бумаги; шэрт
qaǵaz-paǵaz	қағаз-пағаз	собир. разные б у
qaǵanaq	қағанақ	околоплодная обо
qaǵıyda	қағыйда	грамматическое пра
qaǵıl-	қағыл-	страд, от қақ- 1) уда
qaǵılt-	қағылт-	понуд. - от қағыл- - 1) ударять, стучать; 2) вбивать
qaǵılıs	қағылыс	столкновение, стыч
óler	өлер	поел. ^ лес рубят—щепки
qaǵılıs-	қағылыс-	взаимн. - от қағылударяться, стукаться друг о
qaǵılısıw	қағылысыў	и. д. от қағы- - лыс- - 1) столкновение, стычка;
qaǵılıw	қағылыў	и. д. - от қағыл- - 1) столкновение, стычка; 2) вби
qaǵın-	қағын-	возвр. - от қақ- - 1) сту
qaǵınǵır	қағынғыр	чтоб тебя чёрт - взял!
qaǵındı	қағынды	воспаление - лёгких
qaǵındır-	қағындыр-	понуд. - от қағын-;
qaǵındırıp	қағындырып	жиберейин-бе!
kaǵınım	кағыным	знахарский способ - лечения (при котором лечат
qaǵınıw	қағыныў	и. д. - от қағын- - 1) битьё; 2) отряхивание, встря
qaǵıs-	қағыс-	взаимн. - от қақ- I) по
ǵıs-	ғыс-	а) ударить по рукам (при
qaǵısadı	қағысады	они - перемигиваются;
qaǵıspa	қағыспа	см. қағылыс
qaǵıstır-	қағыстыр-	понуд. - от к,ағыс-;
birewdi-birewge	биреўди-биреўге	қағыстыр- на
qaǵısıw	қағысыў	и. д. - от қағысстолкновёние, стычка
qaǵıt-	қағыт-	насмехаться, шутйть
qaǵıtıw	қағытыў	и. д. - от к,ағыт- под
qaǵıw	қағыў	и. д. - от қақ- I) стук;
qada	қада	длйнный - кол, жердь;
qada-	қада-	1) вонзать, втыкать;
qadaǵala-	қадағала-	1) проверять, контролйровать, ставить под кон
qadaǵalan-	қадағалан-	страд, от қадаға
qadaǵalandır-	қадағаландыр-	понуд. от қа
qadaǵalas-	қадағалас-	взаимн. - от қада
ǵala-	ғала-	1) помогать проверять
qadaǵalastır-	қадағаластыр-	понуд. от қада
qadaǵalat-	қадағалат-	понуд. - от қада
qadaǵalattır-	қадағалаттыр-	понуд. от қа
qadaǵalaw	қадағалаў	и. д. - от қадағала-;
qadaǵalawshı	қадағалаўшы	контролёр; / контролйрующий, проверяющий ко
qadaǵan	қадаған	запрёт; / запрещён
qadaǵanla-	қадағанла-	запрещать что-л
qadaǵanlaw	қадағанлаў	и. д. от қадағанлазапрещёние чего-л
qadaq	қадақ	уст. - фунт
qadaqla-	қадақла-	взвешивать - фунтами
qadaqlat-	қадақлат-	понуд. от қадақлазаставить взвешивать фунтами
qadaqlatıw	қадақлатыў	и. д. от қадақлатвзвёшивание фунтами
qadaqlaw	қадақлаў	и. д. от қадақлавзвёшивание фунтами
qadal-	қадал-	страд, от қада- 1) вон
qadalıp	қадалып	қалыпты (он) не отры
qadala-	қадала-	вбивать кол
qadalaw	қадалаў	и. д. от қадала- зако - лачивание, вбивание кола
qadalt-	қадалт-	понуд. - от қадал- - 1) вонзить, воткнуть; 2) заста
qadalıw	қадалыў	и. д. - от қадал- - 1) вонзание, втыкание; 2) пришива
qadam	қадам	см. қәдем
qadan-	қадан-	возвр. - от қада- - 1) вон
qadat-	қадат-	понуд. - от қада- - 1) за
qadattır-	қадаттыр-	понуд. от қадат
qadatıw	қадатыў	и. д. от қадат
qadaw	қадаў	и. д. - от қада- - 1) вонзание, втыкание; 2) пришивание
qadawbas	қадаўбас	пробойник {для про
qaja-	қажа-	1) терёть, натирать;
ayaǵımdı	аяғымды	етик қажады сапог мне
qajalg	қажалг	страд, от қажа
qajalǵan	қажалған	натёртый
qajaldır-	қажалдыр-	понуд. - от қажал- - 1) способствовать натиранию
qajat-	қажат-	понуд. - от қажа- - 1) спо
qajattır-	қажаттыр-	понуд. от қажат
qajaw	қажаў	и. д. - от қажа- - 1) нати
qajı-	қажы-	ослабевать, уставать;
qajır	қажыр	решйтельность, настой
qajırlan-	қажырлан-	упорствовать, про
qajırlı	қажырлы	решйтельный, настой
qajırlılıq	қажырлылық	решйтельность
qajırsız	қажырсыз	нерешйтелный, ненастбйчивый, неупорный, неэнергйчный
qaz-	қаз-	копать, рыть; қазып
qaza	қаза	I 1) смерть, гибель; қаза
qazaq	қазақ	казах; / казахский
qazaqsha	қазақша	по-казахски; қазақ
qazaqıuar	қазақыуар	владеющий ка
qazalan-	қазалан-	принять - смерть, уме
qazalandı	қазаланды	деген хабар келди
qazalanıw	қазаланыў	и. д. от қазалан
qazan	қазан	котёл; мосы қазан до
qazanlas	қазанлас	люди, которые едят
qazanlı	қазанлы	1) имеющий котёл;
qazan-oshaq	қазан-ошақ	собир. кухонный
qazan-tabaq	қазан-табақ	собир. - посуда
qazanshı	қазаншы	1) мастер по изготов
qazarma	қазарма	казарма
qazarmalıq	қазармалық	казарменный
qazba	қазба	I подкапывающийся;
qazbala-	қазбала-	донимать - кого-л., на
qazbalaw	қазбалаў	и. д. от қазбаланадоедание - кому-л. (напр. при
qazǵanaq	қазғанақ	яма, рытвина
qazdır-	қаздыр-	понуд. от қаз- заста
qazdırt-	қаздырт-	понуд. от қаздыр
qazdırıw	қаздырыў	и. д. - от қаздыркопание, рытьё
qazna	қазна	казна
qaznalıq	қазналық	уст. - казённый; қазналық мулк казённое имуще
qaznashı	қазнашы	казначей
qazuw	қазуў	казу, процесс очистки
qazuwshı	қазуўшы	участник - казу
qazı	қазы	I судья (разбирающий
qartaysa	қартайса	қазы - болады, ийт қартайса тазы болады поел, дёвушка состарится—будет судьёй
dawageric	даўагериц	қазы - болса, дадыцды
qazıq	қазық	кол; қазық қақ- вби
paǵı	пағы	күшли - болса, кийиз қазық
qazıqbas	қазықбас	1) непоседа; легко
qazıqla-	қазықла-	I) привязывать что
qazıqlaw	қазықлаў	и. д. - от қазықла- - 1) привязывание чего-л. ко вбйтому в землю колу; 2) прикреп
qazıqshı	қазықшы	сторож на скотном
qazıl-	қазыл-	страд, от қаз- быть
qazılıw	қазылыў	и. д. - от қазылкопка, рытьё
qazımır	қазымыр	см. қазба I
qazımırla-	қазымырла-	подкапываться
qazımırlan-	қазымырлан-	страд, от қазымырла- становиться придирчи
qazımırlaw	қазымырлаў	и. д. от қазымырла
qazımırlıq	қазымырлық	придирчивость;
qazıs-	қазыс-	взаимн. от қаз- помо
qazıstır-	қазыстыр-	понуд. от қазысзаставить помогать - копать, рыть
qazıw	қазыў	и. д. от қаз- - копка
qazıwlı	қазыўлы	выкопанный, выры
qazıwshı	қазыўшы	землекоп
qayǵıǵa	қайғыға	бат-, қайғы шек- или
qaiǵıǵa	қаиғыға	туе- - опечалиться, при
qayǵısı	қайғысы	горечь - воспоминаний;
qayǵıla-	қайғыла-	с.и. қайғыр
qayǵılı	қайғылы	печальный, скорб
qayǵır-	қайғыр-	печалиться, скорбеть
qayǵırt-	қайғырт-	понуд. - от қайғыропечалить, вызвать скорбь, горе
qayǵırtıw	қайғыртыў	и. д. от қайғырт
qayǵırıw	қайғырыў	и. д. от қайғыр
qayǵısız	қайғысыз	неунывающий, бес
qayǵısızlıq	қайғысызлық	беззаботность
qayǵıshıl	қайғышыл	склонный к - печали
qaydaǵı	қайдағы	находящийся - где-л.;
qayqay-	қайқай-	1) откидываться на
qayqayǵan	қайқайған	1) выгнутый (о кор
qayqayt-	қайқайт-	понуд. - от қайқай-;
kókregin	көкрегин	қайқайт- выпятить - грудь; мойнын ғаздай қай
qayqayıw	қайқайыў	и. д. от қайқай
qayqan	қайқан	см. қайқы
qayqacla-	қайқацла-	делать - грациозные
qayqaclat-	қайқацлат-	понуд. от қайқанла- придать - грацию, изящество;
qayqaclaw	қайқацлаў	и. д. - от қайқацла
qayqı	қайқы	1) выгнутый; қайқы бел
qayqılan-	қайқылан-	1) выгибаться; 2)
qayqılanıw	қайқыланыў	и. д. от қайқы- - лан
qayqılıq	қайқылық	1) выгнутость; 2)
qaymaq	қаймақ	сливки; сметана; қаймақ қумар любитель сливок;
qaymaqla-	қаймақла-	образовываться (о
qaymaqlan-	қаймақлан-	возвр. от қаймақ
qaymaqlandır-	қаймақландыр-	понуд'. от қаймақлан- способствовать образо
qaymaqlat-	қаймақлат-	понуд. от қаймақла- способствовать образова
qaymaqlaw	қаймақлаў	и. д. от қаймақлаобразование сливок
qaymaqlı	қаймақлы	со - сметаной, со слив
qaymaqsız	қаймақсыз	без - слйвок, без
qaymıǵıw	қаймығыў	и. д. - от қаймық
qaymıq-	қаймық-	1) робеть, стесняться;
qaymıqtır-	қаймықтыр-	понуд. - от қайМЫҚ- - 1) смутйть, заставить оро
qazandaǵı	қазандағы	суў қайнады вода
qaynadı	қайнады	самовар - вскипел; қайнаған суў кипячёная вода; 2) пе
qaynat-	қайнат-	понуд. - от қайна- - 1) вскипятить; суў қайнатвскипятйть воду; 2) перен. раз
qaynattır-	қайнаттыр-	иояуЭ. о т қайнаг-*
qaynatıl-	қайнатыл-	страд, от қайнат
qaynatım	қайнатым	см. қайнам
qaynatıw	қайнатыў	и. д. - от қайнат
qaynatıwlı	қайнатыўлы	кипячёный
qayra-	қайра-	1) точить, натачивать
qayraq	қайрақ	точильный - брусок
qayral-	қайрал-	страд, от қайра
qayran	қайран	милый, дорогой (обыч
qayras-	қайрас-	взаи.ин. - от қайра
qayrastır-	қайрастыр-	понуд. - от қайрас
qayrastırıw	қайрастырыў	и. д. - от қайрастыр- - 1) наточка одного предме
qayrat-	қайрат-	понуд. - от қайра
qayrattır-	қайраттыр-	понуд. от - кайрат
qayraw	қайраў	I и. д. от қайра
qayrıl-	қайрыл-	см. қайырыл-; қайрылып нет- завернуть, заглянуть
qayrılǵısız	қайрылғысыз	невозвращающийся - назад, безвозвратный
qayrılma	қайрылма	изгиб, загиб, сгиб
qaysaqla-	қайсақла-	I) озираться по
qaysaqlat-	қайсақлат-	понуд. - от қайсақла- 1 ) заставить озираться
qaysaqlaw	қайсақлаў	и. д. - от қайсақла
qaysar	қайсар	1 ) настойчивый, упря
qaysarlai-	қайсарлаи-	стоять на - своём
qaysarlandır-	қайсарландыр-	понуд. от қайсарлан- заставить стоять на - своём, проявлять решительность
qaysarlanıw	қайсарланыў	и. д. от қайсарлак- проявление - решительности
qaysarsı-	қайсарсы-	проявлять показ
qaysı	қайсы	который; қайсымыз ко
qaysı-qaysı	қайсы-қайсы	некоторые из - них;
qaysısı	қайсысы	который из - них, ко
qayt-	қайт-	1 ) возвращаться; қайтып кел- возвратиться; оқыў
qanımnan	қанымнан	қайтпайман я от сво
dún'yadan	дүньядан	қайт- - скончаться
qayta	қайта	1 ) опять, снова; қайта
rıw	рыў	перестройка, реконструк
lıw	лыў	возрождение; қайта тиклеў
qaytadan	қайтадан	снова, заново
qayta-qayta	қайта-қайта	повторно, опять
qaytala-	қайтала-	1 ) делать что-л. по
qaytalaqlaw	қайталақлаў	рецидив (болезни)
qaytalat-	қайталат-	понуд. от қайталаП заставить делать что-л. по - вторно; 2 ) заставить повторять
sabaqlardı	сабақларды	қайталатыў керек - нужно, чтобы учащиеся повто
qaytalattır-	қайталаттыр-	понуд. - от қайталат
qaytalaw	қайталаў	1 ) и. д. от қайтала-;
awılǵa	аўылға	қайтарды чабан пригнал
qaytarma	қайтарма	повтор
qaytart-	қайтарт-	понуд. от қайтар
qaytarıl-	қайтарыл-	страд, от қайтар-;
pıshaqtıc	пышақтыц	жүзи қайтарылды ос
qaytarılıp	қайтарылып	кеттн он ушёл
qaytarıw	қайтарыў	и. д. - от қайтар
qaytqısız	қайтқысыз	невозвратный, без
qaytpa	қайтпа	водоворот; дэрьянын
qaytpası	қайтпасы	водоворот - рекй; <>
qaytpaytuǵın	қайтпайтуғын	очень - упорный;
qaytpaytugın	қайтпайтугын	адам очень упор
qaytpaw	қайтпаў	упорство
qaytıs	қайтыс	возвращение; қайтыс бол- скончаться, умереть;
qaytıs-	қайтыс-	взаимн. - от қайт
qaytıw	қайтыў	1 ) и. д. от қайт-;
qaytıwı	қайтыўы	морской - отлйв
sóziq	сөзиқ	алдынғы сөзиқе қайшы
árebi	әреби	ат остроухий конь араб
qayshıla-	қайшыла-	1 ) резать ножница
qayshılan-	қайшылан-	страд, от қайшыла- 1 ) быть разрезанным ножни
qayshılandır-	қайшыландыр-	понуд. - от қайшылан- 1 ) заставить рёзать нож
qayshılas-	қайшылас-	взаимн. - от қайшыла- 1 ) помогать рёзать нож
qayshılastır-	қайшыластыр-	понуд. от қайшылас- - складывать ч/по-л.крест
qayshılastırıw	қайшыластырыў	и. д. от қайшыластыр- складывание чего-л
qayshılasıw	қайшыласыў	и. д. от қайшылас- оказание пгЗмощи при - рёза
qayshılat-	қайшылат-	понуд. - от қайшыла- I) заставить рёзать ножни
qayshılattır-	қайшылаттыр-	понуд. от қайшылат
qayshılıq	қайшылық	противорёчие, не
qayı-	қайы-	строчить, шить мелкой
kayızǵaq	кайызғақ	пёрхоть
qayızǵaqlı	қайызғақлы	покрытый пёрхотью
qayıq	қайық	лодка, шлюпка; жел
qayıqlı	қайықлы	1 ) плывущий на лод
qayıqshı	қайықшы	лодочник
qayıl	қайыл	согласный; ол барлық
qıyınshılıqqa	қыйыншылыққа	қайыл он согла
qayıl-	қайыл-	страд, от қайы- быть
qayıllan-	қайыллан-	соглашаться с - кем
qayıllandır-	қайылландыр-	понуд. от қа
qayıllas-	қайыллас-	взаимн, от қайыл
qayıllıq	қайыллық	см, қайылшылық
qayılsızlıq	қайылсызлық	несогласие, воз
qayılshılıq	қайылшылық	согласие; мениц
qayılshılıǵım	қайылшылығым	жоқ я не согла
qayımla-	қайымла-	1 ) дёлать что-л. под
qayımlan-	қайымлан-	страд, от қайымла- дёлаться подходящим, удоб
qayımlandır-	қайымландыр-	понуд. от қа
qayımlas-	қайымлас-	взаимн. - от қайымла- 1 ) дёлать что-л. подходящим
qayımlastır-	қайымластыр-	понуд. от қа
qayımlaw	қайымлаў	и. д. от қайымла
qayın	қайын	родственник но мужу
qayınlı	қайынлы	имеющий родствен
qayıc	қайыц	бол, ҳәр бир иске қайым
qayır	қайыр	I будь здоров!; до сви
qayır-	қайыр-	1 ) отвернуть, загнуть
qayırqom	қайырқом	благожелатель; покровйтель, попечитель; / добрый
QOM	ҚОМ	бол- быть - покровйтелем
qayırqomlan-	қайырқомлан-	покровйтельст
qayırqomlandır-	қайырқомландыр-	понуд. от
kayırqomlıq	кайырқомлық	заботливость; по
qomlıqtan	қомлықтан	пайдалан- пользо
qayırqomshı	қайырқомшы	см. қайырқом
qayırqomshıl	қайырқомшыл	см. қайырқом
qayırqomshılıq	қайырқомшылық	см. қайыр
qayırla-	қайырла-	садйться на - мель
qayırlastır-	қайырластыр-	понуд. от қа
qayırlasıw	қайырласыў	и. д. от қайырлассоглашёние в торговых делах
qayırlat-	қайырлат-	понуд. от қайырлапосадйть на - мель (судно или
qayırlaw	қайырлаў	и. д. - от қайырла
qayırlı	қайырлы	I удачный, успёшный
qayırma	қайырма	1 ) отворот; қайырма
jaǵa	жаға	отложной - воротнйк; 2 ) при
qayırmalı	қайырмалы	1 ) с отворотом;
qayırsız	қайырсыз	не приносящий поль - зы, бесполезный
qayırt-	қайырт-	понуд. - от қайыр
qayırttır-	қайырттыр-	понуд. от қа
qayırshaq	қайыршақ	галька, мелкие ка
qaiırshı	қаиыршы	нищии, попрошайка
qayırshılıq	қайыршылық	нйщенство, по
qayırıl-	қайырыл-	страд, от қайыр
qayırıldı	қайырылды	пола - отвернулась;
qayırılıw	қайырылыў	и. д. от қайырыл
qayırım	қайырым	жалость, отзывчи
qayırımlı	қайырымлы	отзывчивый, доб
qayırıw	қайырыў	и. д. от қайыр
qayıs	қайыс	ремень; қам қайыс сы
qayıs-	қайыс-	I гнуться, сгибаться;
qabırǵam	қабырғам	қайысты я согнул - ся
qayıstır-	қайыстыр-	понуд. - от қайыс- I
qayısshı	қайысшы	шорник, мастер, из
qayısıw	қайысыў	и д. - от қайыс- I сги
qayıt-	қайыт-	понуд. от қайы- заста
qayıttır-	қайыттыр-	понуд. от қайыт
qayıtıw	қайытыў	и. д. - от қайыт
qayıw	қайыў	и: д. от қайы-сшивание
aǵashtan	ағаштан	ғөри, қақ ағаш тез
isleǵen	ислеғен	қақты жеди он поел
qaq-	қақ-	1 ) стучать, бить; биреў
qonraw	қонраў	қақ- звонить в - колокол;
qanat	қанат	қақ- бить - крыльями;
arqadan	арқадан	қақ- хлопать по - спине
aytqandı	айтқанды	тез қағып ал- быстро
qaqay-	қақай-	1 ) торчать, высовы
qaqayt-	қақайт-	понуд. - от қақай
qaqayıw	қақайыў	и. д. - от қақай- 1 ) вы
qaqal-	қақал-	подавиться; сткс қа
qaqala-	қақала-	1 ) кудахтать; қақала
qaqalaw	қақалаў	и. д. - от қақала- 1 ) ку
qaqaldır-	қақалдыр-	понуд. от қақал
qaqalıw	қақалыў	и. д. - от қақал
qaqacla-	қақацла-	вертеться, быть бес
qaqaclat-	қақацлат-	понуд. от қақақласдёлать - беспокойным; сделать
qaqaclaw	қақацлаў	и. д. - от қақацла
qaqqı	қаққы	1) толчок; бэринен қақ
QI-SOQQI	ҚЫ-СОҚҚЫ	көреди от всех он
qaqqıla-	қаққыла-	1 ) толкать; ударять;
qaqqısh	қаққыш	трепало
qaqqıshla-	қаққышла-	см. қаққыла
qaqla-	қақла-	1 ) вялить; сушйть;
kaqlaǵan	кақлаған	вяленый; сушёный;
qaqlaǵan	қақлаған	ет вяленое мясо
qaqlan-	қақлан-	страд, от қақла- вя
qaqlas-	қақлас-	взаимн. от қақла- по
qaqlat-	қақлат-	понуд. от қақла- за
qaqlatıw	қақлатыў	и. д. от қақлат- вя - ление; сушение чего-л
qaqlaw	қақлаў	и. д. от қақла- вяле - ние; сушение; ерик қақлаў суш
qaqlıǵıs-	қақлығыс-	взаимн. от қақлық
qaqlıǵıstır-	қақлығыстыр-	понуд. от қақ
LIǴIS-	ЛЫҒЫС-	наталкивать друг на дру - га, сталкивать друг с другом;
qaqlıǵıstırıw	қақлығыстырыў	и. д. от қақ
lıǵıstır-	лығыстыр-	столкновение друг
qaqlıǵısıw	қақлығысыў	и, д. от қақлы
qaqlıǵıw	қақлығыў	и. д. от қақлық
qaqlıq-	қақлық-	наталкиваться на
qaqpa	қақпа	калйтка
qaqpaq	қақпақ	крышка, покрышка
qaqpaqla-	қақпақла-	1 ) покрывать что-л
qaqpaqlat-	қақпақлат-	понуд. от қақпақ- - ла- I) заставить закрыть что-л
qaqpaqlattır-	қақпақлаттыр-	понуд. от қақ
qaqpaqlaw	қақпақлаў	и. д. - от қақпақлапокрываиие, закрывание чего-л
qaqpaqlı	қақпақлы	имеющий - крышку
qaqpala-	қақпала-	1 ) погонять {напр
qaqpalaw	қақпалаў	ы. д. от қақпала
qaqpalı	қақпалы	имёющий калйтку
qaqpan	қақпан	капкан, силок; қақ
qaqpanshı	қақпаншы	охотник, ставящий
qaqpanshılıq	қақпаншылық	охота с капка
qaqpash	қақпаш	сухая - рыба, сушёная
qaqpashlaw	қақпашлаў	и. д. - от қақпашларёзание (рыбы) на тонкие ломти
qaqpashtay	қақпаштай	тщедушный, худо
qaqsa-	қақса-	1 ) твердить, надоедливо
qaqsal	қақсал	суровый, жестокий;
qaqsan-	қақсан-	возвр. от қақса
qaqsat-	қақсат-	понуд. - от қақса- 1 )
qaqsaw	қақсаў	и. д. от қақса
qaqsı-	қақсы-	сохнуть, высыхать, пе
qaqsıt-	қақсыт-	понуд. от қақсы- вы - сушить
qaqtır-	қақтыр-	понуд. - от қақ- 1 ) за
qaqtırıw	қақтырыў	и. д. от қақтыр
qaqshı-	қақшы-	хватать, ловить на
qaqshıǵısh	қақшығыш	человек, ловко
qaqshıy-	қақшый-	1 ) принимать надмен
qaqshıyt-	қақшыйт-	понуд. - от қақшый
qaqshıyıw	қақшыйыў	и. д. от қақшый
qaqshıt-	қақшыт-	понуд. - от қак,шызчетавить хватать, ловйть на
qaqshıw	қақшыў	и. д. - от қақшы
qaqılda-	қақылда-	1 ) каркать (о воро
qaqıldas-	қақылдас-	взаимн. от қақылда
qaqıldat-	қақылдат-	понуд. - от қақылда
qaqıldaw	қақылдаў	и. д. - от қақылда
qaqır-	қақыр-	харкать, отхарки
qaqıra	қақыра	дом (построенный из
qaqıra-	қақыра-	1 ) распороться по
qaqırat-	қақырат-	понуд, от қақыра
qaqıraw	қақыраў	и. д. от қақыра
qaqırt-	қақырт-	понуд. от қақырвызвать отхаркивамне
qaqırıq	қақырық	мокрота
qaqırın-	қақырын-	возер. - от қақыротхаркиваться; қақырынып-тү
qaqırınıw	қақырыныў	а. д. - от қақырын
qaqırıw	қақырыў	и. д. от қақыр- от
búginnen	бүгиннен	қалмай не позднее се
qala-	қала-	1 ) класть, складывать
qalaǵayla-	қалағайла-	проявлять нежела - ние, отнекиваться, уклоняться;
qalaǵaylaw	қалағайлаў	и. д. от қалағайлапроявлёние - нежелания, уклоне
qalayla-	қалайла-	лудить
qalaylat-	қалайлат-	понуд. от қалайлазаставить лудйть
qalaylaw	қалайлаў	и. д. от қалайлалужёние
qalaysha	қалайша	см. қалай I
qalayı	қалайы	олово; / оловянный;
qalaiıq	қалаиық	народ; см. халаиық
qalayıla-	қалайыла-	сж. қалайла
qalayınsha	қалайынша	см. қалай 1
qalaq	қалақ	П - мешалка (употреб
laq	лақ	мешалка для - проса; 2 ) ло
qalaq-qulaq	қалақ-қулақ	кое-как; қалақ
-qulaq	-қулақ	жумыс исле- небрежно
qalaqla-	қалақла-	брать что-л. - совком
qalalı	қалалы	1 ) горожанин; / го
qalalıq	қалалық	городской; Мийнеткешлер депутатларыньщ қалаЛЫҚ совети Городской совет де
qalama-qala	қалама-қала	по - городам; из
qalampir	қалампир	1 ) гвоздика (пря
qalan-	қалан-	страд, от қала- 1 )
qalas-	қалас-	взаимн. - от қала- 1 ) по
qalastır-	қаластыр-	понуд. - от қалас
qalat-	қалат-	понуд. - от қала- 1 ) за
qalattır-	қалаттыр-	понуд. от қалат
qalaw	қалаў	и. д. - от қала- 1 ) склады
qalawlı	қалаўлы	1 ) сложенный (напр
qalawshı	қалаўшы	складывающий; тас
qalash	қалаш	плавник; сазанныц қа
qalban-qulbaq	қалбан-қулбақ	впопыхах, край
qalǵan-qutqan	қалған-қутқан	собир. остатки
qalǵı-	қалғы-	1 ) дремать, быть в по
qalǵıt-	қалғыт-	понуд. от қалғы- - нагоиять,дремоту; 2 ) вызвать л^
qalǵıtıw	қалғытыў	и. д. от қалғытЙ
qalǵıw	қалғыў	и. д. от қалғы- дремр - та, дрёма
qaldıq	қалдық	1 ) остаток; ақша қа)
dıǵı	дығы	остаток - денег; 2 ) перен
qaldırt-	қалдырт-	понуд. от қалдыр
qaldırıw	қалдырыў	и. д. - от қалдыр
qaledder	қаледдер	см. қәлендер
qaljaq	қалжақ	1 ) шутка; 2 ) шутийк
qaljaqla-	қалжақла-	1 ) переваливаться
qaljıd	қалжыд	1 ) шутка; насмешка;
qartayǵanda	қартайғанда	мылжыд боласад
qaljıdla-	қалжыдла-	1 ) шутить, бала
qaljıdlas-	қалжыдлас-	взаимн. - от қалжыдла- 1 ) шутить, балагурить
qaljıdlaw	қалжыдлаў	и. д. - от қалжыдла
qaljıdpaz	қалжыдпаз	насмешник; нгутнйк; балагур
qaljıdshıl	қалжыдшыл	шутливый; на
qaljıra-	қалжыра-	1 ) зябнуть; 2 ) осла
qaljırat-	қалжырат-	понуд. - одгқалжыраослабить; у'томйть
qaljıraw	қалжыраў	и. д. от қалжыра
qalqan	қалқан	щит; қалқад қулақ
qalqı	қалқы	поплавок
qalqı-	қалқы-	1 ) плавать на поверх
qalqıy-	қалқый-	с.ч. калтый
qalqıt-	қалқыт-	понуд. от қалқы
qalqıw	қалқыў	и. д. - от қалқы- 1 ) пла
qallash	қаллаш	уст. 1 ) бедняк; 2 ) бат
qallashlan-	қаллашлан-	1 ) становйться
qallashlanıw	қаллашланыў	и. д. - от қдллашлан
qallashlıq	қаллашлық	1 ) бедность; 2 ) бат
qalp	қалп	'южь, напраслина; / зря
qalpaq	қалпақ	шляпа
qalpı-	қалпы-	1 ) касаться, слегка
qaltaqla-	қалтақла-	1 ) суетиться; расте
qaltala-	қалтала-	сыпать, всыпать в
qaltalan-	қалталан-	страд, от қалталабыть в[1 сыпанным, всыпанным
qaltalı	қалталы	1 ) с мешком; имею
qaltaman	қалтаман	карманный - вор, кар
qaltac	қалтац	всрт.нявый; колеблю
qaltan	қалтан	бас человек с дрожащей - головой
qaltacla-	қалтацла-	1 ) трястись (о голо
qaltaclat-	қалтацлат-	понуд. от қалтақ
qaltaplaw	қалтаплаў	и. д. - от қалтақладрожание (головы или рук)
qalt-qılt	қалт-қылт	туда-сюда;толқында
qaltıy-	қалтый-	едва стоять на - ногах
qaltıyıw	қалтыйыў	и. д. - от қалтый
qaltılda-	қалтылда-	I) дрожать, тряс
qaltıldap	қалтылдап	не қыларын билмей
kaltıldaq	калтылдақ	колебание; / ко
qaltıldat-	қалтылдат-	понуд. - от қалтылда- 1 ) вызвать дрожь; 2 ) по
qaltıldaw	қалтылдаў	и. д. - от қалтылда- 1 ) дрожание; 2 ) колебание
qaltıra-	қалтыра-	1 ) дрожать, трястись
qaltıraq	қалтырақ	дрожь
qaltıran-	қалтыран-	возвр.-страд, от
qaltırat-	қалтырат-	понуд. - от қалтыра- 1 ) доводить до, дрожи; заста
qaltıraw	қалтыраў	и. д. - от қалтыра
qaltırawıq	қалтыраўық	1 ) раза, мерзляк;
qalwen	қалўен	грубая, колючая трава
qalsh-qalsh	қалш-қалш	подражательное - слово, выражающее дрожь; қалш
-qalsh	-қалш	ет- дрожать, трястйсь
qalshılda-	қалшылда-	1 ) дрожать
qalshıldat-	қалшылдат-	понуд. - от қалшылда- 1 ) вызвать дрожь; 2 ) вы
qalshıldatıw	қалшылдатыў	и. д. от қалшылдат
qalshıldaw	қалшылдаў	и. д. - от қалшылда- 1 ) дрожание; 2 ) сильное рас
qalıq	қалық	отстающий
qalın-	қалын-	страд, от қал- быть
qalıqla-	қалықла-	I) утолщаться; уплот
qalıclan-	қалыцлан-	возвр. -страд, от
qalıqlat-	қалықлат-	понуд. - от қалықла
qalıclatıw	қалыцлатыў	и. д. - от қалынлат- 1 ) утолщение; уплотнение;
qalıqlaw	қалықлаў	и. д. - от қалыцла
qalıqlıq	қалықлық	I 1) густота; шөптин
qalıqlıǵı	қалықлығы	густота - травы; пыШЫҚ мурны батпас қалықлык
qalıclıq	қалыцлық	II уст. 1) наречён
qalınlıqlı	қалынлықлы	имеющий наре
qalıs	қалыс	1 ) бескорыстно, даром;
qalıs-	қалыс-	взаимн. - от қал-; бир
qalıslıq	қалыслық	безвозвратный, взя
qalıw	қалыў	и. д. - от қал-; истен қа
lıwına	лыўына	не себеп - болды? что по
qam	қам	I 1) сырой, недоваренный;
qama	қама	выдра (зверёк и шкурка)
qama-	қама-	1 ) загонять в загон;
JILQINI	ЖЫЛҚЫНЫ	қораға қама- загонй
qamaq	қамақ	1 ) загон; 2 ) осада, окру
qamaqxana	қамақхана	тюрьма
qamal	қамал	1 ) крепостная стена;
qamala-	қамала-	1 ) см. қама-; 2 ) тол
qamalǵan	қамалған	I) загнанный; 2) окру
qamalıs-	қамалыс-	взаимн. - от қамал
qamalıw	қамалыў	и. д. от қамал
qamar	қамар	лучшая шкурка кара - куля
qamas-	қамас-	I взаимн. от қама-1) по
jaynaǵan	жайнаған	суўрет көзди қамастырады этот слишком яркий рису
qamasıw	қамасыў	I и. д. от қамас- I
qamat-	қамат-	понуд. - от қама- 1 ) за
qamattır-	қаматтыр-	понуд. от қамат
qamatıw	қаматыў	и. д. - от қамат
qamaw	қамаў	I и. д. от қама- 1) загон
qamawla-	қамаўла-	пускать пойманную
qambar	қамбар	мякйна
qamzol	қамзол	камзол
qamqa	қамқа	I) камка (китайская
qamlıq	қамлық	1 ) незрелость; 2 ) не
qampay-	қампай-	1 ) вздуваться, вспу
qampayt-	қампайт-	понуд. - от қампай
qampayıw	қампайыў	и. д. - от қампай-;
qampıy-	қампый-	см. қампай
qamsıǵıcqıra-	қамсығыцқыра-	слегка прослезйться
qamsıǵıw	қамсығыў	и. д. от қамсық- - расстройство
qamsızla-	қамсызла-	I) страховать; 2) га
qamsızlan-	қамсызлан-	страд, от қамсызла- 1 )быть застрахованным; стра
qamsızlandır-	қамсызландыр-	понуд. - от №1«^
qamsızlandırıl-	қамсызландырыл-	страд, о р
qamsızlandırılıw	қамсызландырылыў	и. д. - от
qamsızlandırıw	қамсызландырыў	и. д. - от қамсызландыр- I) страхование; социаллық қамсызландырыў со
qamsızlaw	қамсызлаў	и. д. - от қамсызла- - 1) страхование; 2) гарантйрование
qamsızlıq	қамсызлық	беспечность, без
qamsıq-	қамсық-	опечалиться, расстро
qamsıqtır-	қамсықтыр-	понуд. от қамсық- - опечалить, расстроить
qamsıqtırıw	қамсықтырыў	и. д. от қамсықтыр
qamtama	қамтама	обеспеченность, до
qamtı-	қамты-	1) хватать, схватывать;
qamtıla-	қамтыла-	многокр. - от қамТЫ
qamtım	қамтым	пригоршня; еки қамтым две пригоршни; бир қамтым жүн клок шерсти; <^> қамтым-қамтым қағаз а) очень мно
qamtıw	қамтыў	и. д. от қамты
qamxor	қамхор	см. ғамхор
qamshı	қамшы	нагайка, плеть, плётка
qamshıla-	қамшыла-	бить, стегать, хле
qamshılan-	қамшылан-	страд, от қамшыла- быть битым плётыо, на
qamshılat-	қамшылат-	понуд. от қамшыла- заставить - бить, стегать, хле
qamshılatqan	қамшылатқан	жүйриктиқ жүй
qamshılaw	қамшылаў	и. д. от қамшыла
qamshıshı	қамшышы	мастер, изготов
qamıǵıw	қамығыў	и.д. - от қамык,- чувст
qamıq-	қамық-	чувствовать - обиду; пе
rıp-qamıgıp	рып-қамыгып	огорчаясь и пе - чалясь; қамықпа не огорчайся
qamıqtır-	қамықтыр-	понуд. от қамық- - обйдеть; опечалить, огорчить
suwırǵanday	суўырғандай	легко, без особен
qamırla-	қамырла-	1) замёшивать тёсто;
qamırlan-	қамырлан-	страд, от қамырла
qamıs	қамыс	камыш; / камышовый;
nawqamıs	наўқамыс	заросли высокого ка - мыша; қуў қамыс сухой ка
qamıslı	қамыслы	с - камышом; қамыслы
qamıslıq	қамыслық	камышовые зарос
qamıt	қамыт	хомут; қамыт кийгизнадевать хомут; <0> ол қамыт
aǵashtay	ағаштай	болып қалыпты он стал
qamıtla-	қамытла-	надевать - хомут
qamıtlaw	қамытлаў	и. д. от қамытланадевание хомута
QIZ-	ҚЫЗ-	разгорячйться, вспылйть;
qanı	қаны	қызба - несдержанный, го
boyawı	бояўы	қан- быть хорошо выкра - шенным; бояўы қанған хорошо
qana	қана	I I) долька семян дыни;
qawınnıc	қаўынныц	шопағы үш қана семена
qanasına	қанасына	сыймай тур-вы хо
qana-	қана-	I) кровоточйть, течь
qanadı	қанады	из его носа - текла
qanaat	қанаат	довольство, удовлетво
biyqanaat	бийқанаат	атты сойғызар
qanaatlan-	қанаатлан-	довольствоваться
qanaatlanarlıq	қанаатланарлық	см. - канаатландырарлық; жумысы толық
kanaatlanarsızlıq	канаатланарсызлық	неудовлетворйтельный
qanaatlandır-	қанаатландыр-	понуд. от қа
qanaatlandırarlıq	қанаатландырарлық	удовлет - ворительный; способный удов
qanaatlandırıw	қанаатландырыў	и. д. - от қа!
qanaatlanıw	қанаатланыў	и. д. - от қанан/>
qanaatsız	қанаатсыз	I) недовольный;
qanaatsızlan-	қанаатсызлан-	1) быть недо
qanaatsızlanıw	қанаатсызланыў	и. д. - от қанаатсызлан
qanaatsızlıq	қанаатсызлық	1) недовольство;
qanaatshıl	қанаатшыл	довольствующийся - малым, скромный в своих тре
qanaǵat	қанағат	см., қанаат
qanaǵatlan-	қанағатлан-	см. қанаатлан
qanazat	қаназат	чистокровная - лошадь
qanal-	қанал-	страд, о т қана- 1) быть
qanalas	қаналас	единоутробный, род
qanalaslıq	қаналаслық	родственность
qanalıw	қаналыў	и. д. от қанал- экс - плуатация, угнетение
qanalıwshı	қаналыўшы	эксплуатируемый
qanar	қанар	канар, большой мешок;
qanar-qanar	қанар-қанар	пахта келди хлопок
qanarla-	қанарла-	класть что-л. в канар
qanarlat-	қанарлат-	понуд. от қанарлазаставить класть что-л. в канар
qanarlaw	қанарлаў	и. д. от қанарласкладывание чего-л. в - канар
qanatla-	қанатла-	махать, взмахивать
qanatlan-	қанатлан-	1) страд, от канатла-; 2) перен. воодушевляться
qanatlı	қанатлы	двукрылый; 2) перна
qanatsız	қанатсыз	бескрылый, без кры
qanattır-	қанаттыр-	понуд. от қанат
kanatıw	канатыў	и. д. - от қанат- - 1) кро
Kanaw	Канаў	и. д. - от қана- - 1) крово
kanawshı	канаўшы	эксплуататор, угне
qanawshılıq	қанаўшылық	эксплуатация
bolǵanda	болғанда	қандай! да ещё как
qandayına	қандайына	как, каким обра
qandayınan	қандайынан	из - которых
qandakınsha	қандакынша	см. қандайына
qandala	қандала	клоп
qandır-	қандыр-	понуд. от қан- насы - тить; ыапойть, утолйть жажду;
qandırt-	қандырт-	понуд. от қандырзаставить - насытить; заставить
qandırıw	қандырыў	и. д. от қандыр- на - сыщение; утоление жажды
qanjar	қанжар	кинжал; қанасар урнаносйть удары кинжалом
qapjarla-	қапжарла-	наносйтн удары
qanjarlas-	қанжарлас-	взаимн. от қанжарла- наносить друг другу уда
qanjarlaw	қанжарлаў	и. д. от қанжарлананесёние ударом кинжалом
qanjarlı	қанжарлы	с - кинжалом, имёюший кинжал
qanjıǵa	қанжыға	торока (седла)-, қанжығаға байла- приторочить
qanjıǵala-	қанжығала-	н1)нторочйть что
qanjıǵalat-	қанжығалат-	понуд. от қанжығала- застамить приторочить
qanjıǵalaw	қанжығалаў	и. д. от қанжыға
qanjıǵalı	қанжығалы	Имеющий - торока
qanlı	қанлы	1) кровный; таза қанлы
sawash	саўаш	кровопролитный - бой; 3)
Qanlı	Қанлы	екшемби ист. Кровавое - воскресенье; қанлы көз крово
qansız	қансыз	1) бескровный; 2) ма
qansızlan-	қансызлан-	становйтьсл мало
qansızlıq	қансызлық	малокровие
qansıra-	қансыра-	кровоточить; исте
qansırat-	қансырат-	понуд. от қансыра- вызвать - кровотечение; обес
qansıraw	қансыраў	и. д. - от қансыракровотечсиие; обескровливание
qant	қант	сахар; / сахарный; шақ
maq	мақ	қант пилёный - сахар; маши
qantala-	қантала-	1) покрываться кро
qantalan-	қанталан-	возвр.-страд, от
qantalandır-	қанталандыр-	понуд. - от қанталан- - 1) покрывать кровоподтё
qantalat-	қанталат-	понуд. - от қантала- - 1) покрывать кровоподтёками;
qantalattır-	қанталаттыр-	понуд. от қаиталат
qantalaw	қанталаў	и. д. от қантала
qantla-	қантла-	класть сахар во - что
qantlaw	қантлаў	и. д. от қантла
qanxor	қанхор	кровожадный; / кро
qanxorlıq	қанхорлық	кровожадность
qansha	қанша	сколько; қанша турады? сколько стоит?; бир қанша
KOLXOZDIQ	КОЛХОЗДЫҚ	канша жылқысы - бар?
qanshalıq	қаншалық	насколько; скс^ько
qanshama	қаншама	см. қаншалық
qanshelli	қаншелли	во - сколько, насколь
qanshı	қаншы	кровопускатель, лекарь
qanshıq	қаншық	сука
qanıq	қанық	привыкший; андай
qanıq-	қанық-	привыкать, приобре
qanıw	қаныў	и. д. от қан- пасыщ.ё- - ние; утоление жажды
qaqbaq	қақбақ	перекатй-пбле (на
qapbaq	қапбақ	трава, идущая на корм
qacbaqtay	қацбақтай	как перекатй-пб - ле; қақбақтай женил лёгкий
qanbaqtay	қанбақтай	ушты он быстро - шёл
qaqǵı-	қақғы-	1) скитаться; бродяж
qanǵı	қанғы	баслық а») бродяжниче
ǵıǵan	ғыған	оқ шальная - пуля
qanǵıma	қанғыма	см. қанғыбас
qanǵır-	қанғыр-	см. қанғы-; қанғырып
qanǵırma	қанғырма	см. қанғыбас
qanǵırt-	қанғырт-	понуд. - от қанғыр- - 1),"заставить скитаться; сделать
qanǵırıw	қанғырыў	и. д. от қанғыр
qanǵıw	қанғыў	и. д. - от қанғы- - 1) ски
qanqay-	қанқай-	1) быть громбздким
qanqayıw	қанқайыў	и. д. - от қанқай
qanqıyıw	қанқыйыў	и. д. от қанқый
qansar	қансар	охбта, желание, склбиность кчему-л.-, қансарым аўды
qansı-	қансы-	см. қансыла
qansıla-	қансыла-	визжать, скулить (о
qansılas-	қансылас-	взаимн. от қансы
qansılat-	қансылат-	понуд. от қансы
qansılatıw	қансылатыў	и.д. о/п қансылат
qacsılaw	қацсылаў	и. д. от қансыла- - визг (собаки)
qantar-	қантар-	1) дать лбшади остыть;
qantart-	қантарт-	понуд. - от қацтар- - 1) заставить задерживать кого
qantarıl-	қантарыл-	страд, от қантар
nantarıw	нантарыў	и. д. - от қантар
qanıltaq	қанылтақ	1) легковесный, лёг
qacıltır	қацылтыр	листовбе - железо;
qanıltırla-	қанылтырла-	обивать - листов.ь1м желёзом; покрывать же
qanıltırlat-	қанылтырлат-	понуд. от қа
qanıltırlaw	қанылтырлаў	и. д. от қаныл
qacıra-	қацыра-	1) пустеть, становить
qanırap	қанырап	бос қалды дом - совер
qadıraǵan	қадыраған	пустой; опустошён
qanırat-	қанырат-	понуд. - от қацыра- - 1) сделать пустым; опустошить;
qanıraw	қаныраў	и. д. от қацыра- опу - стошение
qap-qara	қап-қара	мерный-пречёрный
qalǵanın	қалғанын	қара! а он ещё как
ǴIP	ҒИП	қалғанымды-ай как - жаль
qap-	қап-	хватать - зубами, кусать;
biydáwletti	бийдәўлетти	туйе устинен ийт
qabar	қабар	поел, несчастливого соба
qapa	қапа	I печаль, тоска; / печаль
kóqili	көқили	шад огорчений у него - нет, он вёсел
qapalan-	қапалан-	печалиться, тоско
qapalandır-	қапаландыр-	понуд. от қапалан- - опечалить, вызвать тоску;
qapalant-	қапалант-	см., капаландыр
qapalanıw	қапаланыў	и. д. от қапалан
qapalı	қапалы	печальный, тоскў
qapalıq	қапалық	печаль, тоска; горе
qapashıl	қапашыл	печальный, опеча
qapashılık	қапашылык	см. қапалық
qapla-	қапла-	1) насыпать что-л. в
qapladı	қаплады	туча обложила - нёбо;
toǵaydı	тоғайды	гузги думай қаплаған
qaplama	қаплама	покрышка; обёртка
qaplan	қаплан	барс, леопард
qaplan-	қаплан-	страд, от. қапла
qaplas-	қаплас-	взаимн. от қапла
qaplat-	қаплат-	понуд. - от қапла
qaplattır-	қаплаттыр-	понуд. - от қаплат
qaplatıw	қаплатыў	и. д. - огп қаплат
qaplaw	қаплаў	и. д. о т қапла- - 1) насыпание чего-л. в мешкй; 2) изме
qaplawlı	қаплаўлы	1) насыпанный в ме
qapsır-	қапсыр-	1) соединять концы
qapsıra	қапсыра	қушақла- - обнять, об
qapsırıw	қапсырыў	и. д. - от қапсыр- - 1) соединение концов чего-л.;
qaptal	қаптал	1) бок, боковая часть
awrıp	аўрып	тур у меня болит правый - бок; шеп қаптал левая сторо
qaptalla-	қапталла-	1) идти сбоку; ехать
qaptallas	қапталлас	находящийся - рядом
qaptallas-	қапталлас-	взаимн. от қапталла- приближаться друг к - другу
qaptallastır-	қапталластыр-	понуд. от қапталлас- заставить приблйзиться
qaptallaw	қапталлаў	и. д. от қапталла
qaptallı	қапталлы	имеющий боковую - сторону, бок; <> тен қапталлы
qapteser	қаптесер	мышь
qaptır-	қаптыр-	понуд. от қап- заста
qaptırma	қаптырма	металлйческие за
qaptırt-	қаптырт-	понуд. от қаптыр
qaptırıw	қаптырыў	и. д. от қаптырхватаиие - зубами, кусание
qapshıq	қапшық	небольшой - мешок
qapshıqla-	қапшықла-	1) класть, насы
qapshıqlat-	қапшықлат-	понуд. - от қапшықла- - 1) заставить класть, на
qapshıqlaw	қапшықлаў	и. д. от қапшық
qapshıqlı	қапшықлы	находящийся в - мешках, всыпанный в мешкй;
qapıl	қапыл	иеожйданно, врасплох
qapıl-	қапыл-	I) быть в недостаточ
qapıldır-	қапылдыр-	понуд. от қапылзаставить - сообщать, передавать
qapılt-	қапылт-	см., қапылдыр
qapılıw	қапылыў	и. д. от қапыл
Kapırıq	Капырық	духота; / душный: /
kapırıqlıq	капырықлық	духота
suwı	суўы	талая вода. - кар II предплечье {часть руки
KÓK	КӨК	а) тёмио-голубой; б) тёмно
suwık	суўык	сухой - мороз; кара жел
KÓZDIQ	КӨЗДИҚ	карасы а) зрачок; б) п е
qarap	қарап	шык- просмотреть руко - пись; жол қарап кел- разведать
tómen	төмен	қарамасацлар болды хоро - шо, если вам не придётся крас
qarabay	қарабай	эоол. - баклан
qarabayır	қарабайыр	карабайр [помесь
qarabaqana	қарабақана	развалины, руйны
qarabaraq	қарабарақ	название - травы
qarabuwra	қарабуўра	блоки из - камыша
qaraǵay	қарағай	сосна
qaraǵaylı	қарағайлы	изобилующий сос - ной; место, поросшее сосной
qaraǵansı-	қарағансы-	делать - вид, что
qaraǵım	қарағым	мйлый, дорогой
qaraz	қараз	мельница; жел қараз
karayǵanda	карайғанда	когда зашло - солнце
qarayt-	қарайт-	понуд. - от қарай- - 1) зачернйть, затемнйть; сдёлать чёр
karaytıw	карайтыў	и. д. - от қарайт- - 1) затемнёние; 2) потускнёние
qarayıw	қарайыў	и. д. от - карай
karaq	карақ	мйлый [ласковое обра
qarakalpakshılıq	қаракалпакшылық	свойства
karaqshı	карақшы	1) грабйтель, вор
qaraladı	қаралады	это дёло скоро будет
qaralan-	қаралан-	страд, от қарала
qaralandır-	қараландыр-	понуд. - от қаралан- - 1) очернйть, окрасить в чёр
qaralanıw	қараланыў	и. д. от қаралан
qaralanıwshı	қараланыўшы	обвиняемый
qaralas-	қаралас-	взаймы, от қарала
qaralastır-	қараластыр-	понуд. от каралас
qaralat-	қаралат-	понуд. - от к,арала
qaralattır-	қаралаттыр-	понуд. от каралат
karalaw	каралаў	и. д. о т - карала- - 1) кра
karalawshı	каралаўшы	обвинйтель
karalıw	каралыў	и. д. от карал- рас
karalıwshı	каралыўшы	подлежащий рас - смотрению; каралыўшы или каралатуғын ис дело, подлежащее
karamaǵında	карамағында	послелог соот
ǵında	ғында	при заводе
karama-qarsı	карама-қарсы	коз караслар про
qaranıw	қараныў	и. д. от каран
karanǵı	каранғы	1) темнота; / тёмный;
KÓZIM	КӨЗИМ	жок название детской иг - ры (букв, в темноте нет глаз);
qaracǵı	қарацғы	чем кончится это - дело
qaracǵıla-	қарацғыла-	затемнять что-л
qaracǵılan-	қарацғылан-	возвр. от қарац
ǵıla-	ғыла-	затемняться, стаиовйться
qaracǵılat-	қарацғылат-	понуд. от қа
racǵıla-	рацғыла-	окутывать - тьмой, мра
qaracǵılaw	қарацғылаў	и. д. от қарацғы
qaracǵılıq	қарацғылық	1) тьма, мрак;
qaracla-	қарацла-	1) едва виднеться
qaraclat-	қарацлат-	понуд. от қарацла
qaraclaw	қарацлаў	и. д. - от қарацла
qarapayım	қарапайым	простой, обыкно
qarar	қарар	қыл- вынести постановле - ние, постановйть; қарар қылынды постановлено, прйнято реше
qararsız	қарарсыз	1)без постановления
qaras-	қарас-	взаимн. - от қара- - 1)
qaraslı	қараслы	1) принадлежащий
qarastır-	қарастыр-	понуд. - от қарас- - 1) заставить смотреть, рассма
qarastırıw	қарастырыў	и.д. от қарастыр
qarasıq	қарасық	помощь, поддержка
qarasıw	қарасыў	и. д. от карас
qarat-	қарат-	понуд. - от қара- - 1) по
qarat	қарат	поверий - сюда; докторға
karatorǵay	караторғай	скворец
qaratıl-	қаратыл-	страд, от карат-;
qaratıw	қаратыў	и. д. от қарат- под - чинение, покорение
qaraw	қараў	и. д. - от қара- - 1) смотр
qarawla-	қараўла-	многокр. - от қара-;
oǵan	оған	қараўлап кете алмадым - из
qarawsız	қараўсыз	безнадзорный; / без
qarawsızlıq	қараўсызлық	безнадзорность;
qarawıl	қараўыл	1) караул, дозор;
qarawıl-begi	қараўыл-беги	уст. придворное
qarawılla-	қараўылла-	караулить, сторо
qarawıllat-	қараўыллат-	понуд. от қа
rawılla-	раўылла-	заставить - караулить
qarawıllaw	қараўыллаў	и. д. от қараўылла
karawıllıq	караўыллық	караульный; қа
rawıllıq	раўыллық	хызмет караульная
qarawıt-	қараўыт-	чернеть, темнеть;
uzaqta	узақта	тоғай қараўытып тур
qarawıtıú	қараўытыү	и. д, от қараўыт
qarashaǵaz	қарашағаз	дйкий - гусь
qarashıq	қарашық	1) .зрачок, зеница;
KÓZDIN	КӨЗДИН	қарашығы зрачок - глаза;
qarbız	қарбыз	арбуз; шым шытыр
qarǵa	қарға	ворона; кок қарға
ǵadayında	ғадайында	в раннем - детстве
qarǵa-	қарға-	проклинать кого-что-л
qarǵan-	қарған-	клясться, поклясть
qarǵaw	қарғаў	и. д. от қарға- прокля
ǵısı	ғысы	ошейник для гончей
qarǵı-	қарғы-	прыгать; вспрыгивать
qarǵıbaw	қарғыбаў	уст. подарок родйтелей жениха родйтелям - невесты
qarǵıla-	қарғыла-	надевать - ошейник
qarǵılawlı	қарғылаўлы	см. қарғылы
qarǵılı	қарғылы	с - ошейником, имею
qarǵıs	қарғыс	проклятие; қарғыс тийген или қарғыс урған прокля
qarǵıt-	қарғыт-	понуд. от қарғы- за
qarǵıw	қарғыў	и. д. от қарғы- пры - ганье; вспрыгивание; перепрыги
qardar	қардар	нуждающийся е - чсм-л.\
qarjı	қаржы	1) расход; 2) денежный
qarjılan-	қаржылан-	тратиться, расхб'»
qarjılandır-	қаржыландыр-	понуд. от қаржылан- заставить - истратиться
qarjılanıw	қаржыланыў	и. д. от қаржылан- - трата,расходование, расход
qarjılı	қаржылы	имеющий - средства
qarjısız	қаржысыз	не имеющий - средств
qarq	қарқ	обилие, изобйлие; етке
qarqboldıq	қарқболдық	у нас мясо в изоби - лии; қарқ бол- получить что
qarq-qarq	қарқ-қарқ	1) звукоподражание
qarqılda-	қарқылда-	1) каркать (о воро
qarqıldaq	қарқылдақ	1) каркающий (о
qarlı	қарлы	1) снежный; қарлы боран снежный буран; быйыл қыс
qarlıǵash	қарлығаш	ласточка; таў қарлығашы горная ласточка
qarlıǵıw	қарлығыў	и. д. - от қарлық- - 1) хрипение, хрип, сипенье; 2)
qarlıq-	қарлық-	1) хрипеть, сипеть;
dawsım	даўсым	қарлых,ты я охрип; 2) вы
qarlıqtır-	қарлықтыр-	понуд. о/н карлык- 1) вызвать хрипоту, хрип
karmaqshı	кармақшы	рыболов, ловящий
qarmat-	қармат-	понуд. от - карма- - 1) за
karmaw	кармаў	и. д. от - карма- - 1) хва
qarsak	қарсак	корсак
qarsız	қарсыз	бесснежный; /без снега
qarsılan-	қарсылан-	1) противоречить;
qarsılandır-	қарсыландыр-	понуд. - от қарсылан- - 1) вызвать противоре
qarsılas	қарсылас	противник; мэниси
qarsılas-	қарсылас-	1) выступать друг
qarsılaslıq	қарсыласлық	1) враждебные
qarsılastır-	қарсыластыр-	понуд. - от қарсылас- - 1) заставить выступать
qarsılasıw	қарсыласыў	и. д. - от қарсылас- - 1) выступление' друг против дру
qarsılda-	қарсылда-	трещать, издавать
qarsıldat-	қарсылдат-	понуд. от қарсылда- вызвать - треск
qarsılıq	қарсылық	1) возрансёние, про
qarama-qarsılıqları	қарама-қарсылықлары	классо
qart	қарт	старик; / старый
karuw-jarak	каруў-жарак	собир. - оружие;
karuwlanıw	каруўланыў	и. д. от - каруўлан- - 1) приобретение сйлы, усиление;
karuwlı	каруўлы	1) крепкий; сйльный;
karuwsız	каруўсыз	1) бессильный, сла
karuwsızlan-	каруўсызлан-	1) быть бесейльным, слабым; 2) быть невоору
karuwsızlık	каруўсызлык	1) бесеЙшие, сла
karshıǵa	каршыға	ястреб; каршығам
karaǵım	карағым	мой ненаглядный с гла
qarı-	қары-	1) обжигать; жалын
QOLIMDI	ҚОЛЫМДЫ	қарыды пламя обожгло - руку; суўық бетти қарыды лицо
qarız	қарыз	долг; задолженность;
qarızǵa	қарызға	бер- давать в - долг, да
qarızdar	қарыздар	см. қарызлы; мен оған
qarızdarmai	қарыздармаи	я его - должник;
qarızlan-	қарызлан-	должать, делать
qarızlandırıw	қарызландырыў	и. д. от қа
qarızlanıw	қарызланыў	и. д. от қарызлан
qarızlı	қарызлы	должник; мен оған
qarızlıman	қарызлыман	я его - должник
qarıy	қарый	1) уст. чтец корана;
qarıylıq	қарыйлық	1) уст. занятие
qarıq	қарық	1) грядка; қарық қазкопать грядки; 2) оросительная
qarıqla-	қарықла-	1) делать грядки;
qarıqlat-	қарықлат-	понуд. - от қарықла- - 1)заставить делать грядки; 2) за
qarıqlattır-	қарықлаттыр-	понуд. от ка
qarıqlatıw	қарықлатыў	и. д. от қарықлат
qarıqlaw	қарықлаў	и. д. - от қарықла- - 1)
qarıqlı	қарықлы	1) с грядками, имею
qarırl-	қарырл-	канава, окружающая
qarım-qatnas	қарым-қатнас	связь, отноше
-qatnasta	-қатнаста	бол- быть с кем-л. в
qarımla-	қарымла-	копать - что-л. (напр
qarımlaw	қарымлаў	и. д. - от қарымла
qarın	қарын	1) живот, брюхо; ж елу
qarındas	қарындас	1) младшая родная
qarındaslıq	қарындаслық	родство
qarınlı	қарынлы	с большйм - животом
qarınsa	қарынса	набрюшник (привязы
qarıs	қарыс	четверть (мера длины
QÓNDI	ҚӨНДИ	он неособенно - упрямн.пся
qarıs-	қарыс-	II сводить судорогой;
qarısla-	қарысла-	мерить, измерять
qarıslat-	қарыслат-	понуд. от қарыслазаставить - мерить, измерять
qarıslattır-	қарыслаттыр-	понуд. от қа
qarıslaw	қарыслаў	и. д. от қарыслаизмерёние чего-л. пядями
qarıstır-	қарыстыр-	понуд. - от қарыс
qarısıw	қарысыў	I и. д. от қарыс- I
qarıw	қарыў	и. д. от қары
qarıya	қарыя	старец, старик
qas	қас	I 1) враждебный; вражду
qasına	қасына	барды он подошёл к де - вушке; қасында а) при нём;б) око
qasaqana	қасақана	нарочно,со злым умы
kasaqı	касақы	зловредный
qasaqılıq	қасақылық	зловредность
qasaq	қасақ	1) ленивый, нерадивый;
qasakla-	қасакла-	делать что-л. жёст
qasaqlaw	қасақлаў	и. д. - от қасанла
qasaclıq	қасацлық	1) леность, неради
qasar-	қасар-	1) злйться, свирепеть;
qasart-	қасарт-	понуд. - от қасар- - 1)
qasarıs-	қасарыс-	вааимн. - от қасар- I)
qasarısqan	қасарысқан	упорный, ожесто
qasarıstır-	қасарыстыр-	понуд. о/п қасарыс- 1) вызвать злобу друг про
qasarısıw	қасарысыў	и. д. от қасарыс
qasarıw	қасарыў	и. д. от қасар
qasawbay	қасаўбай	шхуна
qaskúnem	қаскүнем	1) вредйтель; 2) зло
qaskúnemlik	қаскүнемлик	1) вредительство;
qasqa	қасқа	I с бёлым лбом (о жи
qasqasınday	қасқасындай	анық совершёино - ясно; тут нет никаких сомиёний
qasqaldaq	қасқалдақ	лысуха {болотная
qasqır	қасқыр	волк;сур қасқыр серый
qasqır-masqır	қасқыр-масқыр	собир. - волки;
qaslas-	қаслас-	враждовать друг с - дрў
qaslastır-	қасластыр-	понуд. от қасласвызвать враждебность друг к - другу; вызвать злобу по отно
qaslasıw	қасласыў	и. д. от қаслас- враж
qaslıq	қаслық	1) вражда, враждеб
qasnaqla-	қаснақла-	1) делать поля (у
qasnaqlat-	қаснақлат-	понуд. - от қаснақла- - 1) заставить делать поля (у ш ля
qasnaqlaw	қаснақлаў	и. д. от қаснақлаустанаклёние - навеса
qasnaqlı	қаснақлы	1) с полями (о ш ля
qaskaqsız	қаскақсыз	1) без полей (о шля
qaspaq	қаспақ	часть пригоревшей - пйщи (приставшей ко дну котла);
qaspaqlan-	қаспақлан-	приставать ко дну - котла (о пище, о молоке)
qaspaqlı	қаспақлы	с остатками пйщи
qassap	қассап	мяснйк
qassapxana	қассапхана	1) бойня; 2) мяс
qassapshı	қассапшы	см. қассап
qassapshılıq	қассапшылық	ремесло, заня
qastıpn	қастыпн	см. қаскүнем
qastıyanlıq	қастыянлық	ис вредйтельство
qastıyakshıl	қастыякшыл	см. қаскүнем
qastıyanshılıq	қастыяншылық	см. қаскүнемлик
qası-	қасы-	чесать, почёсывать что
qasıq	қасық	ложка; агаш қасық
qasımker	қасымкер	злоиамёренный, зло
qasımkerlik	қасымкерлик	злонамеренность
qasımkershilik	қасымкершилик	см. қасымкерлик
qasın-	қасын-	возвр. от қасы- чесать - ся, почёсываться
qasınak	қасынак	мимо; қасыкан өтип
ótip	өтип	кетти пуля пролетёла мй
qasında	қасында	около, возле; қасыкда
qasındır-	қасындыр-	понуд. от қасынзаставить - чесаться, почёсывать
qasınıs-	қасыныс-	взаимн. - от қасынчесаться, почёсываться (о не
qasınıw	қасыныў	и. д. от қасын- че - сание, почёсывание
qasıt-	қасыт-	понуд. от қасы- - велёть, заставить чесать, почёсы
qasıtıw	қасытыў	и, д. от қасыт- чеса
qasıw	қасыў	и. д. от қасы- - чесание
qat	қат	см. қабат; қат-қат не
qat-	қат-	I) прям, и перен. затвер
qatıp	қатып	қалды руки окоченели от - холода; 3) перси, остолбенеть;
qatal	қатал	1) прям, и перен. жёст
qatallan-	қаталлан-	см. қатаклан
qatallıq	қаталлық	1) жестокость; 2)
qatanlan-	қатанлан-	1) прям, и перен. ста
qatanlanıw	қатанланыў	и, д. от катанланзатвердёние, огрубение
qatanlas-	қатанлас-	взаимн. от катанла- становиться - строгим, трёбоиатслышм (о нескольких)
qatar-katar	қатар-катар	ссбир. - рядами
qatarla-	қатарла-	ставить - рядом; ста
qatarlan-	қатарлан-	возвр. от катарластановйться - рядом, выстраи
qatarlasa	қатарласа	жур- идти - рядом; қа
qatarlaslık	қатарласлык	см. катарлық
katarlasıw	катарласыў	и. д. от катар
qatarlat-	қатарлат-	понуд. от катарлапоставить - рядом; заставить рас
qatarlattır-	қатарлаттыр-	понуд. от қатарлат
qatarlatıw	қатарлатыў	и. д. от қатарлатрасположёние - рядами, образо
qatarlaw	қатарлаў	и. д. от қатарларасположёние - рядами
qatarlı	қатарлы	1) стоящий рядом;
qatarlıq	қатарлық	относящийся к - ряду
qatarında	қатарында	наравнё; в числё
qatqaq	қатқақ	заморозки; / мёрзлый;
qatqalaq	қатқалақ	1) замёрзший, мёрз
qatla-	қатла-	наслаивать - что-л.^
qatlam	қатлам	в разн. знач. - слой;
qatlama	қатлама	слойка, витушка, сло
qatlamadan	қатламадан	дәме етер поел
qatlamlı	қатламлы	слоёный, слоистый
qatlan-	қатлан-	страд, от қатла- на
qatlandır-	қатландыр-	понуд. - от қатланслойть, наслаивать, класть слоя
qatlas-	қатлас-	взаимн. от қатла-по
qatlat-	қатлат-	см. қатландыр
qatlaw	қатлаў	и. д. от қатла- наслаи - вание, складывание слоями, пла
qatlawlı	қатлаўлы	наслоённый
qatmar	қатмар	складка, морщйиа
qatmarlan-pokrıvat'sya	қатмарлан-покрываться	склад - ками, морщйнами (напр. о лице)
katmarlanıw	катмарланыў	и. д. от қатмарлан
qatmarlı	қатмарлы	со - складками, морщйнистый (напр. о лице)
qatna-	қатна-	1) ходйть туда и обрат
qatnadı	қатнады	машйиа сдёлала пять - рёйсов; 2) посещать/сого-что-л
qatnas	қатнас	1) в разн. знач. отноше
qatnas-	қатнас-	1) участвовать, при
qatnassız	қатнассыз	1) не имёющий от
qatnastır-	қатнастыр-	понуд. - от қатнас- - 1) заставить принимать участие
KÓPSHILIKTI	КӨПШИЛИКТИ	қатнастыр- при
saylawǵa	сайлаўға	қатнастыр- привлекать
qatnastırıw	қатнастырыў	и. д. от катнастыр- вовлечение во - что-л.; привлечёние к участию в чём-л.;
oqıwǵa	оқыўға	қатнастырыў вовлечёние
qatnasıq	қатнасық	1) участие; сизиц
qatnasıǵıcız	қатнасығыцыз	жоқ - па? вы не при
mámlekettin	мәмлекеттин	өз-ара қатнасығы
qatnasıqlı	қатнасықлы	1) участвующий
qatnasıqsız	қатнасықсыз	I) не принима
qatnasıw	қатнасыў	и. д. - от қатнас- - 1) участие; 2) общёние друг с
qatnasıwshı	қатнасыўшы	1) участник; со
qatnat-	қатнат-	понуд. от қатна
qatnaw	қатнаў	и. д. - от қатна- - 1) хождёние туда и обратно, курсиро
qatnawshı	қатнаўшы	часто бывающий - где-л .\ частый посетитель
qatpa	қатпа	худосочный, чахлый;
wash	ўаш	ожесточённая - схватка; 5)
suwıq	суўық	крепкий - мороз; рёзкий хо
qattılıq	қаттылық	1) твёрдость; 2)
qatıbılamıq	қатыбыламық	название куша - нья {пригот овляемое из м уки
qatım-qarıs	қатым-қарыс	собир. взаимоотношёние
tútinic	түтиниц	поел, с хорошей женой
qatın-qalash	қатын-қалаш	еобир. жёнщины
qatınlı	қатынлы	имёющий - жену, ж е
qatınlıq	қатынлық	жёнственность, ка
qatıksha	қатыкша	по-жёнски
qatıcqı	қатыцқы	худой, сухопарый
qatır-	қатыр-	1) сделать твёрдым
qatırlaq	қатырлақ	хрустящий
qatırlat-	қатырлат-	понуд. от қатырлавызвать - треск, хруст
qatırt-	қатырт-	п онуд. от қатыр
qatırıw	қатырыў	и. д - от қатыр
qatıs	қатыс	раза. - см. қатнас; меник бул иске бир қанша қатысым бар я имею к этому делу
qatıs-	қатыс-	см. қатнас
qatısıq	қатысық	см. қатнасық
qatısıqlı	қатысықлы	см. қатнасықлы
qatısıwshı	қатысыўшы	см. қатнасыўшы
tıwı	тыўы	қозғалды у меня в животе
katıwash	катыўаш	корка (напр. на р а
qatıwashlan-	қатыўашлан-	образовываться
qatıwashlakıw	қатыўашлакыў	и. д. от қаты
washlan-	ўашлан-	образование корки н а - чём -л. {напр. на ране или на по
qatıwlan-	қатыўлан-	1) быть рассвире
qatıwlanıw	қатыўланыў	и. д. от қатыў
qaw-	қаў-	хватать - зубами, кусать;
qawajaq	қаўажақ	см. қатыўаш
qawasat	қаўасат	тревога; опасность;
qawasatlan-	қаўасатлан-	тревожиться, опа
qawasatlı	қаўасатлы	тревожный, вну
qawasatlıq	қаўасатлық	тревога; опас
qawasatshı	қаўасатшы	раем ростраийте.пь
wasatshı	ўасатшы	адам смутьян
qawasatshılıq	қаўасатшылық	тревожное со
qawasha	қаўаша	разе, хлопчатник
qawashalıq	қаўашалық	поле, засеянное
qawsa-	қаўса-	I) рассыхаться (напр
qawsat-	қаўсат-	понуд. - от қаўса- - 1) способствовать рассыханию
qawsatıw	қаўсатыў	и. д. - от қаўсат- - 1) способствование рассыханию
qawsaw	қаўсаў	и. д. - от қаўса
qawsır-	қаўсыр-	1) закрывать; қапыны қаўсыр закрой дверь; 2) скла
qıs-	қыс-	обняв, прижать к своёй
qawsırma	қаўсырма	способный закры - ваться, запахиваться; способ
qawsırmalı	қаўсырмалы	закрывающий - ся, запахивающийся; складной
qawsırt-	қаўсырт-	п онуд. от қаўсырзаставить закрывать что-л
qawsırttır-	қаўсырттыр-	п онуд. от қаў
qawsırıl-	қаўсырыл-	ст - рад, от қаўсыр
qawsırın-	қаўсырын-	возвр. от қаўсыр
qawızla-	қаўызла-	1) очищать зерно от
qawızlıq	қаўызлық	шелуха - проса
qawım	қаўым	уст . община; мешит
sarǵayıp	сарғайып	пискен қаўындай как
qawın-qurt	қаўын-қурт	сушеная двшя
qawık-pawın	қаўык-паўын	собир. бахчевые
qawınshı	қаўыншы	продавец - дынь, че
qawıs	қаўыс	1) аст р. Стрелец; 2) уст
qawıs-	қаўыс-	соединяться, сходиться
qawısıw	қаўысыў	и. д. - от қаўыс
qash-	қаш-	1) бегать, сбегать, убе
qashıp	қашып	жур- быть в - бегах, скры
súyek	сүйек	қалған дене кожа да - кости
qasha-	қаша-	прорубать, пробивать
qashaǵak	қашағак	тот, кто так и норовйт убежать (гл. обр. о лош ади);
qashaǵan	қашаған	бийе норовйстая кобы
qashaq	қашақ	см. қашаған
qashanǵı	қашанғы	давнйшний
qashanda	қашанда	1) когда-нибудь; қа
qashaknan	қашакнан	см. қашак
qashar	қашар	тёлка-однолетка; не
qasharmak	қашармак	1) исходный пункт
qasharman	қашарман	болады оий услови
qashat-	қашат-	п онуд. от қаша- за
qashattır-	қашаттыр-	п онуд. - от қашат
qashaw	қашаў	1) и. д. от қаша-;
qashawla-	қашаўла-	м ногокр. от қаша
qashqın	қашқын	беглец; беженец; эми
qashqıklıq	қашқыклық	бегство; эмигра
qashtır-	қаштыр-	понуд. - от қаш-; -0>
qashı	қашы	дамба {о х р а н я ю щ а я у с а д ь
qashıq	қашық	даль; / далёкий, отда
shıq	шық	жерлерге келип жеткенбиз
qashıqla-	қашықла-	1) удаляться, от
qashıqlaw	қашықлаў	и. д. - от қашықла- - 1) удаление, отдаление; 2) избе
qashıqlıq	қашықлық	дальность, отда
qashıla-	қашыла-	строить - дамбу
qashılas-	қашылас-	взаим н. отқаш ы ластрбить дамбу вместе с - кем -л
qashılat-	қашылат-	понуд. - от қашылазаставить, приказать строить
qashılaw	қашылаў	и. д. от қашыластройтельство - дамбы
qashır	қашыр	мул, лошак
qashır-	қашыр-	п онуд. - от қаш-1) дать
tuyǵının	туйғынын	қашырды он упустйл
qashırdı	қашырды	он оттолкнул всех
qashır-qushır	қашыр-қушыр	звукоп од раж а
qashırla-	қашырла-	см. қышырла
qashıw	қашыў	и. д. - от қаш- - 1) бега
qashıwshı	қашыўшы	см. қашқын
qayaz	қаяз	усач - туркестанский
qayaq	қаяқ	разг. какая - сторона?;
qayaqqa	қаяққа	куда?; в какую сторону?;
qábir	қәбир	могйла
qede	қэде	1) обычай; ер елее де
qáde	қәде	өлмес погов. герой умирает
qádeli	қәдели	традиционный
qádem	қәдем	1) шаг; қәдем ур- ша
QÁDIK	ҚӘДИК	подозрение; сомнение;
qáwpim	қәўпим	зор я опасаюсь, что меня
QÁDIKLI	ҚӘДИКЛИ	подозрительный; сом
MDIM-QEDIM	МДИМ-ҚЭДИМ	заманда в давно
QÁDIMGI	ҚӘДИМГИ	1) см. мдим; 2) обык
kórgendegideymen	көргендегидеймен	я - таков, какйм ты меня вйдишь обычно;
qálbir	қәлбир	решето, сйто
qálbirle-	қәлбирле-	просеивать через
qelbirlew	қэлбирлеў	и . д. от қәлбирле
qálegenindi	қәлегенинди	ал бери, что тебе
júyrik	жүйрик	он мастер - пера, он
qálemles	қәлемлес	товарищ по перу, по
qálempir	қәлемпир	см. қалампир
qálenderlik	қәлендерлик	1) дёрвишский;
qeles-	қэлес-	взаимн. - от қәле- 1) же
qálew	қәлеў	и. д. от қэле
qelewshi	қэлеўши	1) желающий чего-л
QÁLIP	ҚӘЛИП	I) форма; колб.дка; бол
qálip	қәлип	форма д.)1Я ирнготовлёния
qollanılmaydı	қолланылмайды	и чйстом виде
qelpine	қэлпине	или қэлибине туседи он
qeliple-	қэлипле-	придавать чему-л. - форму
qáliplen-	қәлиплен-	страд, от қәлилле
qeliplendir-	қэлиплендир-	понуд. от қэ
qáliplent-	қәлиплент-	см. қәлиплендир
qáliples-	қәлиплес-	взаи.мн. от қәлипле
qeliplesiw	қэлиплесиў	и. д. - от қәлиплес
qeliplestir-	қэлиплестир-	понуд. - от қәлип
qáliplet-	қәлиплет-	понуд. от қәлипле
qálipletiw	қәлиплетиў	и. д. от қәлиплст
qáliplew	қәлиплеў	и. д. от қәлипле
qálpe	қәлпе	1 ) человёк, занимаю
qálpelik	қәлпелик	см. қәлпешилик
qálpeshilik	қәлпешилик	1 ) занятие чело
qándek	қәндек	яма, ров, канава (для
qándekli	қәндекли	с ямой, со рвом
qáne	қәне	1 ) мсжд. ну!; қәне, ба
qánekey	қәнекей	1) меж д. ну; иў-ка;
qánige	қәниге	специалист
qánigelen-	қәнигелен-	специа.мнзнроваться
qánigelendir-	қәнигелендир-	понуд. от қә
qánigeleniw	қәнигелениў	и. д. от қэнигелен- специализация
qánigeles	қәнигелес	чГоди одной спе
qánigeles-	қәнигелес-	специализировать
qánigelestir-	қәнигелестир-	понуд. от қәнигелес- заставить специализиро
qánigelik	қәнигелик	специальность; қә
qápelimde	қәпелимде	сразу, внезапно
qápes	қәпес	клетка {для пт и ц, ж и
qápesli	қәпесли	1) имеющий клетку;
qárejetle-	қәрежетле-	расходовать (день
qárejetlen-	қәрежетлен-	ст рад, от қәрежетле- расходоваться; быть из
qárejetlendir-	қәрежетлендир-	понуд. от қә
qárejetleniw	қәрежетлениў	и. д. от қәрежетлен- расходование (денег)
qárejetlew	қәрежетлеў	и. д. от қәрежетле- расходование (денег)
qárejetli	қәрежетли	обладающий денеж
qárejetlik	қәрежетлик	то, что предназна
qárejetsiz	қәрежетсиз	без денежных
qáreli	қәрели	слйва
qárnp	қәрнп	1) бесприютный, одино
qáripshilik	қәрипшилик	1) бесприютность
qásem	қәсем	клятва; присяга; қәсем
qásiyet	қәсийет	1) природное свойство
qásiyetli	қәсийетли	1) имеющий чело
qásiyetsiz	қәсийетсиз	1) не присущий
qesiyetsizlik	қэсийетсизлик	см. қәсийетсиз
qásiret	қәсирет	печаль, скорбь; тоска
qáste	қәсте	тяжелобольной
qestelen-	қэстелен-	болеть, быть боль
qesteleniw	қэстелениў	и. д. - от қәстелен
qástelik	қәстелик	болезнь
qásteshilik	қәстешилик	см. қәстелик
qáte	қәте	ошйбка, погрешность;
qát	қәт	394 К.ӘҲ
qáteles-	қәтелес-	ошибаться, допускать
qátelesiw	қәтелесиў	и. д. от қәтелес
qetelestir-	қэтелестир-	понуд. от қэтслес- вызвать - ошйбку, являться
qátelestiriw	қәтелестириў	и. д. от қәтелестир
qátelik	қәтелик	ошибочность, непра
qetep	қэтеп	круг, кружок (е д е т
qátere	қәтере	авторитет; влияние;
qátereli	қәтерели	авторитетный; влия
qeterepaz	қэтерепаз	заступник, люби
qáteresiz	қәтересиз	неавторитетный; не
qátereshil	қәтерешил	см. қәтерепаз
qátsreshilik	қәтсрешилик	заступничество
qeterli	қэтерли	опасный; / опасно;
qáwipli-qáterli	қәўипли-қәтерли	сапар опасное
qewendsr	қэўендср	покровитель; шеф;
qewendsrli	қэўендсрли	имеющий покрови - теля; подшефный
qáwenderlik	қәўендерлик	покровительство;
qáwendersiz	қәўендерсиз	без покровитель
qáwendersizlik	қәўендерсизлик	см. кәўендерсиз
qáwendershilik	қәўендершилик	см. қәўендерлик
qáweter	қәўетер	опасение, страх, беспокойство
qáweterlen-	қәўетерлен-	опасаться, беспо
qáweterleniw	қәўетерлениў	и. д. от қәўетерлеН‘ опасение, беспокойство
qáweterli	қәўетерли	вызывающий опа
qáweterlik	қәўетерлик	см. кәўетерли
qáwetersiz	қәўетерсиз	не внушающий опа
qewetersizlik	қэўетерсизлик	безопасность
qáwetershilik	қәўетершилик	см. қәўетерли
qáwim	қәўим	1) община; 2) племя
qáwip	қәўип	опасность, угроза
qáwip-qáter	қәўип-қәтер	собир. всякие
qáwipli	қәўипли	угрожающий, опас
qáwiplilik	қәўиплилик	см. қәўип
qáwipsiz	қәўипсиз	см. қәўетерсиз; <>
qáwipsizlen-	қәўипсизлен-	1) быть безопас
qáwipsizlendir-	қәўипсизлендир-	п онуд. от қэ
wipsizlen-	ўипсизлен-	1) обезопасить; 2) за
órtten	өрттен	қәўипсизлендир- застра
qáwipsizlendiril-	қәўипсизлендирил-	с т р а д , от
qáwipsizlendiriw	қәўипсизлендириў	и. д. от
qewipsizlendir-	қэўипсизлендир-	страхование
qáwipsizlik	қәўипсизлик	см. қәуетерсизлик; қәўипсизлик гарантиясы
qáwipsin-	қәўипсин-	см. қэўетерлен
qáwipshilik	қәўипшилик	см. кэуип; қәўипшнлик туўды возникла опас
qewli	қэўли	постановление, решение;
qewmet	қэўмет	1) племя, род; 2) сия
káwpeki	кәўпеки	1) недоспелый, недо
qobaljıt-	қобалжыт-	понуд. от қобалжы- вызывать - беспокойство, тре
qobaljıttır-	қобалжыттыр-	понуд. от қо
qobaljıw	қобалжыў	и. д. от қобалжы
qobdıy	қобдый	шкатулка; коробка;
qobız	қобыз	комўз (деревянный смыч
qobızshı	қобызшы	1) музыкант, играю
qoǵa	қоға	куга, осока; қара қоға
qoǵam	қоғам	общество; / обществен
qoǵamlıq	қоғамлық	общественный, со
qoǵamshıl	қоғамшыл	общественный; / об
qodireq	қодиреқ	1) дикорастущий; қо
qojalaq	қожалақ	грязный, чумазый
QOZ	ҚОЗ	горячие - угли; -ф- аяғына
qozaq	қозақ	уст. кустарный ткацкий - станок (для хлопчатобумажной
qozǵa-	қозға-	1) прям, и перен. сдви
qozǵal-	қозғал-	возвр. - от қозға- - 1)
qozǵalmay	қозғалмай	тек агаш жетилер
qozǵalac	қозғалац	мятеж, бунт; смута;
qozǵalanshı	қозғаланшы	мятежник, бун
qozǵalma	қозғалма	движимый; қозгалма мулк движимое имущество
qozǵalt-	қозғалт-	понуд. - от қозғал- - 1) прям, и перен. двинуть, сдвйнуть; пошевелить; поколебать;
qozǵaltıwshı	қозғалтыўшы	движущий; революцияныц қозғалтыўшы куши
qozǵalıs	қозғалыс	движение; революЦИЯЛЫҚ қозғалыс революцион
qozǵalıspa	қозғалыспа	оживление (напр
qozǵalıw	қозғалыў	и. д. - от қозғал-;жер
qozǵaw	қозғаў	и. д. - от қозға- - 1) прям
QIYIN	ҚЫЙЫН	его трудно сдвйнуть с - места; его трудно раскачать; 2)
qozdır-	қоздыр-	понуд. - огп қоз- - 1) спо
qamdı	қамды	қоздырма не дразни - меня;
qozdırıw	қоздырыў	и. д. - от қоздыр
qozıla-	қозыла-	ягниться
qozılat-	қозылат-	понуд. от қозыла
qozılaw	қозылаў	и. д. от қозыла
qoydan	қойдан	жуўас погов. гость смирнёе - овцы; семизликти қой көтереди погов. жир может выдер
dawısqa	даўысқа	қой- - баллотйровать;
qoyǵansı-	қойғансы-	1) дёлать вид, что
QOYǴIZ-	ҚОЙҒЫЗ-	см. қойдыр
qoydır-	қойдыр-	понуд. - от қой- - 1) за
qoydırt-	қойдырт-	понуд. от қойдыр
qoydırıw	қойдырыў	и. д. от қойдыр
QOYLI	ҚОЙЛЫ	обладатель - овец, име
QOY-MOY	ҚОЙ-МОЙ	собир. всякие бара
qoynaw	қойнаў	лощина, ложбина
QOY-POY	ҚОЙ-ПОЙ	см. ҚОЙ-МОЙ
QOYSHI	ҚОЙШЫ	чабан, пастух; қойшы
qoyshı-qolac	қойшы-қолац	собир. пастухи
QOYI-	ҚОЙЫ-	сгущаться, густёть (о
qoi	қои	397 қол
qoyıl-	қойыл-	II страд, от қойысгущаться (о жидкости)-, свёр
qoyıldır-	қойылдыр-	понуд. - от қойыл
QOYILT-	ҚОЙЫЛТ-	см. койылдыр
qoyılıw	қойылыў	и. д. - от қойыл- II
QOYIMSHILIQ	ҚОЙЫМШЫЛЫҚ	кладбище
QOYIN	ҚОЙЫН	на.зуха; қойынынан бө
kuwanıshı	куўанышы	қойынына сыймайды
QOYIS-	ҚОЙЫС-	взаимн. - от қой-; қол
qoyıs-	қойыс-	поставить - подпись
qoyıw	қойыў	I гуща; / густой; ко
qoyıwlan-	қойыўлан-	см. ҚОЙЫ
qoqaqla-	қоқақла-	1) кудахтать; 2) перен. угрожать
qoqaqlaw	қоқақлаў	и. д. - от. қоқақла
qoqıray-	қоқырай-	1) вып51чиваться;
qoqırayǵan	қоқырайған	1) В1,'и!ячснный;
qoqırayǵanlıq	қоқырайғанлық	чванство
qoqıraqla-	қоқырақла-	многокр. - от қокырай
qolǵa	қолға	от- псреходйть из рук
uyrenǵen	уйренғен	ручной; қолға уйренген аюў ручной медведь; қол
shappatlaw	шаппатлаў	аплодисменты; қол
qaytar	қайтар	отказать; қол тийгизнакладывать руку; қол астында
qola	қола	бронза
qolay	қолай	удобный, подходящий;
qolayla-	қолайла-	1) считать подходя
qolaylap-	қолайлап-	возвр. - от қолайла- - 1) считаться подходящим;2 )при
qolaylandır-	қолайландыр-	понуд. от қо
qolaylas-	қолайлас-	взаимн. - от қолайла- - 1) считать подходящим что-л
qolaylastır-	қолайластыр-	понуд. - от қолайлас- - 1) заставить выбирать, счи
qolaylaw	қолайлаў	и. д. - от қолайла- - 1)
qolaylı	қолайлы	1) удобный, подходя
qolaylılıq	қолайлылық	удобства
qolaysız	қолайсыз	1) неудобный; непод
qolaysızlıq	қолайсызлық	неудобство
qolala-	қолала-	1) украшать бронзой;
qolalı	қолалы	с - бронзой; с бронзо
qolamsa	қоламса	уст. футляр или чехол
qolamta	қоламта	горячая, неостывшая
qolacsa	қолацса	запах - пота, злово
qolbası	қолбасы	уст. - полководец
qolǵap	қолғап	рукавицы; перчатки
qoljazba	қолжазба	рукопись
qolqa	қолқа	анат. - аорта
qolqanat	қолқанат	помощник
qolqap	қолқап	см. қолғап
qolla-	қолла-	покровйтельствовать - кому-л.] поддерживать кого-л
qollan-	қоллан-	употреблять, приме
qollandır-	қолландыр-	понуд. от қолланзаставить употреблять - что-л
qollanıl-	қолланыл-	страд, от қолланупотребляться; быть употребля
qollas-	қоллас-	1) помогать друг дру
qollastır-	қолластыр-	понуд. - от қоллас- - 1) заставить помогать друг дру
qollasıw	қолласыў	и. д. - от қоллас- - 1) оказание помощи друг другу;
qollat-	қоллат-	понуд. от қолла- за
qollattır-	қоллаттыр-	понуд. от коллат
Kollatıw	Коллатыў	и. д. от коллат
kollaw	коллаў	и. д. от колла- - покровйтельство, поддержка кого-л
kollawshı	коллаўшы	покровйтель
QOLTIK	ҚОЛТЫК	1) подмышки; дэптерди қолтығыца қысып ал бери
qoltıqla-	қолтықла-	1) брать под мышку;
qoltıqlas-	қолтықлас-	взаимн. от қолтық
qoltıqlat-	қолтықлат-	понуд. от - колтыкла- - 1) заставить брать под
qomlan-	қомлан-	1) готовиться к взлёту
qomlastır-	қомластыр-	понуд. от қомласзаставить помогать - седлать (вер
qomlat-	қомлат-	понуд. от комла- за
qonǵansı-	қонғансы-	делать - вид, что
qondır-	қондыр-	понуд. - от қон- - 1) по
QONIS	ҚОНЫС	сто}1ика, место располо
qonıslan-	қоныслан-	1) располагаться
qonıslandır-	қонысландыр-	понуд. .от қо
qonıslandırıl-	қонысландырыл-	страд, от
qonıslanıw	қонысланыў	и. д. от қоныс- - лан- - 1) поселение; 2) переход
qonıslas	қоныслас	соседний
qonıw	қоныў	и. д. от қон
qonıwshı	қоныўшы	почўющнй, остаю
QONISH	ҚОНЫШ	голеийще
QONISHLI	ҚОНЫШЛЫ	имеющий - го.ценйща
QOQ	ҚОҚ	мясо на бедре - животного
qonqay-	қонқай-	вздыматься, высоко
qoqqayǵan	қоққайған	вздымающийся, вы
bórik	бөрик	торчащая чёрная па - паха
qocqaiıcqı	қоцқаиыцқы	несколько выпя - ченный; вздутый; имеющий не
qokqayıw	қокқайыў	и. д. от қоцқай
qoqqaq	қоққақ	торчащий, стоящий
qoqqacla-	қоққацла-	торчать
QOQQIY-	ҚОҚҚЫЙ-	1) выделяться высо
qocratı	қоцраты	кунградская (назва
qoqraw	қоқраў	1) колокол; колоколь
qocrawshı	қоцраўшы	тот, кто звонйт
QOCSI	ҚОЦСЫ	сосед; / соседний; қы
qocsı	қоцсы	бол - поел, если у тебя
qocsı-qolac	қоцсы-қолац	собир. разные со
qocsılas	қоцсылас	соседний; қоқсылас
qoqsılas-	қоқсылас-	быть - соседями
qonsılasıw	қонсыласыў	и. д. от қоцсылас
QOCSILIQ	ҚОЦСЫЛЫҚ	соседство, соседские
QOCIZ	ҚОЦЫЗ	жук; қоқызшабукашка
qoqıltayaq	қоқылтаяқ	на босу - ногу, бо
qoqır	қоқыр	1) тёмно-бурый; 2) смуг
QOP	ҚОП	1) усилительная частица
qop-qoyıw	қоп-қойыў	очень - густой, густой
qopa	қопа	заросли камыша и кугй
qopaq	қопақ	корень - кугй
qopal	қопал	адам - пустой, но самоуве
Qop	Қоп	401 қор
qopalaq	қопалақ	см. қопа
qopalı	қопалы	поросший камышом и
qopalıq	қопалық	местность, поросшая
qopar-	қопар-	вырывать что-л. с кор - нем; выкапывать с корнем, вы
qopart-	қопарт-	понуд. от қопар- за
qoparttır-	қопарттыр-	понуд. от қо
qopartıw	қопартыў	и. д. от қопарт
qoparıl-	қопарыл-	страд, от қопарвырываться с корнем; быть вы
qoparıw	қопарыў	и. д. от қопар- вы
qora	қора	1) хлев; теле қора зим
qoraz	қораз	петух
qorazlan-	қоразлан-	1) петушиться, про
qorala-	қорала-	строить - загон, делать
qoralan-	қоралан-	страд, от қораластроиться; быть построенным (о
qoralandır-	қораландыр-	понуд. от қоралан
qoralas	қоралас	сосед по - двору, живу
qoralas-	қоралас-	взаимн. от қоралапомогать строить - загон, делать
qoralat-	қоралат-	понуд. от қоралазаставить строить - загон, дёлать
qoralaw	қоралаў	и. д. от қорала- стро
qoralı	қоралы	имеющий - хлев, скот
qorasanı	қорасаны	корова хорасанской
qorasız	қорасыз	не имеющий - хлева
qorasha	қораша	небольшая - изгородь
qorashala-	қорашала-	1) ставить изгородь
qorashalat-	қорашалат-	понуд. - от қорашала- - 1) заставить поставить из
qorashalaw	қорашалаў	и. д. от қорашала
qorǵala-	қорғала-	спасаться, укрывать
qorǵalan-	қорғалан-	возвр. - от қорғаласпасаться, укрываться, защи
qorǵalaw	қорғалаў	и. д. от қорғала- спа - сение, защита
qorǵan	қорған	1) крепость, твердыня;
qorǵan-	қорған-	возвр. от қорға- обо - роняться, защищаться
qorǵanshı	қорғаншы	см. қорғаўшы
qorǵanıw	қорғаныў	1) и. д. от қорғансамооборбна, самозащита; қор
ǵanıwdan	ғаныўдан	топылысқа өт- перейтй от обороны к - наступлению;
ǵanıw	ғаныў	қурылыслары оборони
qorǵasın	қорғасын	свинец; қорғасынлы
saqa	сақа	свинчатка
qorǵasınla-	қорғасынла-	заливать что-л
qorǵat-	қорғат-	понуд. от қорға- за
qorǵatıw	қорғатыў	и. д. - от қорғат
qorǵaw	қорғаў	1) и. д. от қорға- охра
qorǵawshı	қорғаўшы	защйтник; сторон
qorǵawshılıq	қорғаўшылық	защита; заступ
qorda	қорда	см. қор 1
qorek	қорек	коробочка - хлопчатника;
qorekle-	қорекле-	образовываться (о ко
qorekles-	қореклес-	взаимн. - от қореклеобразбвываться (о нескольких ко
qoreklet-	қореклет-	понуд. от қореклеспособствовать образованию ко
qoreklew	қореклеў	и. д. от қорекле- об
qorekli	қорекли	имеющий много ко - робочек (о хлопчатнике)
qorekshe	қорекше	см. қорек
qoreq	қореқ	неразборчивый в - пйщс
qorenle-	қоренле-	быть неразборчивым
qoreqlen-	қореқлен-	страд, от қоренле
qóreclik	қөрецлик	неразборчивость в
qorjın	қоржын	перемётная - сума
qorq-	қорқ-	бояться, страшйться
qorqqanǵa	қорққанға	қос көринеди поел
qorqaq	қорқақ	пуглйвый, боязлйвый
qorqaqlıq	қорқақлық	трусость, труслйвость
qor-qor	қор-қор	кальян
qorqıldat-	қорқылдат-	понуд. от қорқылда- вызвать хрюканье
qorqıldaw	қорқылдаў	и. д. - от қорқылдахрюканье
qorqınısh	қорқыныш	1) страх, боязнь;
qorqınıshlı	қорқынышлы	1) страшный; зло
qorqınqıra-	қорқынқыра-	побаиваться
qorqıs-	қорқыс-	взаимн. от қорқ- - бояться, страшйться, пугаться
qorqısıw	қорқысыў	и. д. - от қорқыс
qorqıtıw	қорқытыў	и. д. - от қорқытзапўгивание, уг'рбза
qorqıw	қорқыў	II. д . пт. қорқ- Гюйз!1ь;
qorlan-	қорлан-	ст - рад, от қорлабыть опоз6ре1Ш1.1м; быть оскор
qorlanıw	қорланыў	и. д. - от қорлан
qorlat-	қорлат-	1ю н уд . от қорла- 1) за
qorlattır-	қорлаттыр-	понуд. от қорлат
qorlatıw	қорлатыў	и. д. от қорлат
qorlaw	қорлаў	и. д. - от қорла- - 1) оскор
qorlawshı	қорлаўшы	1) издевающийся
qorlawshılıq	қорлаўшылық	1) издёвка;
qorlıq	қорлық	оскорбление, унижение
qorlıqtart-	қорлықтарт-	подвергаться оскор - блению, унижению, быть уни
qorra	қорра	рсщ. - гадание; қорра тасла- гадат]
qorrapdoa	қоррапдоа	гада.ныник, про
qorraiaz	қорраиаз	см. қоррандоз
qorrashı	қоррашы	см. қорраидоз
qorsha-	қорша-	окружать; огоражи
qorshal-	қоршал-	ст - рад, от қоршаокружаться; быть окружённым;
qorshala-	қоршала-	см. қорша-; участокты қоршала- огородйть участок
qorshaladı	қоршалады	дети окружили учйтеля
qorshalıw	қоршалыў	и. д. от қоршал
qorshat-	қоршат-	п онуд. от қорша- за
qorshatıw	қоршатыў	и. д. от қоршат
qorshaw	қоршаў	и. д. от қорша- окру - жение; огораживание; опоясы
qorshawlı	қоршаўлы	окружённый; ого
qorshawshı	қоршаўшы	окружающий; ого
qorshılıq	қоршылық	см. қорлық
qorı-	қоры-	1) охранять; ограждать;
qorıq	қорық	1) ограда; 2) огорожен
qorıqshı	қорықшы	сторож
qorıqshılıq	қорықшылық	занятие - сторожа
qorıl	қорыл	храп [человека)
qorılda-	қорылда-	храпеть; ол қорылдап уйықлапатыр он храпит
qorıldas-	қорылдас-	взаим н. - от қорылдахрапёть (о нескольких)
qorıldat-	қорылдат-	понуд. от қорылдавызывать храп
qorıldaw	қорылдаў	и. д. - от қорылдахрап, храпение
qorıldı	қорылды	см. қорыл
qorıt-	қорыт-	понуд. от қоры- заста
qorıtındı	қорытынды	заключение, вы
qorıtıw	қорытыў	и. д. от қорыт
qorıw	қорыў	и. д. - от қоры- - 1) охра
qorıwshı	қорыўшы	см. қорықшы; <>
QOS	ҚОС	I 1) пара; ./ парный, двой
QOS-	ҚОС-	I) прибавлять, добавлять
qosaq	қосақ	I) связанный парами;
qosaqla-	қосақла-	I) связывать парами;
qosaqlan-	қосақлан-	ст - рад, от қосақла
qosaqlanıs-	қосақланыс-	взаи м н . от қо
qosaqlap	қосақлап	парами, попарно
qosaqlas-	қосақлас-	взаим н. от қосақ- - ла- I) помогать связывать па
qosaqlaw	қосақлаў	и. д. - от қосақла
qosaqlawlı	қосақлаўлы	связанные - парами
qosaqlıq	қосақлық	парность
qosar	қосар	I) пара; 2) место соеди
qosarla-	қосарла-	объединять в - пары
qosarlan-	қосарлан-	\ ) ст рад, от қосарлаобъединяться парами; быть
qosarlas-	қосарлас-	взаим н. от қосарлапомогать объединять в пары
qosarlaw	қосарлаў	и. д. от косарлаобъединёние в - пары
qosayaq	қосаяқ	тушканчик
qosjaqbas	қосжақбас	лентяй
qoslaq	қослақ	I) одна из пород верб
qospaqlastır-	қоспақластыр-	метизйровать
qospaqlastırıw	қоспақластырыў	и. д. от қоспақластыр- метизация
qospala-	қоспала-	смешивать (напр
qospalı	қоспалы	с прймесыо
qospasız	қоспасыз	без - примеси
qostar	қостар	супруги
qostır-	қостыр-	пон уд. - от қос- - 1) за
qostırıw	қостырыў	и. д. - от қостыр
QOSSHI	ҚОСШЫ	1) сопровождающий в
QOSIQSHI	ҚОСЫҚШЫ	народный - певец, сказйтель
QOSIL-	ҚОСЫЛ-	ст - рад, от қос- 1) при
QOSILIS-	ҚОСЫЛЫС-	взаим н. - от қосыл- - 1) присоединяться вместе с кем
qosılıstır-	қосылыстыр-	понуд. от қосыЛЫС
qosılısıw	қосылысыў	и. д. от қосылыс
qosılıw	қосылыў	и. д. - от қосыл- - 1) прибавление, добавление, при
qosılıwshı	қосылыўшы	1) добавляемый
qosımtala-	қосымтала-	добавлять, при
qosımtalaw	қосымталаў	и. д. от қосымтала- - добавление, прибавление
qosımtalı	қосымталы	1) с добавлением
qosımtasız	қосымтасыз	1) без добавлений
qosımsha	қосымша	см. қосымта; қо
qosımshala-	қосымшала-	см. қосымтала
qosındı	қосынды	м - ат . сумма
qosıw	қосыў	и. д. - от қос- - 1) при
qotar-	қотар-	1) переливать чт о-л
qotarıw	қотарыў	и. д. - от қотар- - 1) пе
qotırash	қотыраш	1) см. қотыр-; 2) че
QOSH	ҚОШ	возглас, кот оры м усп окаи
qoshaqan	қошақан	ягнёнок
qoshametgóy	қошаметгөй	приспешник, по
qoshametgóyshilik	қошаметгөйшилик	приспёшничество, пособничество
qoshawaz	қошаўаз	обладающий прият
qoshemet	қошемет	I) лесть; лицемёрие;
qoshemetle-	қошеметле-	1) льстить; лицемёрить; 2) подхалймничать
qoshemetlew	қошеметлеў	и. д. - от қошеметле
qoshemetlilik	қошеметлилик	1) лесть, льсти
qoshemetshil	қошеметшил	см. қошеметши
qoshemetshilik	қошеметшилик	1) лесть; лице
qoshkey	қошкей	1) желание; 2) настрое
qoshkeyli	қошкейли	1) желающий чего-л.;
qoshkeysiz	қошкейсиз	1) без желания;
qoshqar	қошқар	баран-производйтель
qoshla-	қошла-	одобрять; подтвер
qoshlas-	қошлас-	1) вааимн. от қошла-;
qoshlasıw	қошласыў	и. д. от қошлас
qoshlaw	қошлаў	и. д. от қошла- одо - брение; подтверждение; подда
QOYANSHIQLI	ҚОЯНШЫҚЛЫ	припадочный, эпи
qubasha	қубаша	1) бледноватый; 2) свет
qublanama	қубланама	уст . компас
qubıl-	қубыл-	1) переливаться раз
qubıljı-	қубылжы-	см. қубыл
qubıljıt-	қубылжыт-	понуд. - от қубыл
qubılmalı	қубылмалы	е разн. знач. измен - чивый, непостоянный
qubılt-	қубылт-	понуд. от қубыл- ме - нять, изменять чгпо-л
qubıltıw	қубылтыў	и. д. от қубылт- из
qubılıs	қубылыс	П - изменение, переме
kubılıw	кубылыў	и. д. от қубыл- из
qubır-gúbir	қубыр-гүбир	бормотанье
kudaǵaylıq	кудағайлық	отношения между - пол<:иль1ми родственницами же
kudaysızlıq	кудайсызлық	безбожие
kudalastırıw	кудаластырыў	и. д. от куда
kudalaw	кудалаў	и. д. от кудала- сва
quda-mudalar	қуда-мудалар	см. қуда-муда
qudasha	қудаша	1) сватья (молодая р о д
qudiret	қудирет	сила; мощь
qudiretli	қудиретли	сильный; мощный
quzǵın	қузғын	1) ворон; 2) парен, бес
quzǵınlarsha	қузғынларша	1) подобный во
quzǵınshılıq	қузғыншылық	1) жадность;
ZIQ	ЗЫҚ	плохой характер. - куй- - 1) в разн. знач. лить
quyǵız-	қуйғыз-	см. куйдыр
quydırıw	қуйдырыў	и. д. от - куйдыр- - 1) вливание, наливание; 2) впа
kuyqa	куйқа	опалённая - кожа (б а р а
quyqalak	қуйқалак	неряха; / неряш
quyqıljıp	қуйқылжып	баратыр он красно
quyqıljıtıp	қуйқылжытып	сөйледи он кра
kuylanıw	куйланыў	и. д. от куйлан
quyrıq	қуйрық	1) хвост; ийт куйрық
kuyrıqlı	куйрықлы	1) имеющий хвост;
kuyılıw	куйылыў	и. д. от - куйыл-;
quyıw	қуйыў	и. д. - от қуй- - 1) нали
quyıwshı	қуйыўшы	1) льющий, налива
qul	қул	раб; / рабский; қул қы
ıwshı	ыўшы	поработитель; қул ийелеўши рабовладелец; қул сатыўшы работорговец; қул саў
qula	қула	саврасый; қула дала
diywal	дийўал	қулады стена обруши - лась; қулап түс- сорваться; жардан кулап түс- сорваться со ска
túr-vnimatel'no	түр-внимательно	прислушивать - ся; қулақ сал-, қулақ қой- или
qulaqqa	қулаққа	ил- - слушаться; сөзиме
qulaqla-	қулақла-	1) делать ушки (н ап р
qulaqlandır-	қулақландыр-	извещать, опо
qulaqlandırıw	қулақландырыў	и. д. от қу
laqlandır-	лақландыр-	извещение, оповеще
qulaqlas	қулақлас	пользующиеся водой
qulaqlı	қулақлы	имеющий - уши, с уша
qulaqshın	қулақшын	ушанка, малахай
qulaqshınlı	қулақшынлы	имеющий ушан - ку, малахай
qulama	қулама	крутизна, обрыв
kulaw	кулаў	и. д. от кула- паде - ние, сваливание, обрушивание
qulashla-	қулашла-	мерить что-л. при
qulashlat-	қулашлат-	понуд. о т қулашла
qulashlaw	қулашлаў	и. д. от қулашлаизмерёние чего-л. при помощи
qulashlıq	қулашлық	размером в - кулаш;
quldıra-	қулдыра-	стремйтельио бро
qulqın	қулқын	глотка; -О" қулқынға
quy-	қуй-	присвоить - чужое; прикар
qulqınlı	қулқынлы	1) с глоткой; 2) алч
qullası	қулласы	короче - говоря; в кон
qullıq	қуллық	1) рабство; кабала;
qulpaq	қулпақ	пейсы
qulpır-	қулпыр-	1) менять оттенки
qulpırt-	қулпырт-	понуд. от қулпыр
qult	қулт	подражательное - слово
-qult	-қулт	ет- вздрагивать
qulshar	қулшар	волосатый (о человеке)
qulshılıq	қулшылық	рабство; / рабо
qulıq	қулық	1) прав; характер;
qulkı	қулкы	жаман скверного - права;
qulın	қулын	жеребёнок-сосунок; кулын сал- подпустйть жеребёнка
qulınla-	қулынла-	жеребйться (о кобы
qulınlaw	қулынлаў	и. д. - от қулынла
qulınlı	қулынлы	1) жерёбая; 2) име
qulıp	қулып	замок; қулып ур- запи
qulıpla-	қулыпла-	запирать на - замок
qulıplan-	қулыплан-	страд, от қулыпла- запираться на замок; быть
qulıplat-	қулыплат-	понуд. от қулыпла- заставить запирать на за
qulıplaw	қулыплаў	и. д. от қулыплазапирание на - замок
quyılǵanday	қуйылғандай	как будто воды
qumalaq	қумалақ	овечий или верблю
qumalaqshı	қумалақшы	уст. - гадальщик
kumarlanıw	кумарланыў	и. д. от кумар - лан
kundaklaw	кундаклаў	и. д. от кун дакла
qunıs-	қуныс-	горбиться, сутулиться
qunısh	қуныш	см. қуныс
qup	қуп	I хорошо, ладно; очень;
qup-quw	қуп-қуў	совершенно - седой
quptan	қуптан	1) время после захода
qupıya	қупыя	секрет, тайна; / со
qupıyala-	қупыяла-	сказать что-л. на - едине, по секрету
qupıyalaw	қупыялаў	и. д. от қупыяла
qur	қур	шерстяная - тесьма (для
kuraqlı	курақлы	составной; составлен
kurallanıw	куралланыў	и. д. от - кураллан- - 1) вооружение; 2) обзаведение
kuralsızlandırıw	куралсызландырыў	и. д. от - куралсызландыр-; галаба курал
quran	қуран	коран
qurandı	қуранды	составной (состав
quras-	қурас-	взаимн. - от қура- - 1) по
qurat	қурат	понуд. - от қура- - 1) за
quraw	қураў	и. д. - от қура- - 1) состав
qurash	қураш	высокая меховая шап
qurash-purash	қураш-пураш	собир. разные
qurbaka	қурбака	лягушка
qurban	қурбан	рел. - 1) жертва; 2) жерт
qurbanlıq	қурбанлық	ред. - 1) жертвенный;
qurbası	қурбасы	ист. - курбашы (вое
qurbı	қурбы	см қурдас
qurbı-qurdas	қурбы-қурдас	собир. - друзья
qurbılas	қурбылас	см. қурдас
qurbılaslıq	қурбыласлық	см. қурдаслық
qurbılıq	қурбылық	см. қурдаслық
qurbıshılıq	қурбышылық	см. қурдаслық
qurǵa-	қурға-	сохнуть, высыхать
qurǵaq	қурғақ	1) сухой, высохший;
shawqım	шаўқым	бесполезная - шумиха;
qurǵaqshılıq	қурғақшылық	засуха
qurǵat-	қурғат-	понуд. от қурға- су - шить, высушивать, иссушать;
qurǵattır-	қурғаттыр-	понуд. от қурғат
qurǵaw	қурғаў	и. д. от қурға- - сушка
qurdas	қурдас	I) сверстник, ровесник;
qurdaslıq	қурдаслық	дружба - ровесников
qurdasshılıq	қурдасшылық	см. қурдаслық
qurdım	қурдым	1) ненасытный, жад
qurdır-	қурдыр-	понуд. от қур- за
qurdırıw	қурдырыў	и. д. - от қурдыр
qurqılda-	қурқылда-	1) хрюкать; шош
júr	жүр	курица - квохчет
qurqılday	қурқылдай	ремез (вид синицы)
qurqıldat-	қурқылдат-	понуд. от қур
qurqıldaw	қурқылдаў	и. д. - от қурқылда- - 1) хрюканье; 2) квохтанье
qurqıra-	қурқыра-	урчать (напр. в жи
qurqırat-	қурқырат-	понуд. от қурқыравызывать - урчание (напр. в жи
qurqıraw	қурқыраў	и. д. - от қурқыраурчание (напр. в животе)
qurlı	қурлы	послелог - как, с (при
qurma	қурма	финик
qurma-	қурма-	окружать, огоражи
qurmala-	қурмала-	см. қурма
qurmaw	қурмаў	и. д. от қурма- окру - жение, огораживание чего-л
qurmashaq	қурмашақ	способ ловли - рыбы
qurrayt-qurrait	қуррайт-қурраит	возглас ко
qursa-	қурса-	1) опоясывать, обма
qursaq	қурсақ	живот, брюхо, чрево
qursaqlas	қурсақлас	единоутробный, род
qursan	қурсан	радостный, весёлый
qursawla-	қурсаўла-	заковывать (напр. в
qursawlaw	қурсаўлаў	и. д. - от қурсаўлазаковывание (напр. в оковы)
qurt-	қурт-	истреблять, уничтожать
qurt-qumırısqa	қурт-қумырысқа	собир. насе - комые
qurtla-	қуртла-	1) зачервиветь; раз
qurtlaw	қуртлаў	и. д. - от қуртла- - 1) раз
qurtlawısh	қуртлаўыш	приспособление для
qurtlı	қуртлы	червивый, зачервивев
qurttır-	қурттыр-	пинуд. от қурт- за
qurtıw	қуртыў	и. д. от қурт- истреб - ление, уничтожение кого-чего-л
qurshacqı	қуршацқы	1) парша (у лоша
qurshacqılıq	қуршацқылық	парша, шелу
qurı	қуры	1) сухой; қуры жер сухая
kurıǵan	курыған	1) сушёный, высушен
kurıǵanda	курығанда	на худой - конёц; са
kurıǵır	курығыр	чтоб - ты (он и т. д.)
qurılda-	қурылда-	1) храпеть (ниир. о
qurıldaydı	қурылдайды	у него в животе
qurıldaw	қурылдаў	и. д. - от қурылда- - 1) храпение, храп; 2) урчание
qurıldı	қурылды	храп
qurılıs	қурылыс	)) иостросинс; гэптин
qurılısshı	қурылысшы	строитель
qurılıw	қурылыў	и. д. - от қурыл
qurım	қурым	1) копоть; 2) старая
qurımla-	қурымла-	коптить, покрывать
qurımlas-	қурымлас-	взаимн. от қурымла
qurımlat-	қурымлат-	понуд. от қурымлавыэвать появление - копоти, спо
qurımlaw	қурымлаў	и. д. от қурымла
qurıs-	қурыс-	испытывать ноющую - боль; белим қурысты спина у
qurıt-	қурыт-	понуд. - от қуры- - 1) вы
qurıtıl-	қурытыл-	страд, от қурыт
qurıtıw	қурытыў	и. д. - от қурытвысушивание, сушка; осушение;
miyweni	мийўени	қурытыў сушка фрук - тов; батпақты қурытыў осу
qurıw	қурыў	I и. д. от қур- воздвиже
qurıwlı	қурыўлы	поставленный, рас
qurıwshı	қурыўшы	стройтель
qus-	қус-	тошнйть, рвать; ол қу
qusa-	қуса-	походить, быть похожим
qusaǵan	қусаған	похожий на - кого-что
qusaydı	қусайды	послелог - как, подоб
qusacqıra-	қусацқыра-	иметь некоторое
qusas-	қусас-	взаимн. от қуса- быть
qusat-	қусат-	понуд. от дуга- сде
qusatıw	қусатыў	ы. д. от қусат- упо
qusaw	қусаў	и. д. от қуса- уподобле
qusbegi	қусбеги	ист. миийстр - охоты
qustay	қустай	лёгкий; / легко (букв
qustır-	қустыр-	понуд. от кус- вы
qustırıw	қустырыў	и. д. - от қустыр
qusshı	қусшы	1) охотник, охотящийся
qusshılıq	қусшылық	1) охота с ловчей
qusıq	қусық	тошнота, рвота
qusındı	қусынды	рвота (то, что из
qusıw	қусыў	и. д. от қус- - тошнота
qut	қут	1) жйзненная сйла, дух;
qashtı	қашты	мне не - везёт; қуты кетти
qutqar-	қутқар-	освобождать; спасать
qutqarǵısh	қутқарғыш	могущий - спасать
qutqart-	қутқарт-	понуд. от қутқарзаставить - освободйть; заставить
qutqartıw	қутқартыў	и. д. от куткарт
qutqarıl-	қутқарыл-	страд, от қутқаросвобождаться; быть освобож
qutqarıw	қутқарыў	и. д. - от қутқаросвобождёние; спасение, избав
qutqarıwshı	қутқарыўшы	освободйтель;
qutlı	қутлы	счастлйвый; уйге кутлы
qonaq	қонақ	келсе, қой егиз туўады
kutlıqla-	кутлықла-	поздравл51ть, при
kutlıklaw	кутлыклаў	1) и. д. от кутльщлапо.здравлёние, приветствие; 2)
wipten	ўиптен	зордан кутылды онй едва
qutıldırıw	қутылдырыў	и. д. от қутылдыр
qutılt-	қутылт-	см. қутылдыр
qutılıw	қутылыў	и. д. от қутыл- - освобождёние;^спасение, избавление
qutır-	қутыр-	1) заболеть водобо
quyıǵa	қуйыға	қармақ салады погов
qutırt-	қутырт-	понуд. - от қутыр- - 1) свести с ума; 2) перен. до
qabaqların	қабақларын	түйип қутырынды
qutırınıw	қутырыныў	и. д. от кутырын
qutırıw	қутырыў	и. д. от кутыр
quw-	қуў-	1) гнать; қайта қуў- или
qaytara	қайтара	қуў- а) гнать обратно;
quwıp	қуўып	кет- - угнать; қуўып жетнастйгнуть; 2) перен. гнать, преслёдовать; <> тамыр қуўып кетти
dawdı	даўды	қуў- беспрерывно - судйться, сутяжничать
kuwala-	куўала-	многокр. - от қуў-; ҳай
wandı	ўанды	қуўала- - гнать ■ скотйну
quwalawshı	қуўалаўшы	преслёдователь
quwan-	қуўан-	веселйться, радоваться;
quwanarlıq	қуўанарлық	см. қуўанышлы
quwanǵanlıq	қуўанғанлық	см. қуўаныш;
quwanǵanlıqtan	қуўанғанлықтан	от радости
quwandır-	қуўандыр-	понуд. - от қуўанразвеселйть, обрадовать; привестй в приподнятое, весёлое
quwant-	қуўант-	см. қуўандыр
quwantarlıq	қуўантарлық	радующий; ра
quwanıs-	қуўаныс-	взаимн. - от қуўанвеселйться, радоваться вместе
quwanıw	қуўаныў	и. д. от қуўан
quwanısh	қуўаныш	радость; қуўанышы
kókiregine	көкирегине	сыймады его сёрдце
quwanıshlı	қуўанышлы	радостный, до
wanıshlı	ўанышлы	КӨЗ қарас радостный - взгляд; сизди кергениме мен
quwanıshlıq	қуўанышлық	см. қуўаныш
quwart-	қуўарт-	понуд. - от қуўар- - 1)
kuwartıw	куўартыў	и. д. от қуўарт
quwarıqqı	қуўарыққы	белёсый; поседев
quwarıqqılıq	қуўарыққылық	лёгкая блед
quwarıw	қуўарыў	и. д. от қуўар
quwat	қуўат	мощь, сила; энергия
quwatla-	қуўатла-	1) усиливать; ока
quwatlan-	қуўатлан-	возер. - от қуўатла- - 1) усйлиться; 2) воодушевиться
quwatlandır-	қуўатландыр-	понуд. от қуўатлан
quwatlanıw	қуўатланыў	ы. д. - от қуўатлан- - 1) усиление; 2) воодушевле
quwatlas-	қуўатлас-	взаимн. - от қуўатла- - 1) совмёстио усйливать что-л.\
quwatlat-	қуўатлат-	понуд. - от қуўатла- - 1) заставить усйлить, ока
quwatlaw	қуўатлаў	и. д. - от қуўатла- - 1) усиление, поддержка; 2) во
quwatlawshı	қуўатлаўшы	сторонник; / под
quwatlı	қуўатлы	1) мощный, сильный;
quwatlılıq	қуўатлылық	1) мощь, сйла;
quwatlılıǵı	қуўатлылығы	мощность гидро
quwatsız	қуўатсыз	бсссйльиый, немощ
quwatsızlıq	қуўатсызлық	бессйлпе, не
quwǵınlıq	қуўғынлық	1) нзгиаиис; 2) го
quwǵınshı	қуўғыншы	преследователь, гонйтель
quwǵınshılıq	қуўғыншылық	см. қуўғынлық
quwdala-	қуўдала-	1) гнать; 2) перен
quwdalan-	қуўдалан-	страд, от қуўдала
quwdalanıw	қуўдаланыў	и. д. - от қуўдалангонёние, преследование
quwdalas-	қуўдалас-	взаимн. - от қуўдала- - 1) гнать вместе с кем-л.; 2) перен
quwdalaw	қуўдалаў	и. д. от қуўдала- го - нение, преследование
quwdalawshı	қуўдалаўшы	преследующий; /
quwdır-	қуўдыр-	понуд. - от қуў- - 1) за
quwdırt-	қуўдырт-	понуд. от қуўдыр
quwdırıw	қуўдырыў	и. д. - от қуўдырпреслёдование, гонение
quwjıcla-	қуўжыцла-	подсмеиваться,иронизйровать
quwjıqlaw	қуўжықлаў	и. д. о/тгқуўжыцла
kuw-quw	куў-қуў	см. қуў II
quwqıl	қуўқыл	имитатор; / способный
quwqıljıt-	қуўқылжыт-	преувелйчивать
quwqıllıq	қуўқыллық	способность к имитйрованию
quwlan-	қуўлан-	стаиовйться - хйтрым
quwlanıw	қуўланыў	и. д. от қуўлан
quwlıq	қуўлық	хйтрость, пронырли
quwra-	қуўра-	сохнуть, высыхать, ис
quwraǵan	қуўраған	сухой, высохший;
quwray	қуўрай	курай (травянистое
quwraylıq	қуўрайлық	местность, порос
quwrat-	қуўрат-	1) понуд. от қуўра- ис
quwratıw	қуўратыў	и. д. - от қуўрат- - 1) сушка; 2) перен. уничтожение
quwraw	қуўраў	и. д. от қуўра- - сушка
quwtıcla-	қуўтыцла-	1) подмигивать;
quwtınlaw	қуўтынлаў	и. д. - от қуўтынла- - 1) подмигивание; 2) гримасни
quwıq	қуўық	мочевой - пузырь
quwıl-	қуўыл-	страд, от қуў- быть
quwılıw	қуўылыў	и. д. от қуўыл- го - нение, преследование
quwın-	қуўын-	обжаловать, подать
quwınıw	қуўыныў	и. д. от қуўын- об - жалование, подача кассации
quwınıwshı	қуўыныўшы	жалобщик, су
quwır-	қуўыр-	1) жарить, поджари
quwırdaq	қуўырдақ	жаркое, куски ж а
quwırdaqshı	қуўырдақшы	повар, изготов
quwırma	қуўырма	жареный; / жаркое;
quwırmash	қуўырмаш	жареное - зерно (пше
quwırt-	қуўырт-	понуд. - от қуўыр- - 1) заставить жарить, поджа
quwırttır-	қуўырттыр-	понуд. от қуўырт
quwırshaq	қуўыршақ	кукла; марионетка
quwırıl-	қуўырыл-	1) страд, от қуўыр-;
quwırıldı	қуўырылды	рана - подсохла (за
quwırılǵan	қуўырылған	жареный, заж а
rılǵan	рылған	балық жареная рыба
quwırıw	қуўырыў	и. д. - от қуўыр- - 1)
quwıs	қуўыс	выемка, щель; тамныц
quwısında	қуўысында	под прикрытием до - ма; КӨЗ қуўысы глазница
quwıs-	қуўыс-	взаимн. - от қуў- - 1) го
quwıslıq	қуўыслық	место, где есть выем
quwısıw	қуўысыў	и. д. от қуўыс
quwıw	қуўыў	и. д. от қуў- - гонение
quwıwshı	қуўыўшы	преследующий; / пре
quwıwshılıq	қуўыўшылық	преследование
quwısh	қуўыш	1) уст. знак запрета
qushaq	қушақ	1) охапка; бир қушақ
qushaqla-	қушақла-	1) брать что-л. в
shaqla-	шақла-	обнять на - прощание;
qushaqlas-	қушақлас-	взаимн. - от қушақлаобниматься, обнимать друг друга
kushaqlastır-	кушақластыр-	п онуд. от қу
qushaqlasıw	қушақласыў	и. д. от қушақ
qushaqlat-	қушақлат-	понуд. - от қушақла- - 1) заставить брать что-л. в охап
qushaqlaw	қушақлаў	и. д. - от қушақла
qushaqlawlı	қушақлаўлы	1) в охапке; 2) в
qushtar	қуштар	1) падкий на что-л.;
qushtarlı	қуштарлы	1) желающий чего
qushtarlıq	қуштарлық	влечение, страсть;
kushıw	кушыў	и. д. от - куш
quyanqılıq	қуянқылық	1) лукавство; ве
qıbır	қыбыр	еткен жан жоқ ни едйной - душй; қыбыр-қыбыр ет- или
qıbır-jıbır	қыбыр-жыбыр	ет- кишеть
qıbırla-	қыбырла-	производить медлен
qıbırlan-	қыбырлан-	возвр. от қыбырла
qıbırlat-	қыбырлат-	понуд. от қыбыр
qıbırlaw	қыбырлаў	и. д. от қыбырла
qıbırlı	қыбырлы	делающий мёдлен
qıbırsız	қыбырсыз	не - двйгающийся
toyǵanıca	тойғаныца	мақтанба погов. при
qıdırawıq	қыдыраўық	бездёльник; гуля
qıdırǵısh	қыдырғыш	любйтель - погулять
qıdırma	қыдырма	см. қыдыраўық
qıdırt-	қыдырт-	п онуд. - от қыдыр- - 1) заставить гулять, ходйть, бро
qıdırttır-	қыдырттыр-	п он уд. от қы
qıdırtıw	қыдыртыў	и. д. от қыдырт
qıdırımpaz	қыдырымпаз	см. қыдыраўық
qıdır'shpazlıq	қыдырьшпазлық	склонность к
qıdırıspa	қыдырыспа	прогулка, гуля
qıdırıspalı	қыдырыспалы	см. қыдырғыш
qıdırıw	қыдырыў	и. д. - от қыдыр- - 1)
qıjırla-	қыжырла-	хрустёть
qıjırlaw	қыжырлаў	и. д. от қыжырла
júrip	жүрип	атыр работа - кипйт; қыза
-qıza	-қыза	горячась; жэнжел қыза
-QIZDI	-ҚЫЗДЫ	разгорелся скандал; 3)
qızalaq	қызалақ	девочка
qızar-	қызар-	раскраснеться, крас
ǵannan	ғаннан	қызар- сгореть со сты - да
qızaracla-	қызарацла-	1) краснеть; 2) п е
qızaraclas-	қызарацлас-	взаим н. от қыза
qızaraclaw	қызарацлаў	и. д. от қыза
qızart-	қызарт-	п онуд. от қызар
qızartıw	қызартыў	и. д. от қызарт
qızarıdqı	қызарыдқы	слегка раскраснев - шийся, слегка покрасневший
qızarısıw	қызарысыў	и. д. - от қызарыс
qızarıw	қызарыў	1) и. д. от қызар
maqtıd	мақтыд	аўырын қызарыўы
qızba	қызба	1) недотрога; 2) горячий
qızbalan-	қызбалан-	горячйться, вхо
qızbalanıw	қызбаланыў	и. д. от қызба
qızbalı	қызбалы	горячий, вспыльчи
qızbalıq	қызбалық	горячность, вспыль
qızbashılıq	қызбашылық	еле. қызбалық
qızǵaltaq	қызғалтақ	тюльпан. ''
qızǵan-	қызған-	I) жалеть кого-л
qızǵanshaq	қызғаншақ	1) скупой, жадный;
qızǵanıw	қызғаныў	и. д. от қызған
qızǵanısh	қызғаныш	жалкий, внушаю
qızǵadıshlı	қызғадышлы	1) жалкий, до
qızǵanıshlıq	қызғанышлық	см. қызғаныш
QIZǴILT	ҚЫЗҒЫЛТ	красноватый, розо
ǵılt	ғылт	тарт- слегка порозоветь
QIZǴID	ҚЫЗҒЫД	см. қызғынлы; жумыс
QIZǴIN	ҚЫЗҒЫН	журип атыр работа в
QIZǴIDLI	ҚЫЗҒЫДЛЫ	1) горячий, интеи
QIZǴINLI	ҚЫЗҒЫНЛЫ	исле- работать ин- - тенейвно; пахта териўдид қыз
ǵınlı	ғынлы	күнлери горячие дни - хлопкоуборки; 2) вспыльчивый
QIZǴINLILIQ	ҚЫЗҒЫНЛЫЛЫҚ	1) горячность
ZǴIDLILIQ	ЗҒЫДЛЫЛЫҚ	пенен иске кирис
QIZǴISH	ҚЫЗҒЫШ	см. ҚЫЗҒЫЛТ
qızdır-	қыздыр-	понуд. - от қыз- - 1) на
qızdırma	қыздырма	обогреватель
qızdırt-	қыздырт-	п онуд. от қыздыр
qızdırıw	қыздырыў	и. д. - от қыздыр- - 1) нагревание, накал; 2) перен
qız-qırqın	қыз-қырқын	собир. - девушки
qızlı	қызлы	тот, у кого есть девоч
qızıǵıw	қызығыў	и. д. от қызық- про
QIZIQ-	ҚЫЗЫҚ-	1) интересоваться кем
QIZIQLI	ҚЫЗЫҚЛЫ	интересный, зани
QIZIQSIN-	ҚЫЗЫҚСЫН-	возвр. - от қызық
qızıqsınıw	қызықсыныў	и. д. от қызық
qızıqtır-	қызықтыр-	п он уд. - от қызық- - 1) заинтересовать кого-чт о-л
qızıqtırıw	қызықтырыў	и. д. от қызық
QIZIQSHILIQ	ҚЫЗЫҚШЫЛЫҚ	интерес
qızılla-	қызылла-	1) красить в крас
qızıllat-	қызыллат-	пон(/5. о т қызылла
qızıllatıw	қызыллатыў	и. д. от қызыллат
qızıllaw	қызыллаў	и. д. - от. қызылла- - 1) окрашивание чего-л. в крас
qızılsımaq	қызылсымақ	красноватый
qızılsıra-	қызылсыра-	хотеть есть - мясо
qızılsha	қызылша	I 1) сыпь; 2) корь
qızıwlas-	қызыўлас-	горячйться {споря
qızıwlastır-	қызыўластыр-	понуд. от қы
zıwlas-	зыўлас-	заставить - горячйться
qızıwlasıw	қызыўласыў	и. д. от қызыў
qızıwlı	қызыўлы	горячий, вспыльчи
QIY	ҚЫЙ	сухой - помёт
QIY-	ҚЫЙ-	I обрезать, отрезать, сре
qıymay	қыймай	тур мне жалко дать
qıyǵash	қыйғаш	кривой, загнутый, изо
qıyǵashla-	қыйғашла-	резать что-л. наис - кось
qıyǵashlan-	қыйғашлан-	1) ст рад, от
qıyǵashlat-	қыйғашлат-	понуд. от қый
ǵashla-	ғашла-	заставить резать наис
qıyǵashlaw	қыйғашлаў	и. д. - от қыйғашла
qıyǵız-	қыйғыз-	I понуд. от қый- I
QIYǴIZ-	ҚЫЙҒЫЗ-	II понуд. от қый- II
qıyǵır-	қыйғыр-	кричать; окрикивать
qıyda	қыйда	ось (телеги, арбы )
qıydır-	қыйдыр-	I см. ҚЫЙҒЫЗ- I
qıyqala-	қыйқала-	резать тупым - ножом
qıyqalaw	қыйқалаў	и. д. от қыйқаларезание тупым ножом
qıyqac	қыйқац	шаловливый; қыйқац
qıyqacla-	қыйқацла-	шалить, баловать
qıyqaclat-	қыйқацлат-	понуд. от қый
qıyqailaw	қыйқаилаў	и. д. от қыйқацла
qıyqaclıq	қыйқацлық	шаловливость, ба
qıyqacshıl	қыйқацшыл	шаловлйвый, озор
qıyqanshılıq	қыйқаншылық	см. қыйқанЛЫҚ
qıyqılda-	қыйқылда-	1) издавать сдав
qıyqıldat-	қыйқылдат-	п онуд. - от қый
qıyqıldaw	қыйқылдаў	и. д. - от қыйқылда
QIYQIM	ҚЫЙҚЫМ	I) крошки (нап р. п и
QIMI	ҚЫМЫ	обрезки - кошмы; 2) перен
qıyqımla-	қыйқымла-	I) резать чт о-л
QIYQIMSHIL	ҚЫЙҚЫМШЫЛ	I) мелочный; 2)
QIYQIMSHILLIQ	ҚЫЙҚЫМШЫЛЛЫҚ	I) мелочность;
qıyqıw	қыйқыў	крик; бул не қый
qıyqıwla-	қыйқыўла-	кричать
qıyqıwlas-	қыйқыўлас-	взаим н. от қый
qıwla-	қыўла-	перекликаться; окликать
qıyqıwlastır-	қыйқыўластыр-	п онуд. от кый
qıwlas-	қыўлас-	заставить перекликать - ся; заставить окликать друг дру
qıyqıwlasıw	қыйқыўласыў	и. д. от қый
qıyqıwlat-	қыйқыўлат-	п онуд. от қый
qıyqıwlattır-	қыйқыўлаттыр-	п онуд. от
qıyqıwlaw	қыйқыўлаў	и. д. от қыйқыўлакрик
qıylan-	қыйлан-	тяжело переживать
qıylandır-	қыйландыр-	п онуд. от қыйланвызвать тяжёлые - переживания
qıylant-	қыйлант-	см. қыйландыр
qıylanıw	қыйланыў	и. д. от қыйлантяжёлые переживания. - кыи — 4 2 3 — қ ы и
qıilı	қыилы	разный; х,әр кыилы
QIYMIL	ҚЫЙМЫЛ	движение; қалада азан
qıymıldatıw	қыймылдатыў	и. д. от қый
QIYMILSIZ	ҚЫЙМЫЛСЫЗ	1) неподвижный;
QIYMILSIZLIQ	ҚЫЙМЫЛСЫЗЛЫҚ	1) неподвиж
qıyna-	қыйна-	мучить, подвергать
qıynal-	қыйнал-	возвр. от қыйна
qıynaldır-	қыйналдыр-	п онуд. от қый
qıynalt-	қыйналт-	см . қыйналдыр
qıynalıw	қыйналыў	и. д. от қыйнал
qıynalıwshı	қыйналыўшы	человек, нахо
qıynalıwshılıq	қыйналыўшылық	мучение
qıynaw	қыйнаў	и. д. от қыйна- мучё
qıypaqla-	қыйпақла-	см. қыйпалақла
qıypalaqla-	қыйпалақла-	1) слушаться;
qıypacla-	қыйпацла-	1) жеманничать; 2)
qıipaqlas-	қыипақлас-	взаим н. от кыи
qıypaclaw	қыйпацлаў	и. д. от - кыйпанла- - 1) жеманничанье; 2) отлынива
qıypanlıq	қыйпанлық	1) жеманность;
qıyra-	қыйра-	разбиваться; ломаться;
qıyraǵısız	қыйрағысыз	крепкий, несо
qıyrala-	қыйрала-	делать закрома из
qıyralaw	қыйралаў	и. д. от қыйра
dawıl	даўыл	кемени кыйратты буря
jawdıc	жаўдыц	армиясын қыйрат- раз
qıyrattır-	қыйраттыр-	п он уд. от қый
qıyratıl-	қыйратыл-	ст - рад, от кыйрат
qıyratılıw	қыйратылыў	и. д. - от^ қыйраТЫЛ
qıyratıw	қыйратыў	и. д. - от қыйратлбмка; разрушение
qıyraw	қыйраў	и. д. от қыйра- - ломка; разрушение
qıysayıp	қыйсайып	жур- бродить без
qıysayt-	қыйсайт-	пон уд. - от қыйсай- - 1) покривить, искривить, со
qıysaytıw	қыйсайтыў	и. д. - от қыйсайт
qıisaiıcqı	қыисаиыцқы	слегка искривлен - ный; слегка согнутый
qıysayıw	қыйсайыў	и. д. - от қыйсайнаклон; шепке қыйсайыў на
qıysalaqlaw	қыйсалақлаў	нскрпвлёние
qıysacla-	қыйсацла-	1) качаться, пока
qıysaclamastan	қыйсацламастан	твёрдо, не
qıysanlat-	қыйсанлат-	понуд. от қыйсақла
qıysaclaw	қыйсацлаў	и. д. - от қыйсацла- - 1) покачивание; 2) уклонение
QIYSIQ	ҚЫЙСЫҚ	1) кривой, покривив
QIYSIQLIQ	ҚЫЙСЫҚЛЫҚ	1) кривизна; 2) п е
QIYSIN	ҚЫЙСЫН	удобный - случай; при
SÓZDIC	СӨЗДИЦ	ҚЫЙСЫНЫ келди к слову - пришлось; <С> СӨЗИҚНИН қыйсыны
qıytarlıq	қыйтарлық	кривизна; / кри
QIYIQ	ҚЫЙЫҚ	1) обрезки, куски
QÓZINIC	ҚӨЗИНИЦ	ҚЫЙЫҒЫН салды он по
qıyıqla-	қыйықла-	резать что-л. наис
qıyıqlan-	қыйықлан-	ст - рад, от қы
yıqla-	йықла-	быть разрезанным наис
qıyıqlat-	қыйықлат-	понуд. от қыйық- - да^ заставить разрезать наискось
qıyıqlaw	қыйықлаў	и. д. от қыйықлараэрезание чего-л. - наискось
qıyıqshala-	қыйықшала-	1) загибать что
QIYIL-	ҚЫЙЫЛ-	ст - рад, от қый- 1
yılǵan	йылған	қас а) брови дугой, изо
QIYILDI	ҚЫЙЫЛДЫ	бракосочетание совер - шено
QIYINDI	ҚЫЙЫНДЫ	мё.лкие(негодные) об
kúnler	күнлер	собир. - трудные, тяжёлые
qıyınla-	қыйынла-	делать - трудным
qıyınlan-	қыйынлан-	еозвр. от қыйынла- становйться - трудным, ус
qıyınlas-	қыйынлас-	взаим н. от қы
qıyınlat-	қыйынлат-	п онуд. от қыйынла- сделать - трудным, затруд
qıyınlattır-	қыйынлаттыр-	п онуд. от қы
qıyınlatıw	қыйынлатыў	и. д. от қыйынлат- - затруднёние, усложнёние
qıyınlaw	қыйынлаў	и. д. - от қыйынлазатруднёние, усложнёние чего-л
QIYINLIQSIZ	ҚЫЙЫНЛЫҚСЫЗ	см . ҚЫЙЫНШЫ
QIYINSIN-	ҚЫЙЫНСЫН-	испытывать за - труднения, трудности
qıyınsınıw	қыйынсыныў	и. д. - от қыйынСЫН
qıiınshılıq	қыиыншылық	1 рўдность, за
qıyınshılıqlı	қыйыншылықлы	трудный, за
qıyınshılıqsız	қыйыншылықсыз	без - труда
qıyır	қыйыр	край, грань; предел;
qıyır-shıyır	қыйыр-шыйыр	1) кривой, ко
QIYIS-	ҚЫЙЫС-	I вяаимн. от қый- I
qıyıstır-	қыйыстыр-	I понуд. от қы
qıyıw	қыйыў	I I) отделка, наложен
qıyıwın	қыйыўын	келтирип айтады он
qıyıwla-	қыйыўла-	скреплять (сш и
qıyıwlan-	қыйыўлан-	ст - рад, от қы
yıwla-	йыўла-	скрепляться по - срезу;
qıyıwlas-	қыйыўлас-	взаим н. от қы
qıyıwlat-	қыйыўлат-	п онуд. от қыйы
wla-	ўла-	заставить - скреплять (с ш и
qıyıwlaw	қыйыўлаў	и. д. - от қыйыўласкреплёние (сшивание) брёвен
QIL	ҚЫЛ	волос, волосок, шерстин
QIL-	ҚЫЛ-	делать, совершать; буны
qılac	қылац	1) быстрые, ловкие дви
qılacla-	қылацла-	1) производить бы
qılaqlat-	қылақлат-	понуд. - от қылацла
qılaw	қылаў	1) колючее растение;
QILǴIN-	ҚЫЛҒЫН-	задыхаться
qılǵındır-	қылғындыр-	п онуд. от қыл
ǴIN-	ҒЫН-	задушйть
qılǵınıw	қылғыныў	и. д. - от қылғын
QILJIYIP	ҚЫЛЖЫЙЫП	отыр он - сидйт, пове
qıljıyıw	қылжыйыў	и. д. - от қылжый
qıljıcla-	қылжыцла-	I) гримасничать;
qıljıclat-	қылжыцлат-	п онуд. от - дылжыцла- I) заставить гримасни
qıljıqlaw	қылжықлаў	и. д. - от қылжынла- - 1) гримасничанье; 2) каприз
qılqanlı	қылқанлы	1) остистый; 2) кост
qılqıy-	қылқый-	вырисовываться на - горизонте, виднеться вда.г]й; ол
uzaqtan	узақтан	қылқыйып көринди он
QILQIYIS-	ҚЫЛҚЫЙЫС-	взаим н. от қыл
qılqıyıw	қылқыйыў	и. д. - от қылқый
qılqılda-	қылқылда-	1) булькать; 2)
qılqıldat-	қылқылдат-	понуд. - от қыл
qıldatıp	қылдатып	иш- жадно пить
qılqıldaw	қылқылдаў	и. д. от қылқыл- - да- - 1) бульканье; 2) плавное по
QILQIN-	ҚЫЛҚЫН-	задыхаться
qılqındır-	қылқындыр-	понуд. от қыл
qın-	қын-	давить, душйть
qılqınıw	қылқыныў	и. д. от қылқык
qıllı	қыллы	имеющий - волосы, с во
QILMIY-	ҚЫЛМЫЙ-	быть очень малень - ким, тонким; чуть виднеться;
QILMIYIP	ҚЫЛМЫЙЫП	к е р и н е д и чуть видно
qılmıcla-	қылмыцла-	жеманничать, же
qılmıqlaǵan	қылмықлаған	жеманная, ко
qılmıclaw	қылмыцлаў	и. д. от қылмьщ
QILMIS	ҚЫЛМЫС	преступление; қылмыс
qılmısker	қылмыскер	преступник
QILMISLI	ҚЫЛМЫСЛЫ	виновный; / пре
qılpaqla-	қылпақла-	хитрить, плутовать
qılpılda-	қылпылда-	П - суетйться, расте
qılpıldaw	қылпылдаў	и. д. от - кылпылда- - 1) выражение нетерпения; 2) бес
QILT	ҚЫЛТ	образоподраж ат ельное - слово, выраж аюиуге м гновенност ь
QILT-SILT	ҚЫЛТ-СЫЛТ	етип - жеманно, ко
QILTIY-	ҚЫЛТЫЙ-	1) ёле виднеться; тан
QILTIYIP	ҚЫЛТЫЙЫП	атты рассвет забрез - жил; 2) высовываться, загля
qıltıyıw	қылтыйыў	и. д. - от қылтый
qıltılda-	қылтылда-	1) быть игривым
qıltıldaq	қылтылдақ	игривый, кокетли
qıltıldaw	қылтылдаў	и. д. от - кылтылда- - 1) кокётничанье; 2) плавное по
QILSHIQLI	ҚЫЛШЫҚЛЫ	1) с в о л о с к а м и ;
QILIQLI	ҚЫЛЫҚЛЫ	ш а л о в л и в ы й
QILISH	ҚЫЛЫШ	меч, сабля; қ ы л ы ш
QILISHTIQ	ҚЫЛЫШТЫҚ	ж ү зи н ж а л а с ы ў
zakwtı	закўты	ван - ие, п ри кры вание, по
QIMTI-	ҚЫМТЫ-	!) подж имать; ерин
QIMTIL-	ҚЫМТЫЛ-	ст - рад, от қымты
QIMIZ	ҚЫМЫЗ	кумыс
QIMIZLI	ҚЫМЫЗЛЫ	с к у м ы с о м , с о д е р ж а
qınal-	қынал-	ст - рад, от қына- 1)
qınala-	қынала-	I м ногокр. от к.ына
qınalan-	қыналан-	ст - рад, от қынала
qınap	қынап	ыбжиы, футляр (для
qınaw	қынаў	и. д. от қына
QINJIL-	ҚЫНЖЫЛ-	выражать неудо - вольствие, хныкать
QINJILDIr-	ҚЫНЖЫЛДЫр-	см. ҚЫНЖЫЛТ
QINJILT-	ҚЫНЖЫЛТ-	п онуд. от қынжылвызывать - неудовольствие, хны
qınlawlı	қынлаўлы	см. ҚЫНЛЫ
QINLI	ҚЫНЛЫ	имеющий - ножны, с нож
QICQ	ҚЫЦҚ	зеукоп - одр.: қыққ-қынқ
qıcqılda-	қыцқылда-	1) капризничать;
qıcqıldas-	қыцқылдас-	взаим н. - от қын
qıcqıldat-	қыцқылдат-	п онуд. - от қын
qıqqıldaw	қыққылдаў	и. д. - от қыцқылда- - 1) капрйзничаиье; 2) хны
QICQILDI	ҚЫЦҚЫЛДЫ	1) капрйзы, хны
qıcır	қыцыр	I) упрямый, непослуш
qınırlan-	қынырлан-	1) упрямиться, не
qıcırlıq	қыцырлық	I) упрямство, непо
QIP	ҚЫП	уси л и т ел ьн ая част ица
QIP-QIZIL	ҚЫП-ҚЫЗЫЛ	красный-прекрас - ный, ярко-красный; қып-қысқа
qıpsha	қыпша	тонкий, изящный; кыпша бел с тонкой талией, с тон
qıpılıqla-	қыпылықла-	моргать, хлопать
qıpılıqlat-	қыпылықлат-	п он уд. от қы
pılıqla-	пылықла-	заставить - моргать
pılıqlatıp	пылықлатып	моргая - глазами
qıpılıqlaw	қыпылықлаў	и. д. - от қыпылықла
qır	қыр	1) горный хребет; возвы
qırımnan	қырымнан	тустим я упал на - бок; -О қыр мурын прямой нос;
qırıma	қырыма	ШЫҒЫП журсен ты вы
qır-	қыр-	1) скоблйть, соскабли
saqal	сақал	қыраман я буду - бриться
qıraat	қыраат	1) благозвучие; 2) ме
qıraǵı	қырағы	I) бдительный; даль
qcraǵılıq	қцрағылық	I) бдительность;
revolyuciyalıq	революциялық	қырағылық рево
qıran	қыран	1) ловкий, хваткий, зор
qıraw	қыраў	йней, йзморозь; қыраў
qırawlı	қыраўлы	с - йзморозью; қыраў
qırǵawıl	қырғаўыл	фазан; қораз қыр
ǵawıl	ғаўыл	фазан-самёц; мәкийен қыр
qırǵı	қырғы	рубанок
qırǵız	қырғыз	киргйз; / кнргйзский
qırǵız-	қырғыз-	см. қырдыр
qırǵıy	қырғый	ястреб-перепелятник;
qırǵın	қырғын	1) резня; побоище; раз
qırǵınshılıq	қырғыншылық	см. қырғын
qırǵısh	қырғыш	1) скребок; 2) жабер
qırdır-	қырдыр-	п онуд. - от қыр- - 1) дать соскоблйть; 2) дать уни
qırdırt-	қырдырт-	п онуд. от қырдыр
qırdırıw	қырдырыў	и. д. от қырдыр
qırq	қырқ	сорок
qırq-	қырқ-	1) отсекать, отрубать
qırqar	қырқар	мед. - проказа
qırqayaq	қырқаяқ	1) мокрйца; 2) соро
qırqlanshı	қырқланшы	уст . см. қырқыншы
qırqpa	қырқпа	1) руно; 2) острйжен
qırqtır-	қырқтыр-	п онуд. - от қырқ- - 1) заставить отсечь, отрубить
qırqtırıw	қырқтырыў	и. д. - от қырқтыр- - 1) отсекание, отрубание чего-л
qırqıl-	қырқыл-	воэвр. - от қырқ- - 1) отсекаться, отрубаться; 2)
qırqılıw	қырқылыў	и. д. - от қырқылотсекание, отрубание
qırqınshı	қырқыншы	сороковой
qırqıra-	қырқыра-	Хрипеть, издавать
qırqırat-	қырқырат-	понуд. от қырқы
qırqıraw	қырқыраў	и. д. - от қырқырахрип, хрипение
qırqıs-	қырқыс-	взаим н. - от қырқ- - 1) отрубать, отсекать чт о-л
qırqıstır-	қырқыстыр-	понуд. от қырКЫС
qırqısıw	қырқысыў	и. д. от қырқыс
qırla-	қырла-	отделывать - края; гранйть; уш қырлап жон- строгать
qırlan-	қырлан-	ст - рад, от қырла
qırlaw	қырлаў	и. д. от қырла- - отдёлка; гранёние
qırlı	қырлы	имеющий - грани, гра
qırma	қырма	деревянная - чашка; -О
qırman	қырман	ток, гумно; қырман
qırmanla-	қырманла-	складывать хлеб
qırmanlat-	қырманлат-	понуд. от қырманла- заставить складывать
qırmanlaw	қырманлаў	и. д. от қырманласкладывание хлеба на - току, на
qırmashı	қырмашы	изготовитель дере
qırmızı	қырмызы	1) красный; розо
qırmısh	қырмыш	1) остатки пригорев
qırpıma	қырпыма	касающийся, заде
qırsıǵıw	қырсығыў	1) прихоть, каприз;
qırsıq	қырсық	1) беда; бедствие; не
qırsıqlan-	қырсықлан-	капризничать;
qırsıqlandır-	қырсықландыр-	понуд. - от к,ырсықлан- вызвать капрйзы; вы
qırsıqlanıw	қырсықланыў	и. д. от қырсықлан- - капрйзничанье; упрям
qırsıqlı	қырсықлы	1) бедный, несча
qırsıqlıq	қырсықлық	см. қырсық
qırsılda-	қырсылда-	хрустеть, трещать
qırsıldaw	қырсылдаў	и. д. - от қырсылдахруст, треск
qırtıy-	қыртый-	быть небольшого ро - ста, быть низкорослым
qırtıyiw	қыртыйиў	и. д. от қыртый
qırtılda-	қыртылда-	издавать - хруст
kırtıldaq	кыртылдақ	хрустящий
qırtıldat-	қыртылдат-	понуд. от қыртылда- вызвать - хруст {напр
qırtıldaw	қыртылдаў	и. д. от қыртылдахруст. - кыртыс - 1) поверхность, верх
qırtısla-	қыртысла-	отделять - мякоть;
qırtıslan-	қыртыслан-	I страд, от қыртысла- отделяться (о мякоти
qırtıslat-	қыртыслат-	понуд. от қыртысла- заставить отделять мя - коть {напр. дыни)
qırtıslaw	қыртыслаў	и. д. от қыртыслаотделёние - мякоти {напр. дыни)
qırtıslı	қыртыслы	с нетронутым верх
qırshı-	қыршы-	скоблйть, чйстить
qırshıl-	қыршыл-	страд, от қыршыбыть соскобленным, очйщенным;
qırshıldır-	қыршылдыр-	понуд. от қыршыл- - соскоблйть, очйстить
qırshın	қыршын	молодой; қыршынлар
qırshıt-	қыршыт-	понуд. от қыршызаставить - соскоблйть, очйстить
qırshıw	қыршыў	и. д. от қыршы- - чйстка, очищение чего-л
qırılda-	қырылда-	хрипеть
qırıldas-	қырылдас-	вэаимн. от қырылда- - хрипеть (о нескольких)
qırıldaw	қырылдаў	и. д. - от қырылдахрипёние, хрип
qırıldawıq	қырылдаўық	хриплый;/ чело
qırılıs-	қырылыс-	1) оэаимн. от қы
qırılıstır-	қырылыстыр-	понуд. от қырыЛЫС
qırım	қырым	далёкий, дальний; /
qırın	қырын	1) йскоса, косо; қырын
qırın-	қырын-	возвр. - от қыр-; мен
qırındım	қырындым	я побрился
qırındı	қырынды	стружка, опилки;
aǵashtıc	ағаштыц	қырындысы опилки - дерева
qırınla-	қырынла-	1) идти боком; есикке қырынлап кир- протиснуться
qırınlat-	қырынлат-	понуд. - от қырынла- - 1) просйть пройтй боком;
qırınlaw	қырынлаў	и. д. от қырынла-. - кырыс-езаижн. о т қыр- - 1)скоблйть, соскабливать что-л. с кем
qırısıw	қырысыў	и. д. - от қырыс- - 1) скобление, соскабливание чего
qırıw-qırıw	қырыў-қырыў	возглас, кото
QIS	ҚЫС	зима; / зймний; қысы
qısında	қысында	или қысы - бойы а) зи
-QISI	-ҚЫСЫ	а) зимой и лётом; б) круг
qısadı	қысады	воротнйк давит - шёю;
qısqa	қысқа	1) в разн. знач. корот
qısqaon	қысқаон	неумён; сөздин қысқасы
qısqala-	қысқала-	укорачивать, сокра
qısqalan-	қысқалан-	страд, от қысқала
qısqalandır-	қысқаландыр-	понуд. от кыс
qısqalat-	қысқалат-	понуд. от қысқалазаставить - укоротйть, сократйть
kısqalaw	кысқалаў	1) и. д. от кысқалаукорачивание, сокращение чего
qısqalıq	қысқалық	1) короткость, не
qısqalıǵı	қысқалығы	а) отсутствие по
qısqar-	қысқар-	см. қысқала
qısqasha	қысқаша	коротко, кратко
aytqanda	айтқанда	короче - говоря
qısqashala-	қысқашала-	см. қысқала
QISQI	ҚЫСҚЫ	I зимний; қысқы кийим
qısqıla-	қысқыла-	I) поджимать, при
qısqılaw	қысқылаў	и. д. - от қысқыла
QISQISH	ҚЫСҚЫШ	щипцы, клещи; плос
qısla-	қысла-	зимовать, проводить
qıslaq	қыслақ	село
qıslat-	қыслат-	понуд. от қысла- за
qıslatıw	қыслатыў	и. д. - от қыслатзимбвка; жылқы қыслатыўға
qıslaw	қыслаў	I) и. д. от қысла- зи
QISLIQ	ҚЫСЛЫҚ	зимние - припасы, за
qısmet	қысмет	участь, доля
qısnaq	қыснақ	I) ущелье; 2) узкий;
qısnaqlıq	қыснақлық	узкое - место
qıspaq	қыспақ	I) притеснение; 2)
qıspaqla-	қыспақла-	скреплять продоль
qıspaqlaw	қыспақлаў	и. д. от кыспақ
qıspala-	қыспала-	притеснять; прину
qıspalan-	қыспалан-	страд, от қыспалапритесняться; принуждаться
qıspalat-	қыспалат-	понуд. от қыспалазаставить - притеснять; заставить
qıspalaw	қыспалаў	и. д. - от қыспалапритеснёние; принуждение
qısraq	қысрақ	молодые - кобылицы
qıssa	қысса	кысса (сказание о собы
qısta-	қыста-	торопить, понукать
qıstal-	қыстал-	страд, от қыста
qıstan-	қыстан-	возвр. от қыста- то
qıstandır-	қыстандыр-	понуд. от қыстан- торопить
qıstas-	қыстас-	взаимн., от қыстаторопйть, понукать друг друга
qıstastır-	қыстастыр-	понуд. от қыстасзаставить - торопйть, понукать
qıstat-	қыстат-	понуд. от қыста- за
qıstaw	қыстаў	и. д. от қыста- - поторапливание, понукание
qıstawlıq	қыстаўлық	срочность, спеш
qıstır-	қыстыр-	1) понуд. от қыс- за
qıstırma	қыстырма	ерам, аффикс
qıstırıl-	қыстырыл-	страд, от қыстыр
qıstırıw	қыстырыў	и. д. - от қыстыр
qıstırıwlı	қыстырыўлы	1) засунутый за
QISIQ	ҚЫСЫҚ	1) сжатый, сдавленный;
QISIL-	ҚЫСЫЛ-	страд, от қыс- 1) за
qısıldır-	қысылдыр-	понуд. - от қысыл
QISILIS	ҚЫСЫЛЫС	1) сжатость, сдавлен
QISILIS-	ҚЫСЫЛЫС-	взаимн. от қысыл
qısılıspa	қысылыспа	затруднительное - положение; стеснённые обстоя
qısılıw	қысылыў	и. д. - от қысыл
QISIM	ҚЫСЫМ	1) нажйм; давление;
qısımgerlik	қысымгерлик	притеснение
qısımgershilik	қысымгершилик	см. қысымгерлик
qısımla-	қысымла-	брать - пригоршней;
qısımlap	қысымлап	ал- брать пригорш
qısımlat-	қысымлат-	понуд. от қысымла- заставить брать прйгбршней
qısımlattır-	қысымлаттыр-	понуд. от қы
qısımlatıw	қысымлатыў	и. д. от қысымлат
qısımlaw	қысымлаў	и. д. от қысымла
QISIMSHIL	ҚЫСЫМШЫЛ	тот, кто оказы
QISIMSHILIQ	ҚЫСЫМШЫЛЫҚ	1) нажйм, дав
QISIN-	ҚЫСЫН-	возвр. от ҚЫС- сжи
qısındır-	қысындыр-	понуд. - от қысын-;
ÓZINIQ	ӨЗИНИҚ	ескертиўи менен қысындыр- смутить кого-л. своим за
qısınıspa	қысыныспа	затруднение, за
qısınıspalı	қысыныспалы	трудный, за
qısınıspalıq	қысыныспалық	трудность, затруднённость, стеснённость
qısınıspasız	қысыныспасыз	без - трудностей
QISICQI	ҚЫСЫЦҚЫ	несколько - сжатый;
QISICQILIQ	ҚЫСЫЦҚЫЛЫҚ	сжатость, стес
qısıqqıra-	қысыққыра-	сильнее - сжимать;
qısır	қысыр	яловая (о кобыле, коро
qısıraq	қысырақ	см. қысрақ
qısıw	қысыў	и. д. от қыс- в - рази
qısıwmet	қысыўмет	гонение, притесне
qısıwmetshil	қысыўметшил	гоийтель, при
QIT	ҚЫТ	1) засуха, недород, не
qıtay	қытай	китаец; / китайский
qıtayı	қытайы	название - дыни
QITSHILIQ	ҚЫТШЫЛЫҚ	1) вся совокуп
QITIQ	ҚЫТЫҚ	щекбтка; қытығым келди мне щекотно; қытық сө
qıtıqla-	қытықла-	щекотать
qıtıqlas-	қытықлас-	взаим. от қытықлащекотать друг друга
qıtıqlat-	қытықлат-	понуд. от қытық
qıtıqlaw	қытықлаў	и. д. от. қытықлащекотание
QITIQSHIL	ҚЫТЫҚШЫЛ	щекотливый
qıtımır	қытымыр	скупой, жадный; қы
qıtımırlan-	қытымырлан-	быть - скупым
qıtımırlanıw	қытымырланыў	и. д. от қы
qıtımırlıq	қытымырлық	скупость, жад
qıtır-qıtır	қытыр-қытыр	звукоподража
qıtırla-	қытырла-	хрустеть
qıtırlaq	қытырлақ	1) высохший; 2) хру
qıtırlat-	қытырлат-	понуд. от қытырла- вызвать - хруст; қытырлатып
qıtırlaw	қытырлаў	и. д. от қытырлахруст
qıtırlı	қытырлы	хруст; / хрустящий
qısha-	қыша-	I случиться некста
QISHQIL	ҚЫШҚЫЛ	кисловатый; горько
QISHQILTIM	ҚЫШҚЫЛТЫМ	см. ҚЫШҚЫЛ
qıshqır-	қышқыр-	1) вопить, кричать;
qıshqırt-	қышқырт-	понуд. - от қышқыр- - 1) заставить кричать, заставить
qıshqırıq	қышқырық	1) крик, вопль;
qıshqırıw	қышқырыў	и. д. от қышқыр
qıshlaw	қышлаў	см. қыслаў
qıshı-	қышы-	чесаться, зудеть; ме
qıshıma	қышыма	чесотка
QISHIN-	ҚЫШЫН-	воэор. от қышы- че
qıshırla-	қышырла-	хрустеть; скрипеть;
qıshırlat-	қышырлат-	понуд. от қы
qıshırlaw	қышырлаў	и. д. - от қышырлахруст, скрип
qıshıw	қышыў	и. д. от қышы- - зуд
QIYA	ҚЫЯ	I 1) дальний, далёкий; қыя
qıyası	қыясы	косогор; 2) наискось;
qıyaban	қыябан	аллея
QIYAQ	ҚЫЯҚ	1) листья камыша; 2) на
qıyaqqulaq	қыяққулақ	остроухий (окопе)
qıyala-	қыяла-	I) двигаться по склону
qıyalat-	қыялат-	понуд. от қыяла- за
dıyalaw	дыялаў	и. д. от қыяла- дви
qıyallan-	қыяллан-	I) мечтать; размеч
qıyallandır-	қыялландыр-	понуд. - от қыяллан- - 1) вызвать мечты; заставить
qıyallanıw	қыялланыў	и. д. - от қыяллан
QIYALLI	ҚЫЯЛЛЫ	1)мечтательиый; 2) за
QIYALSHIL	ҚЫЯЛШЫЛ	мечтатель, фантазёр
qıyamay	қыямай	наискось; / кривой
qıyamaylat-	қыямайлат-	понуд. - от қыямайла- - 1) заставить идти по
qıyamaylaw	қыямайлаў	и. д. - от қыямайла
qıyamet	қыямет	1) рел. воскресение из
qıyanat	қыянат	1) измена, предатель
qıyanatla-	қыянатла-	клеветать, нагова
qıyanatlaw	қыянатлаў	и. д. от қыянатла- клевета на - кого-что-л.; не
qıyanatsız	қыянатсыз	честный; добросо
qıyanatshı	қыянатшы	1) изменник, преда
qıyanatshıl	қыянатшыл	нечестный; недо
qıyanatshılıq	қыянатшылық	1) измена, пре
qıyan-keski	қыян-кески	1) неразбериха
qıyar	қыяр	огурец; жан қыяр достым мой самый блйзкий друг
qıyasına	қыясына	наискось; қыясына
laboratoriyalıq	лабораториялық	лаборатор - ный; лабораториялық анализ ла
lazımlıq	лазымлық	необходимость
laqap	лақап	1) прозвище, прозвание
laqaplı	лақаплы	1) имеющий прозви
laqqı	лаққы	шутник; остряк, остро
laqqıshılıq	лаққышылық	остроумие
laqsanda	лақсанда	см. лақсенде
laqsende	лақсенде	старые - вещи, старьё
laqıldat-	лақылдат-	понуд. от лақылда
laqıldaw	лақылдаў	и. д. от лақылдабульканье. - лал I рубйн; / рубиновый
lalawlaw	лалаўлаў	и. д. от лалаулагрбмкий - говор
lapıldaǵan	лапылдаған	жалын ярко горя
latınlastırıw	латынластырыў	и. д. от ла
laureatlıq	лауреатлық	лауреатство
lawla-	лаўла-	I) сильно гореть, пы
lawlamay	лаўламай	крикливый; / кри
lawlat-	лаўлат-	понуд. от - лаўла- I)
lawlaw	лаўлаў	и. д. от лаўла
lezzetleniw	лэззетлениў	и. д. ош лэззетлен
lemlestiriw	лэмлестириў	и. д. от лэмлес
lemlew	лэмлеў	и. д. от лэмле- увлаж - нение, намачивание
lemserleniw	лэмсерлениў	и. д. от лэмсер
láshker	ләшкер	уст. войско
legallıq	легаллық	легальность
legendalıq	легендалық	легендарность; /
leksikografiyalıq	лексикографиялық	лексикографйческий
lektorlıq	лекторлық	лекторство; / лек
liberallıq	либераллық	полит, либера
likvidatorlıq	ликвидаторлық	полит, ликви
lirikalıq	лирикалық	лирический
ılaqtır-	ылақтыр-	разбрасывать листов
litografiyalıq	литографиялық	полигр. лито - графический, литографский
logikalıq	логикалық	логйческий
LOǴI-	ЛОҒЫ-	см. ликилде
LOQQI	ЛОҚҚЫ	рысйстый
LOQSI-	ЛОҚСЫ-	1) бежать струёй (о
LOQSIT-	ЛОҚСЫТ-	понуд. от лоқсы
loqsıw	лоқсыў	и. д. от лоқсы
loqılda-	лоқылда-	клокотать, бурлйть
loqıldaw	лоқылдаў	и. д. от - лоқылдаклокотание, бурление (кипящей
loq	лоқ	440 мағ
loqıldı	лоқылды	клокочущий, бурля
LOLILIQ	ЛОЛЫЛЫҚ	цыганский
lotereyalıq	лотереялық	лотерейный; лотереялық билет лотерейный би
adamǵa	адамға	лықтолды клуб был пере
LIQLIQ	ЛЫҚЛЫҚ	икота; оған лықлық
lıqlıqla-	лықлықла-	икать
lıqlıqlaw	лықлықлаў	и. д. от лықлықлаикбта. - лықылда- - 1) быть полным, на
bazarǵa	базарға	халық лықылдап толды
magnitlew	магнитлеў	и. д. от магнитлеиамагнйчивание
maǵana	мағана	см. мэни. - мағлуўмат - 1) сведения, сводка;
maǵluwmatlı	мағлуўматлы	1) образованный;
jaqtan	жақтан	мағлуўматлы адам поли
maǵluwmatsızlıq	мағлуўматсызлық	1) необразо
maǵız	мағыз	настой; чайдын қойыў
maǵızı	мағызы	настой чая
meiiq	меииқ	мазамды алдыц ты мне не
mazaq	мазақ	1) шутка; 2) издёвка;
mazaqla-	мазақла-	1) шутить; 2) изде
mazaqlan-	мазақлан-	страд, от мазақлабыть осмеянным, быть высмеян
mazaqlaw	мазақлаў	и. д. от - мазақла- - 1) подшучивание; 2) издеватель
mazaqlawshı	мазақлаўшы	шутник; насмеш
mazarlıq	мазарлық	кладбище
mayda-shúyde	майда-шүйде	жумыслар кбе-какйе мелкие - работы; майда пешше или майда шыбын мошки
maydalıq	майдалық	мелочность
maydanlıq	майданлық	открытое - место
maydashılıq	майдашылық	мелочность; педантйзм
maylaytuǵın	майлайтуғын	май - смазка, мазь
maylatqız-	майлатқыз-	понуд. о т майлат
maylatıw	майлатыў	и. д. от майлат
maylıq	майлық	салфетка или полотен
maymaq	маймақ	косолапый, кривоно
maymaqlıq	маймақлық	косо.папость; не
maymaqla-	маймақла-	ходйть - косолапо
maymaclaw	маймацлаў	и. д. от - маймацла
mayramlaw	майрамлаў	и. д. от майрамлапразднование
mayshopaq	майшопақ	название сорта ды
mayıplaw	майыплаў	и. д. от майыпла
mayıplıq	майыплық	инвалйдность
mayırıq	майырық	искалеченный, изу
mayırıw	майырыў	и. д. от майыр
mayısqaq	майысқақ	см. майысқыш
mayısqısh	майысқыш	гйбкмй; тал шыбықтай майысқыш гйбкий как
mayıstırıw	майыстырыў	и. д. от майыс
mayısıw	майысыў	и. д. от майыссгибание
maqal	мақал	пословица; поговорка;
maqala	мақала	статья; бас мақала
maqaw	мақаў	1) проказа; / прокажён
maqluq	мақлуқ	1) живое существо;
maqluqat	мақлуқат	собир. всё - живое
maqpal	мақпал	бархат, плюш; / бар
maqpalday	мақпалдай	бархатйстый
maqset	мақсет	цель, намерение, ж е
maqseti	мақсети	целевая установка до - клада; мақсетке муўафық целе
maqsetle-	мақсетле-	иметь - цель, наме
maqsetles	мақсетлес	имеющие едйную - цель, намерение, желание с кем
maqsetles-	мақсетлес-	взаимн. от мақ
maqsetleslik	мақсетлеслик	общность - цели
maqsetli	мақсетли	имеющий - цель, це
maqsetsiz	мақсетсиз	не имеющий - цели
maqsım	мақсым	уст. сын ишана
maqta-	мақта-	хвалить; асырып мақ
maqtaǵansı-	мақтағансы-	делать - вид, что
maqtal-	мақтал-	страд, от мақтавосхваляться; быть хвалёным
maqtan-	мақтан-	возвр. от - мақта- - 1) гордиться; ез мийнети менен
maqtanǵansı-	мақтанғансы-	слегка - хвалйться, похваляться
maqtanǵısh	мақтанғыш	см. мақтаншақ
maqtanǵıshlıq	мақтанғышлық	см. мақтаншақлық
maqtandır-	мақтандыр-	понуд. от мақ- - тан- - 1) вызывать чувство гор
maqtant-	мақтант-	см. мақтандыр
maqtanshaq	мақтаншақ	хвастун
maqtanshaqlıq	мақтаншақлық	хвастлйвость
maqtanıs-	мақтаныс-	взаимн. от - мақтанхвастаться, хвалйться, похвалять
maqtanıw	мақтаныў	и. д. от - мақтанхвастовство, похвальба
maqtanısh	мақтаныш	гордость; бизиц
maqtanıshlı	мақтанышлы	достойный гор
maqtanıshlıq	мақтанышлық	см. мақтаныш
maqtarlıq	мақтарлық	похвальный, до
maqtas-	мақтас-	взаимн. от мақтахвалйть друг друга
maqtat-	мақтат-	понуд. от мақта- за
maqtatıw	мақтатыў	и. д. от мақтат
maqtaw	мақтаў	и. д. от мақта- вос - хваление; мақтаў қағаз похваль
maqtawlı	мақтаўлы	похвальный, хва
maqtawsız	мақтаўсыз	непохвальный
maqulla-	мақулла-	одобрять
maqullan-	мақуллан-	возвр. от мақулла
maqullanıl-	мақулланыл-	страд, от ма
qulla-	қулла-	быть - одобренным; одо
maqullas-	мақуллас-	взаимн. от мақуллаприходйть ко взаймному согла - шению, взаймно одобрять что-л
maqullasıw	мақулласыў	и. д. от мақулласвзаймпое одобрение чего-л
maqullat-	мақуллат-	понуд. от мақуллазаставить - одобрить
maqullatıw	мақуллатыў	и. д. онг мақуллат
maqullaw	мақуллаў	и. д. от мақуллаодобрёние
maqullıq	мақуллық	одобрение, согла
sıyaǵa	сыяға	малып ал- опускать перо
malaylıq	малайлық	батрачество, поло
malayshılıq	малайшылық	см. малайлық
malaqay	малақай	малахай, меховая
malaqayshı	малақайшы	шапочник, ма
malsızlıq	малсызлық	1) отсутствие ско
malshılıq	малшылық	скотоводство
mamıq	мамық	пух; / пуховый; қустык
mamıǵı	мамығы	птичий - пух; мамық нер
manataIQ	манатаЫҚ	рублёвый; уш ма
natlıq	натлық	билет трёхрублёвый би
manawsıraw	манаўсыраў	и. д. от манаўсы- - ра- - 1) сонливость; 2) притвор
mantıǵıw	мантығыў	и. д. от мантық-. - мантық- - 1) погрузиться, оку
mantıqtır-	мантықтыр-	понуд. от - ман
TIQ-	ТЫҚ-	1) заставить погрузиться
mantıqtırıw	мантықтырыў	и. д. от мантық
manufakturalıq	мануфактуралық	мануфактур
macbaslanıw	мацбасланыў	и. д. от ман
macqalıq	мацқалық	гнусавость
macqaska	мацқаска	с лысиной на - лбу
manqıy-	манқый-	быть - смйрным, тйхим;
macqıyıp	мацқыйып	отыр- сидеть - тйхо
manqıyıw	манқыйыў	и. д, от манный
manqıldaq	манқылдақ	гнусавый, гундо
manrayıw	манрайыў	и. д. от манрай
SÓZININ	СӨЗИНИН	манызы жоқ в его
manıratıw	маныратыў	и. д. от манырат
manıraw	маныраў	и. д. от маныра- блея
marqa	марқа	I полугодовалый ягнё
marshallıq	маршаллық	маршальский
masaq	масақ	колос; атызда қалған
masaqtı	масақты	тер- собирать - колосья
masaqla-	масақла-	собирать - колосья;
masaqlaw	масақлаў	и. д. от масақласобирание колосьев
masaqlı	масақлы	с - колосьями; имею
masaqshı	масақшы	сббрщик - колосьев
masqara	масқара	1) насмешка; оскорб
masqarala-	масқарала-	позорить, срамйть
masqaralan-	масқаралан-	страд, от маска
masqaralanıw	масқараланыў	и. д. от мас
masqaralat-	масқаралат-	понуд. от мас
masqaralaw	масқаралаў	и. д. от масқара
masqarapaz	масқарапаз	паяц; шут; комик
masqarashılıq	масқарашылық	посрамление;
maslıq	маслық	бревно, к которому
massalıq	массалық	жумыс полйтико-массовая работа
mataw	матаў	1) и. д. от мата- при
matawda	матаўда	руки и ноги у него свя
alektikalıq	алектикалық	материализм диалектйческий - материалйзм; та
materiallıq	материаллық	материальность;
matricalaw	матрицалаў	и. д. от матрицала
mawasa	маўаса	примирение, мир; ма
wasa	ўаса	болмайтуғын - непримирймый; маўаса болмайтуғын гүрес
mawasashılıq	маўасашылық	1) примиренче
mawjıraw	маўжыраў	и. д, от маужыра
mawqı	маўқы	(употребляется только
mawıǵıw	маўығыў	и. д. от маўық
mawıq-	маўық-	страстно - хотеть, ж е
mawıqtır-	маўықтыр-	понуд. от маўық
mawıt	маўыт	сукно; / суконный; ат
mashaqat	машақат	1) трудности, затруд
shaqat	шақат	шек- утруждать - себя
mashaqatlar	машақатлар	день наполнен забо - тами; хожалықтық машақаты
mashaqatlan-	машақатлан-	затруднять - себя
mashaqatlandır-	машақатландыр-	понуд. от ма
mashaqatlı	машақатлы	трудный; мучйтельный
mashaqatsız	машақатсыз	нетрудный, незатруднйтельный
tigiw	тигиў	машинасы швейная ма - шйна; аяқ машина ножная ма
mashinalastırıw	машиналастырыў	и. д. от ма
shıǵa	шыға	тигиўге кийим бер- отдать
mashqalalan-	машқалалан-	хлопотать, забо
mashqalalandır-	машқалаландыр-	понуд. от
mashqalalı	машқалалы	хлопотливый
mashqalasız	машқаласыз	не требующий - хлопот, забот
mashqul	машқул	1) занятие; / занятый;
mashqullanıw	машқулланыў	и. д. от - маш
qullan-	қуллан-	1) занятие; 2) ув.печёние
mashqı	машқы	1) навык, упражнение;
MÁ	МӘ	на!, возьмй!; мэ, кита
MÁ-Á-Á	МӘ-Ә-Ә	звукоподраж ание б л ея
deiiy-kónshilik	деиий-көншилик	жумыслары
niy-aǵartıw	ний-ағартыў	йен - культурно
medeniyatlastırıw	мэдениятластырыў	и. д. от
medeniyatlasıw	мэдениятласыў	и. д. от мэде
medeniyatlılıq	мэдениятлылық	культурность;
medeniyatsızlıq	мэдениятсызлық	некультур - ность, бескультурье; нецивилизбванность
májbúr	мәжбүр	вынужденный; при
mejbúr	мэжбүр	ет- - вынудить; принудить;
mejbúrle-	мэжбүрле-	вынуждать, прину
búrle-	бүрле-	быть - вынужденным; быть
mejbúrlew	мэжбүрлеў	и. д. от мэжбүрле- - вынуждёние, давление; понужмәж — 451 -- мәл
lew	леў	илажлары меры принужде
mekenlaw	мэкэнлаў	и. д. от мэкэнла
mekkarlıq	мэккарлық	хитрость; плутов
mekruw	мэкруў	рел. - то, что не одоб
mekruwlik	мэкруўлик	то, что запрещено
meqsher	мэқшер	рел. место сборища
kewline	кеўлине	мэлел алма ты не оби - жайся; мэлел бер- обидеть
málellesiw	мәлеллесиў	и. д. от мәлеллес
málellestiriw	мәлеллестириў	и. д. от мэ
málimlew	мәлимлеў	и. д. от мэлимлеизвещёние, оповещение
málqem	мәлқэм	1) пластырь; мэлҳэм
SÓZINDI	СӨЗИНДИ	бизге мэнилеме не под
MENPÁET	МЭНПӘЭТ	благо, польза, вы
mácgilik	мәцгилик	вечность; / вечный;
máqgilikke	мәқгиликке	навечно; м әдги
MÁPKÓY	МӘПКӨЙ	заинтересованны й; ис
MÁPKÓYDIC	МӘПКӨЙДИЦ	пайдасы на ш еш илди
MEPKÓYLIK	МЭПКӨЙЛИК	з а и н т е р е с о в а н н о с т ь
máplendiriw	мәплендириў	и. д. от м эп
MÁPLILIK	МӘПЛИЛИК	п о л е з н о с т ь
kórsst-	көрсст-	проявить - мужество;
MÁSI	МӘСИ	ичиги (.женские и муж
mewij	мэўиж	1) волна; 2) половодье;
máwlet	мәўлет	срок; қ ы сқа мәўлет
mewletli	мэўлетли	обусловленный сро - ком; у за қ мэўлетли долгосроч
máwletsiz	мәўлетсиз	бессрочный; мәўлет
máwsim	мәўсим	время года, сезон, по
máwsimge	мәўсимге	саты п ал- покупать
mewsimli	мэўсимли	сезонный; мәўсимли
máqrem	мәқрем	ист . 1) слуга, при
MÁSH	МӘШ	бот . маш {вид бобовых
medetkóy	медеткөй	см. медеткер
medicinalıq	медициналық	медицйнский;
meqgeriw	меқгериў	и. д. от мецгер- - управлёние; руководство
meqrew	меқреў	болдыц - ба? ты обалдел
mecrew	мецреў	дала безлюдное - поле
mecrewlik	мецреўлик	болезненная рассе - янность, невнимательность
menrewsh	менреўш	илик см. - мецреулик
mertiliw	мертилиў	и. д. от мертил
merwert	мерўерт	жемчуг; жемчужина; /
merwerttey	мерўерттей	подобный - жемчугу
oqıtıwdıc	оқытыўдыц	методикасы методи
metodikalıq	методикалық	методический;
metrikalıq	метрикалық	метрйческий; метрикалық гүўалық метрйческое
mexanizatorlıq	механизаторлық	механизатор
kúshleri	күшлери	сйлы механйзма
mexanikalastırıw	механикаластырыў	и. д. от
meshew	мешеў	1) пристяжная (ло
meshewle-	мешеўле-	брать на буксйр
meshewlen-	мешеўлен-	страд, от мешеўлебыть взятым на буксйр
meshewlew	мешеўлеў	и. д. от мешеўле-. - мешин - 1) обезьяна; мешинжылы
QILDIC	ҚЫЛДЫЦ	ты мне голову - заморочил:
shaqqan	шаққан	қайтады, мий шаққан
qaytpaydı	қайтпайды	порл. укус змей - излечйм, а укус фаланги неизлечим
túsinbeysen	түсинбейсен	не понимаешь намё - ков; 2) догадка
qandı	қанды	я - удовлетворён, я дово
MINÁSIP	МИНӘСИП	соответствующий;
mingestiriw	мингестириў	и. д. от мингес
minnetdarlıq	миннетдарлық	обязанность
minutalıq	минуталық	см. минутлық
minutlıq	минутлық	минутный; сааттын минутлық стрелкасы ми
mitáwelle	митәўелле	ист. попечитель имун;ества религиозного учреждения
sóylewdi	сөйлеўди	03 басына миясар қөр
moymıldaw	моймылдаў	и. д. о/;г моймылда
qaytıwǵa	қайтыўға	мойыл болды у него
MOYILSHILIQ	МОЙЫЛШЫЛЫҚ	см. - мойыл II
moyındırıq	мойындырық	ярмо
moyındırıqla-	мойындырықла-	надевать яр
yındırıqla-	йындырықла-	надевание ярма
moyınlaw	мойынлаў	и. д. от мойынла- - осознание, признание (напр
moiıntawlıq	моиынтаўлық	упрямство
molaytıw	молайтыў	и. д. от. молайтколйчественное увеличение - чего
mollalıq	моллалық	занятие или поло
MOLLIQ	МОЛЛЫҚ	см. МОЛШЫЛЫҚ. - мол-молақай - 1) обильный; бизде
MOLSHILIQ	МОЛШЫЛЫҚ	обилие, нзобйлие;
molıǵıw	молығыў	и. д. от молық-полу
MOLIQ-	МОЛЫҚ-	получать что-л
ǵállege	ғәллеге	молығып қалармыз мы
molıqtır-	молықтыр-	понуд. от молық
molıqtırıw	молықтырыў	и. д. от молық
mompıraq	момпырақ	1) увечье; 2) калека
MOMINLIQ	МОМЫНЛЫҚ	1) спокойствие
momınsıraw	момынсыраў	и. д. момынсыра
monaxlıq	монахлық	монашество
monografiyalıq	монографиялық	монографиче
MONOPOLIYALIQ	МОНОПОЛИЯЛЫҚ	монополистйче
MONTIQ	МОНТЫҚ	куцы й
monshaq	моншақ	бусы; қэйкел моншақ
monshaqla-	моншақла-	нанизывать - бусы;
monshaqlat-	моншақлат-	понуд. от моншақла- заставить нанизать бу
monshaqlaw	моншақлаў	и. д. от моншақлананйзывание бус. - моншашы - 1) банщик; 2) уст
moral'sızlanıw	моральсызланыў	и. д. от мо
moral'sızlıq	моральсызлық	аморальность
satıwshı	сатыўшы	ҳаял - мороженщица
mortlıq	мортлық	хрупкость
morfoloǵiyalıq	морфолоғиялық	морфологйче
moskvalıq	москвалық	московский
móldirew	мөлдиреў	и. д. от молдире
moleriw	молериў	и. д. от молер
aǵıp	ағып	кетти из глаз - его, сверкая
móltildet-	мөлтилдет-	понуд. - опг мөлтилде- - 1) довести до блеска, вызвать
móltildetiw	мөлтилдетиў	и. д. - от мөлтилдет- - 1) доведение до блеска;
móltildew	мөлтилдеў	и. д. - от мөлтилде- - 1) поблёскиваиие; 2) наполне
mólsherle-	мөлшерле-	установить пример
mólsherles	мөлшерлес	соразмерный, со
mólsherlet-	мөлшерлет-	понуд. от мелшерле- заставить примерно уста
mólsherlew	мөлшерлеў	и. д. от молшерлеустановлёние - мёры, объёма, ко
mónteqle-	мөнтеқле-	дёйствовать втихо - молку, исподтишка
mónteqlew	мөнтеқлеў	и. д. от ментедле
móqke	мөқке	небольшой - сазан
módre-	мөдре-	мычать (о корове)
módrew	мөдреў	и. д. от медре- мыча - ние (коровы)
medrewik	медреўик	корова или - бык, ко
mereletiw	мерелетиў	и. д. от - мерелетлакирбвка (ткани или одежды)
mórelew	мөрелеў	и. д. от мереле- лаки - ровка (ткани или одежды)
muǵallaq	муғаллақ	внезапная, скоропо
muǵallim	муғаллим	учитель, преподава
muǵallimlik	муғаллимлик	1) дёятельность
muǵallimshilik	муғаллимшилик	учительство
muǵdar	муғдар	1) количество, размёр;
turaqsız	турақсыз	муғдар переменная ве - личина; турақлы муғдар по
muǵdarla-	муғдарла-	примёрио опреде
muǵdarlan-	муғдарлан-	страд, от муғдарла- примерно определяться (о
muǵdarlı	муғдарлы	соразмерный
muǵdarsız	муғдарсыз	несоразмёрный. - муд — 466 мун
muzǵala-	музғала-	покрываться - льдом;
muzlaq	музлақ	место, покрытое льдом
júregimdi	жүрегимди	музлатты он меня ра
muzıkalıq	музыкалық	музыкальный; музықалық эсбаплар музыкальные
muzıkalılıq	музыкалылық	музыкальность
muqaba	муқаба	переплёт
muqabala-	муқабала-	переплетать; китапты муқабала-переплетать кнйгу
muqabalaw	муқабалаў	и. д. от - муқабалапереплетёние {книги)
muqam	муқам	мелодйчиость; / мелодйчный; / мелодйчно; муқам
muqamlı	муқамлы	мелодйчный. - муқат- - 1) сломйть сопротив
muqatıw	муқатыў	и. д. от муқат
muqıyat	муқыят	опрятный, аккурат
QIYAT	ҚЫЯТ	исле- делать что-л. ак
muqıyatla-	муқыятла-	делать что-л. ак
muqıyatlan-	муқыятлан-	страд, от муқыятла- быть аккуратным, опрят
muqıyatlaw	муқыятлаў	и. д. от муқыятла-. - муқыятлы: өз исине муқыятлы
muqıyatlıq	муқыятлық	опрятность, ак
mulayımlıq	мулайымлық	нежность, кро
mumlaw	мумлаў	и. д. от - мумла- - 1)
bolatuǵının	болатуғынын	биз билмедик мы
munshalıq	муншалық	настолько
muqay-	муқай-	тосковать, печалиться
muqaytıw	муқайтыў	и. д. от муцайт
munayıqqı	мунайыққы	слегка опечален - ный, грустный [напр. о виде)
munayıw	мунайыў	и. д. от мунай
mun-zarlıq	мун-зарлық	см. мун-зар
muclanıw	муцланыў	и . д. от муцлан
SIQ	СЫҚ	грустная песня
munlıq	мунлық	грусть, печаль; горе
tıǵıp	тығып	қала бердик мы были в
murıklıq	мурыклық	маленькая - палочка
murınlıqla-	мурынлықла-	1) продевать па
murınlıqlat-	мурынлықлат-	понуд. от - мурынлықла- - 1) заставить проде
mutqa	мутқа	см. - мут; мутқа оқытыў
mutshılıq	мутшылық	дешевизна; дешёв
muwafıq	муўафық	соответствие, сооб
muwafıqla-	муўафықла-	уподоблять, при
muwafıqlas-	муўафықлас-	взаимн. от муўа
fıqla-	фықла-	помогать приводйть в
muwafıqlastır-	муўафықластыр-	понуд. от
muwafıqlat-	муўафықлат-	понуд. от муўа
muwafıqlaw	муўафықлаў	и. д. от муўа
mushlacqıra-	мушлацқыра-	многокр. от
mushlasıw	мушласыў	и. д. от мушлас
mushlaw	мушлаў	и. д. от мушла
awırlamas	аўырламас	поел, своя ноша не
múyizlew	мүйизлеў	и. д. - от мүйизле- - 1)
múyizli	мүйизли	имеющий - рога, рога
múyizsiz	мүйизсиз	безрогий, не имею
múlgi-	мүлги-	дремать, подрёмывать;
múlgiu	мүлгиу	и. д. от мүлги- дрё - ма
múlk	мүлк	1) имущество; 2) достоя
múlkdar	мүлкдар	1) владеющий иму
múlklen-	мүлклен-	обзаводиться иму
múlkleniw	мүлклениў	и. д. от мүлкленобзаве.дёние - имуществом
múlkli	мүлкли	см. мүлкдар
múlksiz	мүлксиз	неимущий
múmkin	мүмкин	возможный, допустй
múmkinlik	мүмкинлик	см. мүмкиншилик
múmkinsnzlik	мүмкинснзлик	невозможность
múmkinshilik	мүмкиншилик	возможность
múnejet	мүнэжэт	рел. - взывание (к бо
múnesibet	мүнэсибет	1) связь, отношение;
munewar	мунэўар	освещённый, озарён
múnkiw	мүнкиў	и. д. от муцки- изда
músepirleniw	мүсэпирлениў	и. д. от мусэ
musepirsiw	мусэпирсиў	и. д. от мусэ
músteqkem	мүстэқкем	прочный, крепкий
músteqkemle-	мүстэқкемле-	крепить, укреп
mústáqkemlen-	мүстәқкемлен-	страд, от мү
mútej	мүтэж	нуждающийся; мен
aqılǵa	ақылға	мүтэжбан я нуждаюсь
mútájlen-	мүтәжлен-	нуждаться, ощу
mútejleniw	мүтэжлениў	и. д. - от мүтәж
mútájlik	мүтәжлик	нужда, необходи
mútájsiz	мүтәжсиз	ненуждающийся
mútájsizlik	мүтәжсизлик	отсутствие нуж
múxerrám	мүхэррәм	уст. название первого
múshe	мүше	1) части тела; 2) в разн
múshele-	мүшеле-	делить тушу на - части
músheles-	мүшелес-	взаимн. от мүшелепомогать делить тушу на части
múshelestir-	мүшелестир-	понуд. от мү
múshelet-	мүшелет-	понуд. от мүшеле
múshelew	мүшелеў	и. д. от мүшеледелёние туши на - части
músheli	мүшели	1) двенадцатилётний
múshkil	мүшкил	трудный, затрудни
múshkillik	мүшкиллик	трудность, затруднёние
múshrip	мүшрип	1) ист. мушрйф
múshtik	мүштик	мундштук; трубка (для
MIJIQ	МЫЖЫҚ	назойливый, надоед
mıjıqlan-	мыжықлан-	быть - назойливым
MIJIQLIQ	МЫЖЫҚЛЫҚ	назойливость, надоёдливость
qagazdı	қагазды	мыжымырла- скомкать
mıjırayıw	мыжырайыў	и. д. от мыжырайискривлёние
mıjırıq	мыжырық	стоптанный (об
mıjırıqla-	мыжырықла-	см. мыжымырла
MIYIQ	МЫЙЫҚ	I: мыйыгынан күлди
mıyıqla-	мыйықла-	забивать - гвоздь
mıyıqlaw	мыйықлаў	и. д. от мыйық
mıqla-	мықла-	делать - что~л. крепко
mıqlap	мықлап	крепко, прочно, ос
MIQLI	МЫҚЛЫ	крепкий, прочный
mıqlılan-	мықлылан-	сделаться креп - ким, прочным
MIQLILIQ	МЫҚЛЫЛЫҚ	к р е п о с т ь , п р о ч
MIQLISIN-	МЫҚЛЫСЫН-	считать себя силь - ным, крепким
MIQSHIY-	МЫҚШЫЙ-	1) сутулиться;
mıqshıyıw	мықшыйыў	и. д. от мықшый
mıqshıqla-	мықшықла-	тужиться, делать
mıqshıqlat-	мықшықлат-	понуд. от. мық
shıqla-	шықла-	вызвать попытку совер
MIQI	МЫҚЫ	1) низкорослый, ма
MIQIY-	МЫҚЫЙ-	1) ёжиться; 2) дер
MIQIYT-	МЫҚЫЙТ-	понуд. от мықый
mıqıyıw	мықыйыў	и. д. от. - мықый
mıqıray-	мықырай-	иметь вид малень
mıqırayǵan	мықырайған	маленький кре
QICDI	ҚЫЦДЫ	қысқарт! нс болтай! пре
mıljıqla-	мылжықла-	болтать, тарато
mıljıqlas-	мылжықлас-	взаимн. от мыл
mıljıqlat-	мылжықлат-	понуд. от мыл
MILJIQLIQ	МЫЛЖЫҚЛЫҚ	1) ворчлйвость; 2)
tıqatıldı	тықатылды	раздался ружейный - выстрел; мылтық устасы ру
oqla-	оқла-	заряжать ружьё
mıltıqlas-	мылтықлас-	перестреливаться
MILTIQLI	МЫЛТЫҚЛЫ	имеющий - ружьё
MILTIQSHI	МЫЛТЫҚШЫ	1) ружёйный охот
jaqta	жақта	вот - здесь
mınayımlıq	мынайымлық	нежность, ла
mınayımshılıq	мынайымшылық	см. мыкаЙЫМЛЫҚ
mınaw	мынаў	вот - этот, вот это
birewdin	биреўдин	атын бил - поел, чем
mınǵırla-	мынғырла-	1) гнусавить, гун
mınǵırlas-	мынғырлас-	взаимн. от - мын
MINQIL	МЫНҚЫЛ	ем. гүнкил. - мынқылда- - 1) бормотать, вор
mınqıldaq	мынқылдақ	невнятно бормо - чущий; ворчливый
mıqqıldas-	мыққылдас-	взаимн. от - мыц
mınqıldat-	мынқылдат-	понуд. от мын
mıcqıldaw	мыцқылдаў	и. д. от - мынқылда- - 1) бормотание, ворчание; 2)
MICQILDI	МЫЦҚЫЛДЫ	перебранка; мыд
QILDINDI	ҚЫЛДЫНДЫ	тоқтат- прекратить - перебранку
mırjıyıw	мыржыйыў	и. д. от мыржый-.. - мыржық I) морщйнистый; 2);
mırjıqlan-	мыржықлан-	1) покрыватьсяг
mırjıqlanıw	мыржықланыў	и. д. от мыржықлан-. - мырза - 1) господин, барин;
mırzalıq	мырзалық	1) барство; 2) щед
mırzasımaq	мырзасымақ	барин
mırrıq	мыррық	1) низкорослый; 2)
mırtıq	мыртық	плюгавый
mırıldaw	мырылдаў	и. д. от мырылдамурлыканье
mısqalla-	мысқалла-	уст. взвешивать зо
mısqallaw	мысқаллаў	и. д. от мысқалла
MISQIL	МЫСҚЫЛ	ирония; колкость; на
mısqıllaw	мысқыллаў	и. д. от мысқылла
mıyaw	мыяў	звукоподражание м яу
mıyawla-	мыяўла-	мяукать
mıyawlaw	мыяўлаў	и. д. от мыяўла- мяу
mıyaw-mıyaw	мыяў-мыяў	звукоподражание
nabaplıq	набаплық	1) неухоженность
waqıtsız	ўақытсыз	набыт болды он без
nabıtlıq	набытлық	см. - набыт; набытлыққа ушырады он погиб
naǵıslı	нағыслы	орнаментированный;
naǵıssız	нағыссыз	не украшенный орна - ментом, без орнамента; без узо
nadanlıq	наданлық	невежество; отста
nadanshılıq	наданшылық	см. наданлық
nadurıslıq	надурыслық	неправильность
nadurıslılıq	надурыслылық	см. надурысЛЫҚ
nazlanǵısh	назланғыш	склонный к жеман - ству, к кокетству
nazlıq	назлық	см. наз
nazlılıq	назлылық	см. наз
nazırqan-	назырқан-	не удовлетворяться
nailajlıq	наилажлық	безвыходность
nainsaplıq	наинсаплық	нечестность, бес
nayzaǵay	найзағай	молния
nakan-sayaq	накан-саяқ	см. - некен-саяқ»
naq	нақ	I см. нақлай
aynımaǵan	айнымаған	точь-в-точь похож на - него, весь в него (о ребёнке);
naqlay	нақлай	наличность; / налйчный; нақлай ақша наличные
naqlat-	нақлат-	понуд. от нақла- за
naqolay	нақолай	неудобный, неподхо
naqolaylan-	нақолайлан-	в разн. знач. де
naqolaylıq	нақолайлық	неудобство; на
qolaylıq	қолайлық	тууды создалось не
naqpa-naq	нақпа-нақ	II см. нақ II
iaqpa-naqlıq	иақпа-нақлық	I наличность
naqpa-naqlıq	нақпа-нақлық	П - точность
naqra	нақра	барабан; нақра қақ- бить
ǵıldı	ғылды	музыка заиграла
naqıl	нақыл	пословица, изречение;
SÓZDIN	СӨЗДИН	қөрки нақыл - погов, кра
nalırlıq	налырлық	то, что приносит
nalıtıw	налытыў	и. д. от - налытстрадание, огорчение
nalıw	налыў	и. д. от налы- страда
namaǵa	намаға	сал- или музыкаға салпереложйть ыа - музыку; кама
namaǵóy	намағөй	импровизатор (со
namaǵóylik	намағөйлик	импровизация (со
OQI-	ОҚЫ-	читать - молйтву, молиться;
namaqul	намақул	неправильный, не
namaqullıq	намақуллық	неправильность
namúynek	намүйнек	приспособление для
retuǵın	ретуғын	оскорбительный; на
namıslılıq	намыслылық	чувство - чёсти
namıssızlıq	намыссызлық	отсутствие чув
SÓZIC	СӨЗИЦ	жок, па? погов. если у тебя
ianǵısız	ианғысыз	невероятный (напр
nanǵısh	нанғыш	довёрчивый
nanǵıshlıq	нанғышлық	довёрчивость
napaqa	напақа	1) припасы; провизия;
narazılanıw	наразыланыў	и. д. от нара
narazılıq	наразылық	недовольство; про
narazıshılıq	наразышылық	см. наразыЛЫҚ. - наркелле - 1) храбрый, муже
narlıq	нарлық	1) мужество, храб
nasazlıq	насазлық	1) неисправность;
nasaq	насақ	оскорбление, насмеш
nasatlıq	насатлық	чванство, кичли
naslıq	наслық	неряшливость; не
natuwrılıq	натуўрылық	1) неправиль
natıq	натық	1) застенчивый; 2) унйженный; подавленный
natıqlan-	натықлан-	1) быть застенчи
natıqlanıw	натықланыў	и. д. от натық
nawqan	наўқан	грена; наўқан қурт
jocıshqanı	жоцышқаны	наўқан қурттай
nawqanshılıq	наўқаншылық	шелководство
nawkas	наўкас	болезнь; / больной
nawqaslan-	наўқаслан-	болеть, хворать;
nawqaslanıp	наўқасланып	қалыпты он забо - лел, он захворал
nawqaslanıw	наўқасланыў	и. д. от наўқаслан- - заболевание
nawqaslı	наўқаслы	болезненный
nawqaslıq	наўқаслық	болезнь, болезнен
nawrız	наўрыз	уст. I) Новый год; 2)
nawrızlıq	наўрызлық	новогодний - обед
nafaqa	нафақа	см. напақа
naqaqlıq	нақақлық	I) невиновность; 2)
nacional-dsmokratlıq	национал-дсмократлық	наци - онал -демократйческий
nacionalizaciyalaw	национализациялаў	национа
nasharlanıw	нашарланыў	и. д. от нашар
nelletiw	нэллетиў	и. д. от - нэллет- - 1)
nellew	нэллеў	и. д. от - нэлле- - 1) под
NÁN	НӘН	разе, громоздкий, гро
NÁPISSIZ	НӘПИССИЗ	бескорыстный
nepsiqaw	нэпсиқаў	жадный, алчный
nepsiqawlan-	нэпсиқаўлан-	быть - жадным
nepsikawlanıw	нэпсикаўланыў	и. д. от нэпси
nepsiqawlıq	нэпсиқаўлық	см. нэпси
nepsiqawshılıq	нэпсиқаўшылық	см. нэпси
nápsixorlıq	нәпсихорлық	см. нәпси
nár	нәр	пйща {в минимальном коли
nerse-qara	нэрсе-қара	собир. разные - вещи
nárwan	нәрўан	1) высокий, рослый;
nárwanlan-	нәрўанлан-	1) быть высоким
aqıl-násiyqat	ақыл-нәсийқат	айт- посовето
qılmaq	қылмақ	нэсийҳат погов. самое
násiyqatla-	нәсийқатла-	1) давать совет
urınıw	урыныў	безрезультатная попыт - ка; <> нэтийжесиз қалдыроставить без последствий
newbetles-	нэўбетлес-	чередоваться, ме
náwbetsiz	нәўбетсиз	внеочередной
newshele	нэўшеле	1) появляться (о по
náwshelew	нәўшелеў	и. д. от нәўшеле- 1)
náwsheli	нәўшели	1) с побегами; 2)
náwshesiz	нәўшесиз	1) не имеющий побе
nashepazlıq	нашепазлық	см. нашебент
ISIQ	ИСИҚ	не? какое тебе дело?; не
QILIP	ҚЫЛЫП	ал- взять за - основу;
iegizlew	иегизлеў	и. д. от негизле- ос - нование, обоснование, мотивйрование
iegizlewshi	иегизлеўши	основывающий
neguraqım	негурақым	см. негурлым
nedáwir	недәўир	заметно, порядочно;
neytral'lıq	нейтральлық	нейтральность
neken-sayaq	некен-саяқ	редкость; / ред
nemquraydı	немқурайды	безразличный
kóz-qaras	көз-қарас	равнодушный - взгляд;
nemquraydılıq	немқурайдылық	безразличие
neshaqlım	нешақлым	насколько, чем; нешақлым ислениўи жақсы бол
ÓTTI	ӨТТИ	п р о ш л о м н о г о л е т
nuqı	нуқы	с сйлой надавливать
nusqalı	нусқалы	подлинный
nuw	нуў	нетронутый; нуў тоғай д е в
nızamlastırıw	нызамластырыў	и. д. от нызамластыр- узаконивание
NIQ	НЫҚ	1) в разн. знач. крёпкий
nıqla-	нықла-	II повторять нёсколько раз, подчёркивать (напр. да
nıqlan-	нықлан-	I возвр. от ныкла- I
nıqlaw	нықлаў	I и. д. от нықла- I
nırq	нырқ	цена, стоимость; нырқы
nırqı	нырқы	менен сат- продать по
nırqsız	нырқсыз	без - стоимости, без
oblast'lıq	областьлық	областной; КПСС
observatoriyalıq	обсерваториялық	обсерватор
ogorodshılıq	огородшылық	огородничество
oǵıw	оғыў	и. д. от огы- - рвота
odagaylıq	одагайлық	неловкость, неуме
ozalǵı	озалғы	исконный; озалғы қа
OZǴIN	ОЗҒЫН	находящийся - впередй;
OZIQ	ОЗЫҚ	он образованный - человек;
ozıw	озыў	и. д. от оз- - обгон
OYǴIZ-	ОЙҒЫЗ-	см. ойдыр
oydaǵı	ойдағы	воображаемый; ойдағыдай как того хотелось бы
oydırıw	ойдырыў	и. д. от - ойдыр
oyqan	ойқан	неразберйха, суматоха
oyqanla-	ойқанла-	разрушать, портить
qanlap	қанлап	кетипти скот потравйл
oyqanlaw	ойқанлаў	и. д. от - ойканларазрушёние, порча чего-л
oyqacla-	ойқацла-	I) резвйться (о жи
oyqaclat-	ойқацлат-	понуд. от - ойқацла
oyqasla-	ойқасла-	см. ойқацла
oylaǵısh	ойлағыш	1) задумчивый; 2)
oylaǵıshlıq	ойлағышлық	1) задумчивость;
oylanarlıq	ойланарлық	то, о чём необхо
oylasıq	ойласық	совет; ойласық қылсовётоваться, совещаться
oylasıqlı	ойласықлы	согласованный; ойласықлы ис согласованная ра
oylasıqsız	ойласықсыз	без - совета, несо
oymaq	оймақ	1) напёрсток; 2) перен
oynaqla-	ойнақла-	1) взбрыкивать, рез
oynaqlat-	ойнақлат-	понуд. от ойнақлазаставить - резвйться; горячйть;
QOLIN	ҚОЛЫН	ойнақлатып жазады
oynaqlaw	ойнақлаў	и. д. от ойнақла-. - ойнақшы- - 1) играть, резвйть
oynaqshıydı	ойнақшыйды	у девушки глаза - играют; ойнақшыған коз жи
oynaqshıt-	ойнақшыт-	понуд. от ойнақ
oyplsıw	ойплсыў	и. д. от ойнас
oynaw	ойнаў	и. д. от ойна-. - ойнаўшы - 1) игрок; / играю
oypaclıq	ойпацлық	см. ойпат
oypatlıq	ойпатлық	см. ойпат
oypawıt	ойпаўыт	см. ойпат
oypawıtlıq	ойпаўытлық	см. ойпат
oyraqay	ойрақай	избалованный; ойрақай бала избалованный ребё
OYSIZLIQ	ОЙСЫЗЛЫҚ	отсутствие рассуди - тельности, неразумность
OYIQ	ОЙЫҚ	1) выемка; впадина; 2)
OYIQLIQ	ОЙЫҚЛЫҚ	выдолбленное - место
OYILICQI	ОЙЫЛЫЦҚЫ	слегка углублён
OYILICQILIQ	ОЙЫЛЫЦҚЫЛЫҚ	небольшая рыт - вина, впадина, яма
oyın-kúlki	ойын-күлки	веселье, развле
OYINSHIQ	ОЙЫНШЫҚ	и г р у ш к а ; балалар
OYINSHIǴI	ОЙЫНШЫҒЫ	д е т с к и е и г р у ш к и
okkupaciyalanǵan	оккупацияланған	оккупирован
okkupaciyalaw	оккупациялаў	и. д. от оккупа
oqta	оқта	болса, бир көзи боқта
oqa	оқа	позумент, золотое шитьё;
oq-deri	оқ-дэри	собир. - боеприпасы
oq-jay	оқ-жай	уст. - лук {оружие); оқ
oq-jaraq	оқ-жарақ	собир. - оружие
oqlan-	оқлан-	страд, от оқла- заря
oqlat-	оқлат-	понуд. от оқла- про
oqlattır-	оқлаттыр-	понуд. - от оқлат
oqlaw	оқлаў	I и. д. от оқла- заря
oqlawlı	оқлаўлы	заряженный, заря
OQLI	ОҚЛЫ	с - пулей, с зарядом; за
oqpan	оқпан	яма, углубление в зем
oqpanla-	оқпанла-	проваливаться в яму
oqpanlat-	оқпанлат-	понуд. от оқпанласвалйть в яму
oqpanlı	оқпанлы	имеющий - ямы, про
QSIZ	ҚСЫЗ	незаряженный, незаряжённый, без пули. '
oq'shıslı	оқьшыслы	образованный; учё
oqıra	оқыра	изъян, недостаток; оқы
oqıran-	оқыран-	тихо - ржать
oqıranıw	оқыраныў	и. д. от оқырантйхое ржание
OQIS-	ОҚЫС-	взаимн. - от оқы- - 1) сов
OQIT-	ОҚЫТ-	понуд. - от оқы- - 1) за
rqıttır-	рқыттыр-	ронуд. от. оқыт
oqıtıw	оқытыў	и. д. - от оқыт- - 1)
oqıtıwshı	оқытыўшы	учйтель; учйтельница; / учйтельский; оқытыў
tıwshılar	тыўшылар	бөлмеси учйтельская
oqıtıwshılıq	оқытыўшылық	учйтельство;
oqıwshı	оқыўшы	1) чтец; читатель;
kórdi	көрди	он попробовал так и сяк. - олайша: так, такйм образом;
olaq	олақ	неловкий, неумелый; не
olaqlıq	олақлық	неловкость, неуме
olaq-solaq	олақ-солақ	неряшливый; / не
olardaǵı	олардағы	находящийся у - них;
OLQI	ОЛҚЫ	1) неплотно держащийся
olqılan-	олқылан-	неплотно - держаться
OLQILIQ	ОЛҚЫЛЫҚ	1) недостаточная
lıqlardı	лықларды	сапластыр- ликвидйровать дефекты в работе
OLQI-SOLKI	ОЛҚЫ-СОЛКЫ	то - туда, то сюда;
OLQI-SOLQI	ОЛҚЫ-СОЛҚЫ	бол- а) клонйться
omaqa	омақа	небольшая земляная на
qasınan	қасынан	қулады он перекувыр
omaqazan	омақазан	кувырком, через го
quladı	қулады	он - перекувырнулся
túbinen	түбинен	омыр- вывернуть с кор
omırawlatıw	омыраўлатыў	и. д. от омыраўлат
omırawlaw	омыраўлаў	и. д. от омыраўла
omırawlı	омыраўлы	волевой, твёрдый
rawlı	раўлы	жигит решйтельный па
omırtqa	омыртқа	1) позвонок; бел
omırtqalar	омыртқалар	поясничные по - звонки; отыз еки омыртқа
omırtqalı	омыртқалы	имеющий - позвонки
omırtqalılar	омыртқалылар	зоол. позвоноч
omırtqasız	омыртқасыз	беспозвоночный
omırtqasızlar	омыртқасызлар	зоол. беспо
omırtıw	омыртыў	и. д. от омырт
omırılǵısh	омырылғыш	ломкий, хруп
omırıw	омырыў	и. д. от омыр- отла - мывание, разламывание чего-л.'
-aq	-ақ	қой если будет поздно, то
ondaǵı	ондағы	I достйгший десяти
barǵıc	барғыц	келмей - ме, ондай болса
onlaǵan	онлаған	около - десяти, прибли
ONLIQ	ОНЛЫҚ	1) десяток; 2) десятка
qılıw	қылыў	керек? что нужно делать
túnde	түнде	он жамбасьщнан жатқансан ночью ты спал на правом - боку; тауардын оны лицевая
onaylıq	онайлық	1) лёгкая выполнймость чего-л.-, ол оцайлық пенен
ocaylılıq	оцайлылық	см. оцайлық. - оцай-олпы; оцай-олпы ис
ocaysızlıq	оцайсызлық	неудобство; онайСЫЗЛЫҚ тууды создалось неу
ocaqay	оцақай	человек, который при
okasharaq	окашарақ	барып отойдя немно
okbaǵanlıq	окбағанлық	безобразие; бул
okbaǵır	окбағыр	чтобы тебе всегда не - пе.злб! (проклят ие)
ocǵa	оцға	вправо, направо; окга
okǵart-	окғарт-	понуд. от окғар- за
OKǴISH	ОКҒЫШ	линючий, быстро теря
okqa	окқа	см. омма. - окла- - 1) исправлять, поправ
ustaǵa	устаға	оклат ыўға бердим я отдал
oklawlı	оклаўлы	исправленный, поправленный,отремонтйрованный
OCSHILLIQ	ОЦШЫЛЛЫҚ	полит правый ук
ocıstırǵız-	оцыстырғыз-	понуд. от оныстыр
OQISIQ	ОҚЫСЫҚ	мирное существова - ние; сосуществование; екеуииин
OCISIǴI	ОЦЫСЫҒЫ	ЖОҚ между ними нет
OCISIQLI	ОЦЫСЫҚЛЫ	ужйвчивый; живу
CISIQSIZ	ЦЫСЫҚСЫЗ	неуживчивый
opalılıq	опалылық	1) верность, по
opasızlıq	опасызлық	1) непостоянство
klassikalıq	классикалық	операсы русская
optikalıq	оптикалық	оптический
opırıq	опырық	беззубый
oraq	орақ	орсац, бел ауырмайды
dógeregin	дөгерегин	дийўал менен ораобнестй сад - забором; 3) прям
awırlıq	аўырлық	орайы центр - тяжести;
oraylıq	орайлық	центральный; КПСС
Oraylıq	Орайлық	Комитети Центральный
oraqqa	ораққа	туе- начать - жатву, приступйть к жатве; ораққа кетпойтй жать
oraqshı	орақшы	жнец; косарь
oraqshılıq	орақшылық	занятие - жнеца;
SHILIQ	ШЫЛЫҚ	еттим пять лет я рабо
oralıw	оралыў	и. д. от орал
oraw	ораў	и. д. от - ора- - 1) завёрты
QQ	ҚҚ	АССР жоқарғы Совети менен
Óz	Өз	КП Қарақалпақстан обкомыныц органы - газета «Советская
organikalıq	органикалық	органический;
orǵı-	орғы-	прыгать (о ж ивотных)
orǵısh	орғыш	хороший - косарь; хо
SHÓP	ШӨП	ордыр- заставить косйть
ǵarma	ғарма	емес, ал аударма не ори
ormanlıq	орманлық	лесистая - местность;
ornasqan	орнасқан	расположенный; раз
nasqan	насқан	(салынған) қала город
ornıǵıs-	орнығыс-	взаим н. от - орнық- - 1) помещаться, занимать место
ornıqlas-	орнықлас-	оседать, переходйть
ornıqlastır-	орнықластыр-	п онуд. от ор
nıqlas-	нықлас-	переводйть на оседлый
ornıqlastırıw	орнықластырыў	и. д. от ор
ornıqlı	орнықлы	1) постоянный; ор
NIQLI	НЫҚЛЫ	орын ал- занять прбчное - положение; 2) перен. серьёзный
ornıqtır-	орнықтыр-	п он уд. от - орнық- - 1) поместйть, заставить занять
ornıqtırıl-	орнықтырыл-	ст - рад, от ор
ortaqla-	ортақла-	делить чт о-л. по
ortaqlas-	ортақлас-	взаим н. от ортақ- - ла- - 1) делиться чем-л. с кем-л.]
ortaqlasıw	ортақласыў	и. д. от ортақ
ortalıq	орталық	1) общий, принад
ǵımızda	ғымызда	в общем - пользовании;
ortacǵı	ортацғы	средний, находящий
orfografiyalıq	орфографиялық	орфографйческий; орфографиялық сөзлик
jocıshqa	жоцышқа	клевер первого съё - ма; орта орым средний съём;
orınbasarlıq	орынбасарлық	должность - заместйтеля; орынбасарлық етзамещать, временно исполнять
artıǵı	артығы	менен орынла- перевы
orınlanǵan	орынланған	жоқ работа ещё не
yıw	йыў	развод - часовых; 2) перен
orınsızlıq	орынсызлық	1) отсутствие ме
osallıq	осаллық	1) слабость, состояние
osqır-	осқыр-	фыркать, храпеть (о
osıw	осыў	и. д. от осы- чесание
otqa	отқа	сал погов. чем хвалить в - глаза, лучше брось в огонь;
otaǵası	отағасы	почтйтельное обраще
otaq	отақ	1) сбрные травы, сорнякй;
otarshılıq	отаршылық	г/ст. колонизация;
otawshı	отаўшы	полблыцик
awızıca	аўызыца	келгенди отламай отыр
otlaq	отлақ	местность, покрытая травбй
otlas-suwlas	отлас-суўлас	собир. - земляки
OTLIQ	ОТЛЫҚ	огнйво; отлық тас кре
OT-SHÓP	ОТ-ШӨП	собир. всякие - корма;
-SHÓP	-ШӨП	болатугын өсимликлер кор
otıǵıw	отығыў	и. д. от отық
OTIQ-	ОТЫҚ-	1) начинать питаться
qalıp	қалып	отыр остаётся только
maqtap	мақтап	отыр-все хвалят коня
otırǵız-	отырғыз-	понуд. от - отыр- - 1)
otırǵısh	отырғыш	стул, табуретка
ogırıqla-	огырықла-	переходить на - по
otırıqlastır-	отырықластыр-	понуд. от отырықлас- перевестй на постоянное - жйтельство, перевестй на осед
otırıqlastırıw	отырықластырыў	и. д. от
otırıqlasıw	отырықласыў	и. д. от отырықлас- перехбд на постоянное - жйтельство, перехбд на осед
otırıqlı	отырықлы	оседлый; отырықлы
otırıqshı	отырықшы	см. отырықлы
otırıqshılıq	отырықшылық	оседлость, осед
otırıspaq	отырыспақ	посиделки
oshaǵan	ошаған	колючка; репейник
oshaq	ошақ	1) очаг; жер ошақ очаг
oyanbaytuǵın	оянбайтуғын	беспросыпный
oyaw	ояў	жат- - бодрствовать
óbisiw	өбисиў	и. д. от ебис
óbistir-	өбистир-	понуд. от ебис
óbiw	өбиў	и. д. от еп
ógey	өгей	ул - пасынок; огей қыз пад
ógeyleniw	өгейлениў	и. д. от огейлен
ógeysirew	өгейсиреў	и. д. от огейсире
ojesiw	ожесиў	и. д. от - ожес- - 1) спор;
ójestiriw	өжестириў	и. д. от ожестир
dún'yada	дүньяда	ожет адам биреў бол- - са, тап соныц ози погов. уж если
ójetlendir-	өжетлендир-	понуд. от өжет
ójetleniw	өжетлениў	и. д. - от өжетленупрямство. __^
ójetles-	өжетлес-	упрямиться, 'н е со
ójetlesiw	өжетлесиў	и. д. от өжетлес
ójetlestir-	өжетлестир-	понуд. от өжет
ójetlik	өжетлик	упрямство
ójire	өжире	комната; улкен ежи
qaralıǵı	қаралығы	естёственный чёрный
ózgeriw	өзгериў	и. д. от өзгер- пере - мена, изменение
ózgeriwshilik	өзгериўшилик	переменчивость
ózgert-	өзгерт-	понуд. от езгер- ме - нять, изменять; ол өз созин ез
ezgertiliw	езгертилиў	и. д. от езгертилизменёние
ózgertiw	өзгертиў	и. д. от өзгерт- - изменёние; турин өзгертиў из
ózgertkish	өзгерткиш	жалғаў грам. словоизменйтельный - аффикс; 2) лю
ózek	өзек	1) сердцевина; стёржень;
ózekles	өзеклес	близкий - родственник
ózekli	өзекли	1) имеющий сердцеви
ÓZI	ӨЗИ	сам (он); өзин ақлаў само
joǵında	жоғында	за - глаза, заочно, в от
ÓZIMSI-	ӨЗИМСИ-	1) считать что-л
ÓZIMSHIL	ӨЗИМШИЛ	1) эгоист, себял1обец;
ÓZIMSHILIK	ӨЗИМШИЛИК	1) эгоизм, себялю
ózles-	өзлес-	1) дёлать своим, при
ozlesiw	озлесиў	и. д. от өзлес
ózlestir-	өзлестир-	понуд. - от өзлес- - 1)
ózlestiril-	өзлестирил-	страд, от өзлес
ózlestiriw	өзлестириў	и. д. - от өзлестир- - 1) присвоёние; 2) освоёние, овладёние; техниканы өзлестириў
óybeyle-	өйбейле-	пугаться {букв, го
óybeylew	өйбейлеў	и. д. от өйбей
ÓYT-	ӨЙТ-	поступать таким - образом
óytip-buytip	өйтип-буйтип	кбе-как
óytkende	өйткенде	в такбм - случае; өйт
ókindir-	өкиндир-	понуд. от өкин- за
ókinerlik	өкинерлик	поступок, заслу
ókiniw	өкиниў	м. д. от екин- раская - ние, сожаление о случйвшемся
ÓKINISH	ӨКИНИШ	раскаяние, сожаление;
ÓKINISHLI	ӨКИНИШЛИ	жалкий, вызываю
ÓKINISHLIK	ӨКИНИШЛИК	см. ӨКИНИШ
ókir-	өкир-	1) реветь; өгиз өкирди
ókiris-	өкирис-	взаимн. от - окир- - 1)
ókpe-bawır	өкпе-баўыр	лйвер. - окпе-гийне - 1) недовбльство; 2)
okpeletiw	окпелетиў	и. д. от окпелет
okpelew	окпелеў	и. д. от окпеле
óksiw	өксиў	и. д. от окси- гбрький - плач, рыдания
siriw	сириў	образец - канала, котбрый
ókshele-	өкшеле-	подбить каблукй
ókshelet-	өкшелет-	понуд. от өкшеле
óksheletiw	өкшелетиў	и. д. от өкшелет
ÓL-	ӨЛ-	умереть,скончаться; өлген
ÓLIǴIZ	ӨЛИҒЫЗ	кусочки - хлопка, прилйпшие к пустым, без ядрышка
ólimsire-	өлимсире-	1 ) быть слабым, не
ÓLIMTIK	ӨЛИМТИК	см. өликсе
ÓLIMSHI	ӨЛИМШИ	полуживбй, бессиль
óliw	өлиў	1 ) и. д. от өл- умирание;
ólmeytuǵın	өлмейтуғын	бессмертный; елмейтуғын даққ бессмертная сла
óltiredi	өлтиреди	лиса - давит (убивает)
óltiriw	өлтириў	и. д. от елтир- убйй - ство, умерщвление
óltiriwshi	өлтириўши	убййца
óltirtiw	өлтиртиў	и. д. от елтиртмриказание - убйть, умертвйть
elsheniw	елшениў	и. д. от - елшен- 1 )
elshetiw	елшетиў	и. д. от - елшет- 1 )
ólshewli	өлшеўли	1 ) нзмёренный; елшеўли жер измёренное мёсто;
elshewsiz	елшеўсиз	1 ) неизмёренный; 2 )
elshewshi	елшеўши	1 ) измерйтель; елшеўши сым рулётка; шнур для
ómirles	өмирлес	спутник, спутница
ómirli	өмирли	долгий; узақ өмирли
ómirlik	өмирлик	1) жйзненный, жи
ómirlikke	өмирликке	напеки, на всю
daw	даў	тяжба, не имеющая успеха;
óndir-	өндир-	понуд. от - он- - 1) спо
óndirgish	өндиргиш	спосббный произво - дйть (напр. продукцию)
óndiril-	өндирил-	страд, от ондир- 1)
óndirimli	өндиримли	производйтельный;
óndirimsiz	өндиримсиз	непроизводйтельный
óndirimsizlik	өндиримсизлик	непроизводйтельность (труда)
ondiriw	ондириў	и. д. от - ондир- - 1)
ondiriwshi	ондириўши	1) производйтель;
sırqıraydı	сырқырайды	у меня всё тело - болйт; оне бойым тер болды я
ónerment	өнермент	ремесленник; / ре
ónerpaz	өнерпаз	мастер, искусник; ру
ÓNIL-	ӨНИЛ-	страд, от он-; өнил
ÓNIM	ӨНИМ	1) рост, произрастание;
ónimdarlıq	өнимдарлық	1 ) урожайность;
ónimdarlıǵın	өнимдарлығын	көтер- поднять - урожайность; 2 ) продуктйвность;
LIǴIN	ЛЫҒЫН	арттыр- поднять продук
ÓC	ӨЦ	1) лицо; еци жыллы у него
ecgeriw	ецгериў	и. д. от ецгер
ócgertiw	өцгертиў	и. д. от ецгерт
eciw	ециў	и. д. от - ец-] линяние
ónkit-	өнкит-	понуд. от өнки- - лягать
ónkiw	өнкиў	и. д. от өқки- - лягание
óqmen	өқмен	бок; / боковой; өқменинен жат- лечь на бок
ÓP-	ӨП-	целовать; аўыздан еп- це
ópepish	өпепиш	см. епепек. - епке I см. екпе 1
óptiriw	өптириў	и. д. от ептир- по
órgiziw	өргизиў	и. д. от - ергиз- - 1)
óri	өри	о ы — өрт
órisiw	өрисиў	и. д. - от өрис- 1 ) ока
órisles	өрислес	находящийся с - кем
óristir-	өристир-	понуд. - от өрис- 1 )
óriw	өриў	и. д. - от өр- 1 ) плетение
órkenlen-	өркенлен-	страд, от еркенле
erkenletiw	еркенлетиў	и. д. от - еркенлетразвйтие, прогресс
órkenlew	өркенлеў	и. д. от - еркенлеразвйтие, процветание, прогресс
órlew	өрлеў	и. д. от орле- движение
ormelew	ормелеў	и. д. от - ормеле- 1 )
júrekti	жүректи	орте- сжигать - сердце;
órtengen	өртенген	1) загоревшийся; 2)
órtendir-	өртендир-	понуд. от өртен- - поджёчь, вызвать, устроить по
órtendiriwshi	өртендириўши	см. ортеўши
órteniw	өртениў	и. д. от өртен- горе
órteq	өртеқ	пепелище, пожарище
órteclik	өртецлик	см. өртеқ
órtes-	өртес-	езаимн. от өрте- помо
órtestir-	өртестир-	понуд. от өртес- - заставить' помогать поджигать
órtew	өртеў	и. д. от ерте- поджига - ние, поджог
órtewshi	өртеўши	поджигатель
órsheles-	өршелес-	спорить
-órshi-	-өрши-	вырастать и развиваться
ershitiw	ершитиў	и. д. от ершит- уве - личение, умножение;развйтие; мал
órshiw	өршиў	и. д. от ерши- увели - чение, умножение
ósekshillik	өсекшиллик	1) сплётничание;
ÓSIK	ӨСИК	рослый, высокий
ÓSIM	ӨСИМ	1) прирост; халық са
ÓSIMLI	ӨСИМЛИ	1) имёющий прирост;
baǵ	бағ	есир- развестй фруктовый - сад; 2) развивать (напр. хозяй
ósiriw	өсириў	и. д. от - есир- - 1) вы
esiriwshi	есириўши	человёк, который
ósirtiw	өсиртиў	и. д. от есирт
ósiw	өсиў	процесси процёсс - роста;
LYUCIYALIQ	ЛЮЦИЯЛЫҚ	ҳәрекеттиқ есиўи раз
óspirim	өспирим	подросток; жас өс
óstiril-	өстирил-	страд, от өстир
ót	өт	1) жёлчь; қуста сүт жоқ
jılqıda	жылқыда	өт жоқ посл. у птиц
ÓT-	ӨТ-	1) в разн. знач. проходить;
kópirden	көпирден	ӨТТИ он прошёл через - мост; сауаш пенен дэрьядан өт
etiniw	етиниў	и. д. от етин
etiniwshi	етиниўши	просйтель
ótirikshilik	өтирикшилик	обман; ложь
ótirimli	өтиримли	1) ходовой (о това
ÓTIS	ӨТИС	переход; шөлден өтис
ótiw	өтиў	и. д. - от өт- - 1) прохожде
poziciyaǵa	позицияға	өтиўи переход войска
ótiwshi	өтиўши	путник; прохожий;
ótkelekten-ótkelek	өткелектен-өткелек	заколдо
ótkel-ótkel	өткел-өткел	анфилада
sabaq	сабақ	еткер- вдевать нйтку в - иголку; иш еткер- слабить; иш
ótkeretuǵın	өткеретуғын	дэри слабйтельное
ótkeriw	өткериў	и. д, от еткер-;
ótkeriwshi	өткериўши	сдающий что-л. - куда-л.\ кассаға ақша өткериў
ÓTKIZ-	ӨТКИЗ-	см. еткер
etkiziwshi	еткизиўши	см. өткериўши. - еткинши - 1) проливной дождь;
etlesiw	етлесиў	и. д. от етлес- ослож - нение (болезни)
ótlew	өтлеў	мед. воспаление седа
ótp	өтп	2) переходный; капитализмнен социализмге өтпели дәўир переход
ótpes	өтпес	1) непроходимый (напр
ÓSH	ӨШ	1) злоба; екеуимиз өшбиз
ÓSH-	ӨШ-	1) гаснуть; от өшти огонь
óshegis-	өшегис-	1) спорить; 2) упря
óshegisiw	өшегисиў	и. д. - от өшегис- - 1)
óshegistir-	өшегистир-	понуд. от - ешегис- - 1) вызвать спор; 2) вызвать уп
óshegistiril-	өшегистирил-	страд, от өшегистир
ÓSHIK-	ӨШИК-	злйться
óshiriliw	өширилиў	и. д. от еширил
eshiriw	ешириў	и. д. от - ешир- - 1)
óshiriwshi	өшириўши	тот, кто гасит
eshirtiw	еширтиў	и д. от еширт
óshiw	өшиў	и. д. от - еш- - 1) гашение
óshlesiw	өшлесиў	и. д. от - ешлес- - 1)
eshlsstiriw	ешлсстириў	и. д. от ешлестир-. - ешли - 1) злой, злобный; 2)
padshalıq	падшалық	уст. удельные зем - ли (государственные земли, счи
payǵambarlıq	пайғамбарлық	рел. пророче - ство; / пророческий
paydalantıw	пайдалантыў	и. д. от пайдалант
paydalılıq	пайдалылық	1) полезность;
paydasızlıq	пайдасызлық	1) бесполезность;
maylasıw	майласыў	и. д. от - пайласраспред’елёние паёв между собою
raqalpaqstan'ıc	рақалпақстаньыц	пайтахт қа- - ласы Нукус—столйца Каракал
payızlanıw	пайызланыў	и. д. от - пайызланнаслаждёние, получёние удо
paqallı	пақаллы	имёющий - стёбель (о
paqát	пақәт	исключйтельно, только
paqsa	пақса	глинобйтная - стена; глинобйтный забор
paqırla-	пақырла-	бурлйть; суў па
qırlap	қырлап	қайнады - вода (при кипе
paqırlat-	пақырлат-	понуд. от пақырла
paqırlaw	пақырлаў	и. д. от пақырлабурлёние
paqırlı	пақырлы	бурлящий. - пақ — 5 2 0 — пан
paqırlıq	пақырлық	нищета, бедность
paqırshılıq	пақыршылық	см. пақырлық. - пал I ворожба, гадание; пал
palaqpan	палақпан	праща {испо.гьзуется при охране посевов от воробь
palaqpanshı	палақпаншы	сторож, пользу
palaslıq	паласлық	1) материал, год
palawshıl	палаўшыл	любйтель - плова
pallaq	паллақ	уст. орудие телесного
pallaqawız	паллақаўыз	разйня, растяпа
palwan	палўан	1) силач, богатырь; 2)
palshılıq	палшылық	пчеловодство
panalaw	паналаў	и. д. от - панала- - 1)
panalıq	паналық	1) служащий приста
panasızlıq	панасызлық	1) беспризорность
papaq	папақ	щапка, папаха
papaqlı	папақлы	в - шапке, в папахе
papaqlıq	папақлық	относящийся к шап - ке, к папахе; годный или пред
papaqshı	папақшы	шапочник, шапоч
paraxatlıq	парахатлық	спокойный, мйрный; парахатлық ўақыт мйрное
paraxatsızlıq	парахатсызлық	беспокойство
paraxatshılıq	парахатшылық	мир, спокой
yiwshi	йиўши	миролюбйвый; парахатШЫЛЫҚТЫ сүйиўшилик сиясат
qozǵalısı	қозғалысы	международное дви
paraxorlıq	парахорлық	взяточничество
parlamentarlıq	парламентарлық	парламент - ский; парламентарлық делегация
parrıq	паррық	раздутый; паррық танау а) раздутые ноздри; б) чело
partawlıq	партаўлық	залежные земли
partizanlıq	партизанлық	партизанство;
partiyalıq	партиялық	партййность; / пар
partlawıq	партлаўық	название дикора
partıldaq	партылдақ	1) треск; 2) перен
partıldawıq	партылдаўық	см. партылдақ. - партылды - 1) сйльный треск;
parfyumeriyalıq	парфюмериялық	парфюмёрный. - парша 1 парча
parshalaw	паршалаў	и. д. от - паршаларазламывание, разбивание на
parıq	парық	различие, отличие, раз
parıqla-	парықла-	1) различать, отли
parıqlaw	парықлаў	и. д. от - парыма- - 1)
paspandalıq	паспандалық	см. патаслық
passivleniw	пассивлениў	и. д. от пассивлен
pasıq	пасық	1) пошлость; нйзость;
pasıqqa	пасыққа	шықты егс слова бы
pasırqı	пасырқы	суматоха; / сума
pataslanıw	патасланыў	и. д. от патасланзагрязнёние
pataslaw	патаслаў	и. д. от патаслазагрязнёние. - патаслық - 1) грязь; 2) нечисто
patriotlıq	патриотлық	патриотический
patshalıq	патшалық	1) царство; королев
patshashılıq	патшашылық	власть - царя
patıraqla-	патырақла-	см. патырла
patıratlıq	патыратлық	см. патырат
paxtashılıq	пахташылық	хлопководство;
pashaqlan-	пашақлан-	возвр. от пашакларазбиваться вдребезги
pashaqlanıw	пашақланыў	и. д. от пашақ
pashaq-pashaq	пашақ-пашақ	вдребезги, на
pekizelew	пэкизелеў	и. д. от пэкизеле-. - пэкизелик - 1) красота; изяще
páleklew	пәлеклеў	и. д. от пэлекле
qalada	қалада	в таком-то городе
pálenshe-tólensheler	пәленше-төленшелер	собир. та
pálpellew	пәлпеллеў	и. д. от пэлпеллепарёние в воздухе {напр. птицы)
pemlew	пэмлеў	и. д. от - пэмле- - 1) по
pemsizleniw	пэмсизлениў	и. д. от пэмсиз
pánjelew	пәнжелеў	и. д. от пэнжелехватание, схватывание кого-чего-л
pántlew	пәнтлеў	и. д . от пэнтле- об
pereqi	пэреқи	1) сорт фабрйчной
páreqilen-	пәреқилен-	возвр. от пэреқи
pármanalıq	пәрманалық	проявление забо
párwaz	пәрўаз	1) приподнятое настро
párwardigár	пәрўардигәр	рел. спасйтель
perwasız	пэрўасыз	беззаботный, бес
párwasızlıq	пәрўасызлық	беззаботность
wıs	ўыс	пасейеди - звук (голос) ути
paseyiw	пасейиў	и. д. от - пасей- - 1)
paseytiw	пасейтиў	и. д. от - пасейт- - 1)
pasenletiw	пасенлетиў	и. д. от - пасенлет- - 1) ослаблёние; 2) успокоёние
pasenlew	пасенлеў	и. д. от - пасенле- - 1)
paslew	паслеў	1) и. д. от пасле- по
PÁSLIK	ПӘСЛИК	низость, непристой
PÁTIYAGÓY	ПӘТИЯГӨЙ	тот, кто произносит
petiyalasıw	пэтияласыў	и. д. от - пэтиялас- - 1) соучастие, пособничество в
petqumar	пэтқумар	разочарованность
petqumarlan-	пэтқумарлан-	испытывать ра - зочарование, досаду
petqumarlıq	пэтқумарлық	см. пэтқумар
petlendiriw	пэтлендириў	и. д. от пэтлен
petleniw	пэтлениў	и. д. от пэтленускорёние движения. - пэтли - 1) бурный, порывистый;
pettelew	пэттелеў	и. д. от пэттелескладывание в - кучу (напр. дров)
pettelewli	пэттелеўли	сложенный в - кучу
petwa	пэтўа	1) уст. фатва, решение
petwala-	пэтўала-	1) вынести приговор
petwalan-	пэтўалан-	страд, от пэтўалаподтверж даться, утверждаться;
pátwalı	пәтўалы	человек слова, чело
petwasız	пэтўасыз	болтун; человек, не
páshe	пәше	листья злаковых расте
páshelew	пәшелеў	и. д. от пэшеле
pedagogikalıq	педагогикалық	педагогиче - ский; педагогикалық институт
pensiyalıq	пенсиялық	пенсионный
perdelew	перделеў	I и. д. от перделе- I
perevodlatıw	переводлатыў	и. д. от перевод
perevodlaw	переводлаў	и. д.от - переводлаперевбд {с одного языка на дру
teqseledi	теқселеди	движется - так, как буд
sharwashılıqtı	шарўашылықты	өсириўдиц пер
piliklew	пиликлеў	и. д. от пиликле
piramidalıq	пирамидалық	пирамидальный
pisiriw	писириў	I и. д. от писир- 1)
asıwlı	асыўлы	қазаи, писиўли ас погов
piskeklew	пискеклеў	и. д. от пискеклесбивание масла. - пискен - 1) зрелый, спелый; 2)
pistiriw	пистириў	и. д. от - пистирвзбивание, взбалтывание
awqattan	аўқаттан	питтим я наелся
pitir-sadaqa	питир-садақа	милостыня, по
kóleqkege	көлеқкеге	қарай тон пишпейди
piyadalıq	пиядалық	пешее - хождение
qabat-qabat	қабат-қабат	тоны бар загадка
PIYAISHILIQ	ПИЯИШЫЛЫҚ	пьянство
planlaw	планлаў	и. д. от - планла- - 1)
planlılıq	планлылық	плановость
júriw	жүриў	расписаниеси расписание
SHINIQ-	ШЫНЫҚ-	закаляться как - сталь;
politexnikalıq	политехникалық	политехни - ческий; политехникалық оқыў
porrıq	поррық	корневая часть трост - ника (находящаяся под водой)
porsaclaw	порсацлаў	и. д. - от' псрсанла
porsıq	порсық	1) барсук; 2) перен
porsıw	порсыў	и. д. от порсы
porttaǵı	порттағы	қала портовый город
porxanshılıq	порханшылық	занятие или по
posyolkalıq	посёлкалық	поселковый; по
syolkalıq	сёлкалық	совет поселковый со
POSQINSHI	ПОСҚЫНШЫ	беглец; беженец;
potenciyallıq	потенцияллық	потенциаль
poshaq	пошақ	корка, кожура {дыни
poshshatorǵay	пошшаторғай	1) жаворонок; 2)
poetikalıq	поэтикалық	поэтический
praktikalıq	практикалық	практический
prizmalıq	призмалық	призматйческий
principial'lılıq	принципиальлылық	принци
problemalıq	проблемалық	проблематичный
provokatorlıq	провокаторлық	провокатор
programmalıq	программалық	программность;
prozalıq	прозалық	прозайчность; / про
prokurorlıq	прокурорлық	прокурорский
proletarlıq	пролетарлық	пролетарский;
prostınyalıq	простынялық	простынный
psixikalıq	психикалық	психический; пси
xikalıq	хикалық	өзгешелиги психиче
publicistikalıq	публицистикалық	публицистй- - ческий; публицистикалық шыгарма публицистическое произве
pudlıq	пудлық	пудовый
puqara	пуқара	1) уст. подданный; 2)
-puqara	-пуқара	чернь
puqarashılıq	пуқарашылық	1) уст. поддан
pullaw	пуллаў	и. д. от пулла- превра
pulsızlıq	пулсызлық	безденежье
putaq	путақ	ветвь, ветка; сук, сучок
putaqla-	путақла-	срезать, рубить, ло
putaqlan-	путақлан-	ст - рад, от путақ
putaqlas-	путақлас-	взаим н. от путақ
putaqlat-	путақлат-	п онуд. от путақла
putaqlatıw	путақлатыў	и. д. от путақлат
rwbka	рўбка	ветвей, сучьев (дерева)
putaqlaw	путақлаў	и. д. от путақла- - срезание, срубание ветвей, сучь
putaqlı	путақлы	ветвистый; путақлы
putaqsız	путақсыз	без - ветвей, без сучь
putarlaw	путарлаў	и. д. от путарла- - ломание, резание чего-л. на кус
putatıw	путатыў	и. д. от путат- об
putaw	путаў	и. д. от пута- обруба - ние, обрезание ветвей, очище
putlaw	путлаў	и. д. от путла- взве
putlıq	путлық	пудовый
puw	пуў	1) пар; испарение; аспаз
puwlanǵan	пуўланған	позолоченный
puwla-	пуўла-	превращаться в пар
puwlan-	пуўлан-	возвр. от пуўла- пре
puwlanıw	пуўланыў	и д. от пуўлан
puwlandır-	пуўландыр-	см. пуўлант
puwlant-	пуўлант-	п онуд. от пуўлан
aldımızǵa	алдымызға	пуўлантып ет қойды
puwlas-	пуўлас-	взаим н. от пуўла
puwlat-	пуўлат-	п онуд. от пуўла- спо
puwlatıw	пуўлатыў	и. д. от - пуўлат
puwlaw	пуўлаў	и. д. от пуўла- превра
puwlı	пуўлы	с - паром
puxtalaw	пухталаў	и. д. от пухтала
pushqaq	пушқақ	1) кожа на конечно
pushqaqlas-	пушқақлас-	взаимн. от - пуш
pushqaqlaw	пушқақлаў	и. д. от - пушқақла- - 1) хватание за ноги (напр. козла
pushpaq	пушпақ	см. пушқақ
pushıq	пушық	1) курносый, со вздёр
pushıqlıq	пушықлық	см. пушық
putinletiw	путинлетиў	и. д. от - путинлет- - 1) почйнка, исправлёние чего-л.;
putinlew	путинлеў	и. д. от - путинле- - 1) почйнка, исправлёние чего-л.]
pútkil	пүткил	весь, всё; Пүткил дүнья
pútkilley	пүткиллей	целиком, полностью;
pútkilleyine	пүткиллейине	см. пүткиллей
PIQSI-	ПЫҚСЫ-	1) дымить; түтин пык
pıqsıtıw	пықсытыў	и. д. от пық
pıqsıw	пықсыў	и. д. от пықсы
pıqırla-	пықырла-	кипеть; самовар пы
qırlaydı	қырлайды	самовар - кипит; пы
pıqırlas-	пықырлас-	взаим н. от пы
pıqırlatıw	пықырлатыў	и. д. от пықырлат- - кипячение
pıraq	пырақ	ф ольк. крылатый ска
pırıldaq	пырылдақ	часто шмыгающий
pırıldaw	пырылдаў	и. д. от пырылдашмыгание носом
pısqır-	пысқыр-	храпеть, фыркать (о
pısqırt-	пысқырт-	п онуд. от - пысқырвызывать (у лош ади) храп, фыр
pısqırıq	пысқырық	храп, фырканье (л о
pısqırıw	пысқырыў	и. д. от - пысқырхрап, фырканье (лош ади)
lısnaw	лыснаў	и. д. от пысна- сопе - ние
PISIQ	ПЫСЫҚ	1) крепкий, прочный;
pısıqlan-	пысықлан-	возвр. с т р а д , от
pısıqla-	пысықла-	1) быть прочно, креп
lısıqlat-	лысықлат-	п онуд. от - пысықла
pısıqlaw	пысықлаў	и. д. от - пысықла-;
pısıqlawısh	пысықлаўыш	гр а м . обстоя
PISIQLIQ	ПЫСЫҚЛЫҚ	1) крепость, проч
pısıqsın-	пысықсын-	1) стараться сделать
pısıldaw	пысылдаў	и. д. от - пысылда- - 1) шипение (при выпуске газа
PITPILDIQ	ПЫТПЫЛДЫҚ	подражание к р и
ǵardı	ғарды	он разбил в пух и в - прах;
PITIQI-SHITIQI	ПЫТЫҚЫ-ШЫТЫҚЫ	б е с п о р я д о ч - ный; / н ер азбер й ха
pıtıracqı	пытырацқы	раздробленный
pıtıracqılıq	пытырацқылық	раздроблен
pıshaqla-	пышақла-	резать - ножом; уда
pıshaqlan-	пышақлан-	возвр. от пышақ
pıshaqlas-	пышақлас-	взаимн. от пы
pıshaqlasıw	пышақласыў	и. д. от пышақ
pıshaqlat-	пышақлат-	понуд. от пышақ
pıshaqlaw	пышақлаў	и. д. от пышақла
PISHQI	ПЫШҚЫ	пила; пышқы менен
pıshqıla-	пышқыла-	пилйть, распйливать чт о-л
pıshqılat-	пышқылат-	п онуд. от пыш
qıla-	қыла-	заставить - пилйть, распйливать чт о-л
pıshqılatıw	пышқылатыў	и. д. от пыш
qılat-	қылат-	распиливание, распилов
pıshqılaw	пышқылаў	и. д. от - пышқылараспйливание, распиловка чего
PISHQISHI	ПЫШҚЫШЫ	пйльщик
PISHIQ	ПЫШЫҚ	кошка; от басында
pıshırlatıw	пышырлатыў	и. д. от пышыр
pıshırlaw	пышырлаў	и. д. от пышырлахруст
radikallıq	радикаллық	радикальный
QINI	ҚЫНЫ	радиоволны
radiolastırıw	радиоластырыў	и. д. от радио
radiometrikalıq	радиометрикалық	радиометрйческий; радиометрикалык, ап
razvedkalıq	разведкалық	разведочный; разведкалық жумыс разведочная ра
razılıq	разылық	согласие; разылық
qayttı	қайтты	я на него - обйделся;
rayatkomlıq	райаткомлық	райисполкомовский
raqalpaqstan	рақалпақстан	АССР-ынық Куй
rayonlastırıw	районластырыў	и. д. от рай
SÓZI	СӨЗИ	де бийкарға шығады погов
rasalıq	расалық	1) расовый; расалық
raslıq	раслық	1) правдйвость; 2) под
ratifikaciyalanǵan	ратификацияланған	ратифицйрованный
wajlanǵan	ўажланған	развитой; раўажлан
rawajlandır-	раўажландыр-	понуд. от рауажлан- - развивать, способство
rawajlanıw	раўажланыў	и. д. от раўажлан- - развитие, рост; революцияЛЫҚ ҳәрекеттиц раўажланыўы
ajlanıw	ажланыў	мирное - развйтие; хаЛЫҚ хожалығыныц раўажланыўы
racionalizaciyalaw	рационализациялаў	и. д. от
rashlıq	рашлық	место, где имеются
rebiyuláwel	рэбийуләўэл	уст. название
rábiyússáni	рәбийүссәни	уст. название че
regezerleniw	рэгезерлениў	и. д. от рэге
rámewiz	рәмэўиз	1) состояние {напр
resmiylew	рэсмийлеў	и. д. от рэсмийлепридание официальной формы
reswa	рэсўа	позор; срам; / опозбренный; посрамлённый; рэсўа етопозбрить, обесчестить; рэсўа
rewa	рэўа	приёмлемый, подобаю
rewan	рэўан	идущий, проходящий
rewish	рэўиш	1) ббраз, фбрма; 2) грам
ráwiyat	рәўият	1) предание, легенда;
rewshan	рэўшан	1) светлый; ясный;
ǵayda	ғайда	рэх,эт лётом в лесу бла
reakcionlıq	реакционлық	реакционность
real'lıq	реальлық	реальность
revizionlıq	ревизионлық	1) ревизионйстский; 2) ревизионный
regional'lıq	региональлық	региональный;
redaktorlıq	редакторлық	звание, обязан
redakciyalıq	редакциялық	редакционный;
únemlew	үнемлеў	режими режйм эконо
partiyaǵa	партияға	кириуге рекомендация
rekordlıq	рекордлық	рекордный; рекордлық зүрәәт рекордный уро
universitettiq	университеттиқ	ректоры ректор
súwret	сүўрет	рельефное изображение
renegatlıq	ренегатлық	ренегатство
renjitiw	ренжитиў	и. д. от ренжитнанесёние - обиды; огорчение
renjitiwshi	ренжитиўши	обидчик
renjiw	ренжиў	и. д. от ренжи- про
reparaciyalıq	репарациялық	репарационный
repatriaciyalaw	репатриациялаў	и. д. от ре
repressiyalıq	репрессиялық	репрессйвный;
respublikalıq	республикалық	республикан - ский; республикалыц шелкемлер
qatlamları	қатламлары	рудоносные слой
dóngelegi	дөнгелеги	рулевое колесо
ruxsızlıq	рухсызлық	апатия, вялость
azanǵı	азанғы	саат сегизде в восемь ча
sabaqla-	сабақла-	вдевать нитку в игол
sabaqlas-	сабақлас-	взаим н. от сабақ
sabaqlat-	сабақлат-	п онуд. от сабақлапросйть вдеть нитку в иголку
sabaqlaw	сабақлаў	и. д. от сабақлавдевание нитки в иголку
sabalaqlan-loxmatit'sya	сабалақлан-лохматиться	(напр
sabalaq-sabalaq	сабалақ-сабалақ	лохматый
jún	жүн	сабас-помогать бить шерсть
sabatıw	сабатыў	и. д. от сабат-. - сабаў- - 1) и. д. от саба-; 2)
sabawshı	сабаўшы	I) бьющий, ударяю
sabayaq	сабаяқ	большой деревянный
sabıq	сабық	гибрид; / гибридный;
sabılıw	сабылыў	и. д. от сабыл- изну
kóbik	көбик	мыльная - пена
sabınshılıq	сабыншылық	1) профессия мы
muratqa	муратқа	поел, терпение (до кон
sabırlıq	сабырлық	терпеливость; сдер
sabırlılıq	сабырлылық	см. сабырлық
sabırsızlıq	сабырсызлық	нетерпение, не
saǵaq	сағақ	1) место под подбородком;
saǵal	сағал	шакал
saǵaldırıq	сағалдырық	подбородник (р е
saǵanaq	сағанақ	отверстие; щель; қа
saǵıyra	сағыйра	ребёнок, дитя; са
ǵıyram	ғыйрам	дйтятко моё
saǵım	сағым	мираж, марево
saǵımlan-	сағымлан-	быть окутанным
saǵın-	сағын-	тосковать, скучать, ду
ǴINDI	ҒЫНДЫ	ребёнок тоскует по ма - тери; сағынған менен келмек
saǵındır-	сағындыр-	понуд. от сағынвызвать - тоску, заставить думать
saǵınt-	сағынт-	см. сағындыр
saǵınıs-	сағыныс-	взаим н. от сағын- - тосковать, скучать, думать друг
saǵınıw	сағыныў	и. д. от сағын
saǵınıwshı	сағыныўшы	тоскующий, ску
saǵınısh	сағыныш	тоска; куннен-кунге
saǵınıshlı	сағынышлы	тоскующий, ску
sadaq	садақ	уст . 1) колчан; садаққа
sadaqa	садақа	1) жертва; жан сада
sadaqa-padaka	садақа-падака	помйнки
sadaqashı	садақашы	уст . 1) принимаю
sadalıq	садалық	простодушие, найвность, доверчивость; неопыт
sızılǵan	сызылған	погов. спокойный как
sazlıq	сазлық	I глйнистое место;
saybaǵıs	сайбағыс	уст . одинаковый;
saybaǵısla-	сайбағысла-	I) делать подхо
saybaǵıslan-	сайбағыслан-	возвр. от - сайбағысла- - 1) делаться подхо
saybaǵıslaw	сайбағыслаў	и. д. от сайба
sayǵaq	сайғақ	II зоол. сайгак
saylanıw	сайланыў	и. д. от сайлан- вы - бирание, избираниё; СССРда ҳэр
sayraǵısh	сайрағыш	см. сайраушы. - сайран - 1) прогулка; 2) при
quslar	қуслар	певчие птицы
sayızlıq	сайызлық	мёсто, где много мёлей, отмелей
sayıw	сайыў	и. д. от сай- наговари
saq	сақ	настороженный, насторо
saqallı	сақаллы	1) бородач; / борода
saqaw	сақаў	1) зайка; косноязыч
saqawlan-	сақаўлан-	1) заикаться; 2) те
saqawlanıw	сақаўланыў	и. д. от сақаў
saqqız	саққыз	см. сагыз. - сам а- - 1) в разн. знач. хранйть
samanıw	саманыў	и. д. от сам - ан
samawǵa	самаўға	тапсыр- сдать вещи
samawlı	самаўлы	сохранный
samawshı	самаўшы	хранйтель; затлар
saqna	сақна	сцена; паркта сақна
saqpan	сақпан	уст . праща (м ет ат ель
saqtıyan	сақтыян	сафьян; / сафьяно
saqshı	сақшы	стража; сторож; сақ
saqshılıq	сақшылық	стража, охранение;
shılıq	шылық	қараўылы сторожевое
saqıy	сақый	щедрый; исте сақый
saqıylıq	сақыйлық	щедрость; сақыйЛЫҚ ет- проявлять щедрость;
saqıyna	сақыйна	кольцо (без камня;
saqılda-	сақылда-	щёлкать; тиси са
qıldaydı	қылдайды	он щёлкает зубами
saqıldaw	сақылдаў	и. д. от - сақылдащёлкамье {напр. зубам и)
saqırla-	сақырла-	бурлить, клокотать
saqırlaw	сақырлаў	и. д. от - сақырлабурлёние, клокотание (при к и
shıǵarıp	шығарып	сал- - проводы; куш
salaq	салақ	неряха, растяпа; раз
áytewir	әйтеўир	ислей салынған жумыс
salaqla-	салақла-	I) болтаться, сво
salaqlat-	салақлат-	понуд. от салақла
salaqlıq	салақлық	неряшливость, не
salamatlıq	саламатлық	1) здоровье; 2)
salamatsızlıq	саламатсызлық	I) нездоровье;
salanlaw	саланлаў	и. д. от - салацла
salawat	салаўат	Г; твёрдость, непре
salawmáleykum	салаўмәлейкум	мир вам! (п р и
salbıraq	салбырақ	болтающийся, треп
salbıraw	салбыраў	и. д. от - салбырасписание, обвисание
salǵılasıw	салғыласыў	и. д. от салры
salǵırt	салғырт	см. - салық I
salǵıt	салғыт	уст . поземельный де
saldaw	салдаў	бечева (посредством к о
saldır-gúldir	салдыр-гүлдир	звукоп од раж а
saldırlatıw	салдырлатыў	и. д. от салдыр
qocır	қоцыр	салкын лёгкая осенняя - прохлада; салқын кеш про
salqınla-	салқынла-	становйться про
salqınlan-	салқынлан-	возвр. от салкынла- становйться прохлад
salqınlanıw	салқынланыў	и. д. от сал
qınlan-	қынлан-	похолодание; охлаж
salqınlat-	салқынлат-	п онуд. от салкынла- остужать
salqınlattır-	салқынлаттыр-	пон уд. от сал
salqınlatıw	салқынлатыў	и. д. от салқынлат
salqınlaw	салқынлаў	и. д. от - салқынлапохолодание; охлаждение
salqınlıq	салқынлық	1) прохладность;
sallaqxana	саллақхана	бойня
salmaq	салмақ	1) вес; 2) перен. тя
shewi	шеўи	удельный вес. - салмақла- - 1) взвешивать (на
salmaqlan-	салмақлан-	возвр. от - салмақла- - 1) взвешиваться; 2) де
salmaqlas-	салмақлас-	взаим н. от - салмақла- - 1) помогать взвешивать
salmaqlat-	салмақлат-	п онуд. от салмақ- - ла- - 1) заставить взвешивать
salmaqlı	салмақлы	1) тяжёлый, уве
salpaq	салпақ	неряшливый (о чело
salpaqla-	салпақла-	становйться неряш
salpaqlat-	салпақлат-	понуд. от салпақла- сделать неряшливым. - салпац - 1) нависший, обвйсший, висящий, болтающийся;
salpıq	салпық	см. салпы. - салпылда- - 1) болтаться; аттыц терлиги салпылдап келеатыр потнйк у лошади болтается;
saltaq	салтақ	грязь; / грязный
saltaqla-stanovyt'sya	салтақла-становйться	грязным
saltaqlaw	салтақлаў	и. д. от салтақла-. - салтанат - 1) торжественность;
saltanlaw	салтанлаў	и. д. от салтанла
salımlıq	салымлық	количество - чего-л.^
salınqıra-	салынқыра-	добавлять ещё не
tıqtı	тықты	дэе қойды он съел пол
samsamlıq	самсамлық	непонятливость
ǴISIZ	ҒИСИЗ	сан мат. неизвестное чис - ло; берилғен сан данное чис
sanaq	санақ	1) счёт по порядку
ótker-	өткер-	а) считать; б) проводйть
sanasızlıq	санасызлық	несознательность
sanaw	санаў	и. д. от сана- - счёт
sanawlı	санаўлы	счйтанный, подсчи
sanawsız	санаўсыз	несчётный, бессчёт
sandıq	сандық	сундук
sandıqshı	сандықшы	мастер, делающий
sandıraqla-	сандырақла-	1) молоть чушь
sandıraqlap	сандырақлап	жүр он мелет - всё
sandıraqlat-	сандырақлат-	понуд. от - сандырақла- - 1) заставить молоть
sandıraqlaw	сандырақлаў	и. д. от сандыракла-. - санитарсанитар; / санитарный;
sanlıq	санлық	гр а м . имя числитель
sanlaq	санлақ	щель; трещина
saclaqlı	сацлақлы	имеющий - щели;
sanlaqsız	санлақсыз	без - щелей; без тре
saqrawlan-	сақраўлан-	становйться - глухйм, глохнуть
sanrawlıq	санраўлық	глухота
sanraw-saqaw	санраў-сақаў	глухонемой
birewdic	биреўдиц	қатты даўысы оныц
qulaǵına	қулағына	сап ете қалды вдруг до
sap-saw	сап-саў	здоровёхонек; сап-сары
sapalaq	сапалақ	пушйстый; сапалақ
quyrıqlı	қуйрықлы	с пушйстым хвостом
sapalandırıw	сапаландырыў	и. д. от сапа
sapalılıq	сапалылық	качественность
saraclıq	сарацлық	скупость, жадность
sarǵay-	сарғай-	I) желтеть; бледнеть;
sarǵayıcqı	сарғайыцқы	слегка пожелтев - ший; сарғайынкы тарт- слегка
sarǵayıw	сарғайыў	и. д. от сарғай
sarǵılt	сарғылт	см. сарғыш
sarǵıltlan-	сарғылтлан-	слегка - желтеть
sarǵısh	сарғыш	желтоватый; жузи
sarqum	сарқум	кружка; сарқум менен
sarqındı	сарқынды	подонки, остатки
sarqırama	сарқырама	водопад
sarqırawıq	сарқыраўық	журчащий, шу
sarqıt	сарқыт	уст . остатки пйщи
sarqıt-	сарқыт-	выливать - всё (до кап*'
sarqıtıw	сарқытыў	и. д. от сарқытвыливание - всего (до капли)
sarpaylaw	сарпайлаў	и. д. от - сарпайланаграждёние (обычно дорогой
sarraslıq	сарраслық	точность; бул исте
sarsanshılıq	сарсаншылық	мытарства, хло
sarsıq	сарсық	опухоль
sarıq	сарық	название одной из по
sarıq-	сарық-	см. сарқыт
sarıldatıw	сарылдатыў	и. д. от сарыл
sarıldaw	сарылдаў	и. д. от - сарылдаклокотание, бурлёние, быстрое
sarımsaq	сарымсақ	чеснок
sasqalakla-	сасқалакла-	многокр. от - сас- - 1) теряться; 2| суетйться; торопйться; усы неге сасқалақлайды?
sasqan	сасқан	растерявшийся; опёшивший
saskanlıq	сасканлық	1) растёрянность;
sasqanlıqtan	сасқанлықтан	по причйне - растёрянности, из-за растёрянности; 2)
sastırıw	састырыў	и. д. от састырприведёние в замешательство. - сасы- - 1) тухнуть; жазда ет
sasıq	сасық	1) протухший; 2) вонь
sasıtıw	сасытыў	И; д. от сасыт- 1)
satlıq	сатлық	продажа
satılıw	сатылыў	и. д. от сатыл- про
satılıwshılıq	сатылыўшылық	продажность;
dúkendi	дүкэнди	ашты продавёц от
sawal-	саўал-	выздоравливать; аўру
wınnan	ўыннан	саўалдын - ба? ты опра
sawalıw	саўалыў	и. д. от сауал- выздоровлёние. - сауап - 1) рел. добродётель; 2)
sawatlan-	саўатлан-	обучаться - грамоте
sawatlandır-	саўатландыр-	понуд. от сауатлан- обучать грамоте. - саўатланыў и. д, от сауатланобучёние грамоте
sawatlılıq	саўатлылық	грамотность; саў
atlılıqtı	атлылықты	арттыр- повышать
sawǵa	саўға	подарок, дар {из воен
sawda	саўда	1) торговля; купля-про
sawdager	саўдагер	1) торговец; уст
sawdagerli	саўдагерли	см. саўдагершилик
sawdagershilik	саўдагершилик	торговля; саў
sawdala-	саўдала-	торговать
sawdalas-	саўдалас-	взаим н. от саўдалаторговаться
sawdalasıw	саўдаласыў	и. д. от саўдалас
sawdalaw	саўдалаў	и. д. от саўдалаторговля
sawdalawshı	саўдалаўшы	тот, кто торгуется
sawda-satlık	саўда-сатлык	торговля; саўда
-satlıq	-сатлық	пенен шуғыллан- за
sawdır	саўдыр	шелест, шуршанье
sawdır-	саўдыр-	п онуд. от саў- за
sawdıraq	саўдырақ	откровенный, чисто
sawdırat-	саўдырат-	понуд. от - саўдыра- - 1) вызвать шелест, шуршание;
sawdıraw	саўдыраў	и. д. от - саудыра- - 1) шелест, шуршание; 2) перен
sawdır-gúwdir	саўдыр-гүўдир	шелест, шур
sawdırla-	саўдырла-	см. саўдыра
sawdırlı	саўдырлы	шелестящий, шур
sawdırmaq	саўдырмақ	сосулька
sawdırmaqlan-	саўдырмақлан-	образовывать - ся (о сосульках)
sawlıq	саўлық	I П здоровье; ден саў
sawma	саўма	проток
sawmala-	саўмала-	вытягивать - верёвку
sawmalaw	саўмалаў	и. д. от саўмалавытягивание - верёвки (при сви
sawsa-	саўса-	сохнуть, высыхать
sawsaq	саўсақ	I) палец; бес саўсақ
saw-salamat	саў-саламат	1) здоровье; 2) бла
sawsat-	саўсат-	п онуд. от саўса- вы
sawsaw	саўсаў	и. д. от саўса- высы
sawıǵıw	саўығыў	и. д. от саўық- вы - здоровление; кеселден кейин
sawıq-	саўық-	выздоравливать, по
sawıl-	саўыл-	ст - рад, от саў
sawısqan	саўысқан	сорока
sawıwshı	саўыўшы	доярка; тэжрийбели
sayaq	саяқ	одинокий - человек; саяқ
sayalaw	саялаў	и. д. от саяла- пребы
sayasızlıq	саясызлық	отсутствие - тени;
sáddelew	сәдделеў	и. д. от сэдделе
sádeplew	сәдеплеў	и. д. от сэдеплепришивание пуговицы
seykeslendiriw	сэйкеслендириў	и. д. от сэй
seykesleniw	сэйкеслениў	и. д. от сэйкеслен- приведение в - соответствие
sáykeslew	сәйкеслеў	и. д. от сэйкеслеприведёние в соответствие, под
SÁKKIZINSHI	СӘККИЗИНШИ	раза. см. сегизинши
selemlesiw	сэлемлесиў	и. д. от сэлем
serdarshılıq	сэрдаршылық	предводйтельство
sáwdik	сәўдик	любимый; сэўдигим мой
sáwir	сәўир	1) аст р. Телец; 2) уст
sáwirle-	сәўирле-	делать чт о-л. в ап
sewkele	сэўкеле	уст . парадный жен
sáwle	сәўле	1) луч; кун сэўлеси луч
sáwlelen-	сәўлелен-	1) светиться, излу
sewleleniw	сэўлелениў	и. д. от - сэўлелен- - 1) свечение, излучение света;
sáwlelent-	сәўлелент-	п онуд. от сэўлелен
sáwleli	сәўлели	лучезарный, свер
atanǵa	атанға	жук артты фольк. пе
bolmawǵa	болмаўға	себебим бар я имею
RUW	РУЎ	болған себепли по болезни
sebiw	себиў	и. д. от - сеп- - 1) ссыпание;
nerse-qaralarǵa	нэрсе-қараларға	нафталин себиў
sebiwshi	себиўши	1) тот, кто сыплет;
beytuǵı	бейтуғы	нлы ғы оны н сөзинен
soqır	соқыр	сезим - инстинкт; сезими ке
sekeqlet-	секеқлет-	понуд. от секецле
seksewil	сексеўил	саксаул; / с а к с а у л о
leriniq	лериниқ	секторы сектор т ю р к
selew	селеў	ковыль. - селк: с ел к ет-а) встряхиваться;
selkildew	селкилдеў	и. д. от селкилде- - вздрагивание, дрож ание
selteqlik	селтеқлик	помеха
ONIQ	ОНЫҚ	қ о л л а р ы с ем и п қ а л д ы
semiriw	семириў	и. д. от семир- о ж и
semirtiw	семиртиў	и. О. от семирт- о т
septiriw	септириў	и. д. от септир
serpiniw	серпиниў	и. д. от серпин- с б р а
siyreklew	сийреклеў	и. д. от сийрекле
siyreksiw	сийрексиў	и. д. рт сийрекси
silkiniw	силкиниў	и. д. от силкинвстряхивание
silkiw	силкиў	и. д. от - силки- - 1) вытря
silpilew	силпилеў	и. д. от силпиле-. - силте- - 1) н а п р а в л я т ь , у к а з ы
siltew	силтеў	и. д. от - силте- - 1) н а
simiriw	симириў	и. д. от сигиир- в ы
gáptic	гәптиц	синтаксиси синтаксис
sintetikalıq	синтетикалық	синтетйческий;
biriwge	бириўге	ҚОЛЫ тиймейди ему не
sicbiriw	сицбириў	и. д. от сицбир
siqdiriw	сиқдириў	и. д. от синдир
siniriw	синириў	и. д. от - сицир- - 1)
siqiriw	сиқириў	переваривание - пйщи;
túsiibeydi	түсиибейди	он совсем не пони - мает, он соверш енно не пон и м а
tárbi	тәрби	ялаў системасы система
slesarlıq	слесарлық	профессия, занятие
sobalaq	собалақ	1) пряжа плохого ка
-sobalaq	-собалақ	лохматый-лохматый
sobıq	собық	I) стручок; 2) название
SOǴIL-	СОҒЫЛ-	возвр.- - страд, от соқ
SOǴIM	СОҒЫМ	1) осенний убой скота;
SOǴIS	СОҒЫС	биение; жүрек соғыс
SOǴIS-	СОҒЫС-	взаимн. от - соқ- - 1) уда
soǵıw	соғыў	и. д. от - соқ- - 1) биение;
sheshiwdi	шешиўди	узаққа соз- оттянуть
SOZǴIZ-	СОЗҒЫЗ-	см. создыр
sozǵıla-	созғыла-	многокр. от соз
sozdırıw	создырыў	и. д. от - создыр- - 1) протягивание, вытягивание
soyqa-	сойқа-	11 махать, размахи
soyqal-	сойқал-	ст - рад, т о сойқа
soyqala-	сойқала-	м ногокр. от сойқа-. - сойқан - 1) раздор, ссора; скан
soyqanlı	сойқанлы	озорной; бедовый;
soyqanshılıq	сойқаншылық	озорство
qonaqlarǵa	қонақларға	қои сойылды для го
SOQQI	СОҚҚЫ	1) удар; 2) отпор; душпанға СОҚҚЫ бер- дать отпор
soqqıla-	соққыла-	м ногокр. от соқ
SOQLIǴIS-	СОҚЛЫҒЫС-	взаим н. о т соқлық
soqlıǵısıw	соқлығысыў	и. д. о т соқлығысстолкновёние друг с другом
soqlıǵıw	соқлығыў	и. д. от соқлық
soqlıqtır-	соқлықтыр-	п онуд. от соқ
LIQ-	ЛЫҚ-	наталкивать н а к о - го -ч т о -л
soqlıqtırıw	соқлықтырыў	и. д. от соқ
lıqtır-	лықтыр-	столкновение с - кем
soqpa	соқпа	кусок - глйны; соқпа
soqpaq	соқпақ	Дорожка, тропйнка;
soqta	соқта	игральные - карты; соқта
soqtır-	соқтыр-	п онуд. от - соқ- - 1)
qırǵa	қырға	таяқ - услатқандай (это)
soqırlıq	соқырлық	прям, и перен. сле
solaq	солақ	полка, служащая в ар
solaqay	солақай	левша. - солақайлан^ действовать ле
SOLǴIN	СОЛҒЫН	1) поблёкший, увяд
solqılda-	солқылда-	1) быть упругим
júregim	жүрегим	солқылдап тур у меня
solqıldaq	солқылдақ	упругий, пружйн истый; солқылдақ кэт пру
solqıldaqlan-	солқылдақлан-	быть - упругим
solqıldaqlıq	солқылдақлық	упругость, пружйнистость
solqıldat-	солқылдат-	понуд. от - солқылда- - 1) сделать упругим (напр
solqıldaw	солқылдаў	и. д. от - солқылда- - 1) дрожь, вздрагивание; 2) уча
SOLQILDI	СОЛҚЫЛДЫ	дрожь
SOLQIM	СОЛҚЫМ	гроздь, кисть; бир
soltaq	солтақ	хромота
SOLIQ	СОЛЫҚ	учащённое - дыхание;
SOMLIQ	СОМЛЫҚ	рублёвый; еки сомЛЫҚ двухрублёвый
sonarǵa	сонарға	кетти он пошёл на охо - ту
sonlıqtan	сонлықтан	из-за - того, по
SOQ	СОҚ	1) конец; последствие
SONǴI	СОНҒЫ	последний; последую
sonıraq	сонырақ	позже, после, нотбм;
sopaq	сопақ	продолговатый, оваль
soraǵıshla-	сорағышла-	многокр. от со
sorǵalatıw	сорғалатыў	и. д. от сорға
sorǵalaw	сорғалаў	и. д. от - сорғалавытекание, стенание струёй
sorǵız-	сорғыз-	понуд. от сор- за
sorǵızıw	сорғызыў	и. д. от - сорғызсосание, высасывание; вытяги
sorǵısh	сорғыш	промокательная бу - мага; пресс-папье; -С> қан сор
ǴISH	ҒЫШ	кровожадный, кровосос
sorlatıw	сорлатыў	и. д. от сорлат
sorlaw	сорлаў	и. д. от сорла
sorpalıq	сорпалық	колйчество - чего-л
sorpa-suwjydkaya	сорпа-суўжйдкая	мясная пйща. - соррац: соррац ет- см. сорран ла
sorranlatıw	сорранлатыў	и. д. от - сорранлат- - 1) высовывание; 2) вы
sorraqlaw	соррақлаў	и. д. от - сорранла- - 1) высовывание; 2) выделение
sorıǵıw	сорығыў	и. д. от сорық-. - сорық- - 1) несколько подсы
sotanaq	сотанақ	1) непоседа; / непосед
sotanaqlıq	сотанақлық	1) непоседливость;
sotlawshı	сотлаўшы	судья, тот, кто с у
social-demokratlıq	социал-демократлық	социал
sociallıq	социаллық	социальный; социаллық қурылыс социальный
SOYUZLIQ	СОЮЗЛЫҚ	союзный; союзлық
LÁN	ЛӘН	союзлық общесоюзный, все
soyawlaw	сояўлаў	и. д. от - сояўла- - 1)
SÓGIL-	СӨГИЛ-	ст - рад, от сек- II по
seginiw	сегиниў	и. д. от сегин- - брань
segisiw	сегисиў	и. д. от сегис
segiw	сегиў	и. д. от - сек- I брань
qısqası	қысқасы	короче - говоря; таяқ
mecgeriliwshi	мецгерилиўши	сез - гр а м . упра
qaraqalpaqsha-russha	қарақалпақша-русша	сезлик ка
sózwar	сөзўар	красноречивый
sóylew	сөйлеў	и. д, от сейле- говор
seylewik	сейлеўик	говорлйвый, болт
sóktiriw	сөктириў	I и, д. от сектир- I
sóleketleniw	сөлекетлениў	и. д. от селе
són-	сөн-	гаснуть, потухать; шыра сөнди свет погас
sóndir-	сөндир-	понуд. опг сөн- га - сить, тушить; шыраны сөндиргасйть лампу
sóndiril-	сөндирил-	ст - рад, от сөндиргасйться; быть погашенным; өрт
sóndirildi	сөндирилди	пожар - погашен
sóndiriw	сөндириў	и. д, от сөндиргашёние, тушение
sóndirt-	сөндирт-	п онуд. от сөндирзаставить - погасйть, потушйть
sóniw	сөниў	и. д. от сөн- - угасание
sót-	сөт-	пороть, распарывать чт о
SÓ	СӨ	ТИ Л- возвр.-ст - рад, от с ө т
sótiw	сөтиў	и. д. от сет- - порка
standartlaw	стандартлаў	и. д. от стан
statistikalıq	статистикалық	статистиче - ский; статистикалық мағлуў
gazetadaǵı	газетадағы	статья газетная - статья; конституция статьясы
strategiyalıq	стратегиялық	стратегйческий;
suǵanaq	суғанақ	прожорливый, жад
suǵanaqlan-	суғанақлан-	быть прожорли - вым, жадным, ненасытным
suǵanaqlıq	суғанақлық	прожорливость
suǵıl-	суғыл-	страд, от суқ- 1)
suǵılıs-	суғылыс-	взаимн. от - суғыл-;
suǵın-	суғын-	возвр. от суқ
suǵıw	суғыў	и. д. от - суқ- - 1) вка
sudlıq	судлық	судебный, подсудный;
suyıq	суйық	1) жйдкий; 2) редкий
suyıqla-	суйықла-	1) делать жйдким
suyıqlan-	суйықлан-	возвр. от - суйықла- - 1) становйться жйдким, раство
suyıqlas-	суйықлас-	взаимн. от - суйык
suyıqlat-	суйықлат-	понуд. от суйық- - ла- - 1) заставить делать жйдким
suyıqlaw	суйықлаў	и. д. от суйықла-. - суйықлық - 1) жйдкое состоя
suyılıw	суйылыў	и. д. от суйыл-. - суқ - 1) зависть; 2) жадность;
QOLI	ҚОЛЫ	суқ а) вор, грабитель; б)
suq-	суқ-	1) вкалывать, втыкать
qaitıp	қаитып	келди он вернулся ни
sulaytıw	сулайтыў	и. д. от сулайт-. - сулқ: сулқ болып жат- ле
suluwlanıw	сулуўланыў	и. д. от сулуўлан
suluwlacqıra-	сулуўлацқыра-	немнбго, чуть
suluwlat-	сулуўлат-	понуд. от сулуўлазаставить - украшать, делать краейвым кого-чт о-л
suluwlaw	сулуўлаў	и. д. от сулуўлаукрашёние кого-чего-л. - сулуўлық - 1) красота; сулуў
sumlıq	сумлық	1) хйтрость; плутов
sumlıqlı	сумлықлы	хйтрый; плутоватый
sumlıqsız	сумлықсыз	бесхйтростный
sumlıqshı	сумлықшы	хитрёц; плут
sumlıqshıl	сумлықшыл	см. сумлықшы
aqsha	ақша	большая сумма дёнег. - сумырай - 1) миф. сймвол все
sucqar	суцқар	сбкол; / соколйный;
supısınıw	супысыныў	и. д. от супысынизображёние из себя - суфия, изображёние из себя святоши
surǵılt	сурғылт	сероватый; сурғылт
suslıq	суслық	грозный вид
prikosnwlsya	прикоснўлся	к его - воде); аузымнан
suwat	суўат	1) водопой; 2) прорубь;
suwǵarma	суўғарма	орошаемый, полив
suwǵart-	суўғарт-	понуд. от - суўғар- - 1)
suwǵarıl-	суўғарыл-	ст - рад, от суўғар
wǵarılǵan	ўғарылған	произведения Бердаха пропйтаныв ыебкими идеями
suwǵarılıw	суўғарылыў	и. д. от суўға
suwdır	суўдыр	1) лёгкий шум, ше
suwdırla-	суўдырла-	1) шелестеть, шур
suwdırlan-	суўдырлан-	возвр. от суўдырла
suwdırlas-	суўдырлас-	взаим н. от суў- - дырла- - 1) шелестеть, шуршать
suwdırlaw	суўдырлаў	и. д. от - суўдырла- - 1) шелест, шуршание; 2)
suwdırlıq	суўдырлық	1) шелест, шорох
suwla-	суўла-	I пугаться; журегим
suwlap	суўлап	кетти у меня сердце за - мерло {от ст раха)
suwlan-	суўлан-	возвр. опг - суўла- II
suwlanıw	суўланыў	и. д. от - суўлан- II
suwlas-	суўлас-	1 еэаимн. от суўла- I
suwlastır-	суўластыр-	I понуд. от суў
suwlat-	суўлат-	I понуд. от суўла- I
suwlı	суўлы	1) поливной, ороша
suwlıq	суўлық	удила. - суўлықла- - 1) взнуздывать; 2)
suwlıqlan-	суўлықлан-	в о - звр .-ст р а д , от
suwlıqla-	суўлықла-	1) взнуздываться; 2)
suwlıqlat-	суўлықлат-	понуд. от суў- - лықла- - 1) заставить взнузды
suwlıqlatıw	суўлықлатыў	и. д. от суўлық
suwlıqlaw	суўлықлаў	и. д. от - суўлықла- - 1) взнуздывание; 2) перен. обуз
suwlıqlı	суўлықлы	1) взнузданный (о
suw-puw	суў-пуў	собир. - воды
suwsa-	суўса-	хотеть - пить, томиться
suwsar	суўсар	кунйца
suwsat-	суўсат-	понуд. от суўса- вы
suwsatıw	суўсатыў	и. д. от суўсатжелание пить
suwsaw	суўсаў	и. д. от суўса- желание
suwsınlıq	суўсынлық	см. суўсын. - суўшы - 1) водовоз; 2) поли
suwshılıq	суўшылық	1) занятие водово
suwı-	суўы-	1) охлаждаться, осты
kewili	кеўили	суўыды его чувства ос
-suwıǵın	-суўығын	татқан он прошёл
tóbemnen	төбемнен	суўық суў қуйып жибергендей болды как будто меня
suwıqlıq	суўықлық	1) холод, стужа;
suwılda-	суўылда-	двигаться очень бы - стро, со свистом; суўылдап ушлететь со свистом; оқ сууылдап
suwıldaw	суўылдаў	и. д. от суўылдабчень быстрое - движение, движе
suwın	суўын	I олень; / олений
suwın-	суўын-	1) охлаждаться, ос
suwınla-	суўынла-	складывать в коп - ны (нап р. сено)
suwınlas-	суўынлас-	взаи.мн. от суўынла- помогать складывать в коп - ны (напр. сено)
suwınlat-	суўынлат-	понуд. от суўынла- заставить складывать в коп - ны (напр. сено)
suwınlattır-	суўынлаттыр-	п онуд. от суўынлат
suwınlaw	суўынлаў	и. д. от суўынласкладывание в - копны (напр
suwıkqıra-	суўыкқыра-	немного - остыть
suwır-	суўыр-	1) веять; бийдайды
suwırt-	суўырт-	понуд. от - суўыр- - 1)
suwırıl-	суўырыл-	ст - рад, от сууыр
suwırıs-	суўырыс-	взаим н. от - суўыр- - 1) помогать веять (напр. п ш е
suwırıstır-	суўырыстыр-	понуд. от - су
wırıs-	ўырыс-	1) заставить помогать
suwırıw	суўырыў	и. д. от - суўыр- - 1)
suwıt-	суўыт-	п онуд. от - суўы- - 1)
suwıttır-	суўыттыр-	понуд. от суўыт
suwıtıs-	суўытыс-	взаим н. от суўытпомогать - охлаждать, остужать
suwıtıw	суўытыў	и. д. от суўыт- ох
suzdiriw	суздириў	и. д. от суздир
súzeklew	сүзеклеў	и. д. от сузекле- за
súzewik	сүзеўик	бодливый
suzisiw	сузисиў	I и. д. от сузис- I
suziw	сузиў	I и. д. от суз- I бодание
suydiriw	суйдириў	и. д. от суйдир-. - суйе- - 1) поддерживать, под
suyek-sayaq	суйек-саяқ	собир. разные - кости
suyemlew	суйемлеў	и. д. от суйемлеизмерёние пядями
súyenbey	сүйенбей	отыр - сидй, не опираясь
súyendir-	сүйендир-	понуд. - от сүйен- - 1) употребйть чт о-л. в каче
súyendirt-	сүйендирт-	понуд. от сүйенДИр
súyenis-	сүйенис-	взаим н. - от сүйен- - 1) опираться на чт о-л. вмест е
súyeniw	сүйениў	и. д. - от сүйен
súyenish	сүйениш	1) подпорка; 2) п е
súyenishim	сүйенишим	моя - опора; сүйенишим ЖОҚ болды! не стало
súyent-	сүйент-	см. сүйендир
súyesin	сүйесин	см. сүйениш
súyet-	сүйет-	п онуд. - от сүйе- I) за
súyew	сүйеў	и. д. - от сүйе- - 1) поддёржка чего-л.-, 2) перен. под
súyewli	сүйеўли	1) подпёртый чем-л.;
súyewshi	сүйеўши	1) поддерживающий
súyikli	сүйикли	1) мйлый, приятный;
súyiklilik	сүйиклилик	любовное - отнощёние, расположёние к ком у
súyinerlik	сүйинерлик	1) приносящий ра
súyinish	сүйиниш	радость, восторг
súyinishli	сүйинишли	приятный, радо
súyinshi	сүйинши	подарок за сообще
súyir	сүйир	I: сүйир шыбын мош
súyirle-	сүйирле-	1) делать продолго
súyirlen-	сүйирлен-	ст - рад, от сүйирле
súyirlendir-	сүйирлендир-	понуд. от сүй- - ирлен- - 1) делать продолгова
súyirlet-	сүйирлет-	понуд. - от сүйирле- - 1) заставить дёлать продолгова
súyirlew	сүйирлеў	и. д. - от сүйирле- - 1) придание чему-л. продолго
súyis-	сүйис-	взаим н. - от сүй- - 1) любйть друг друга; 2) целоваться;
súyisiw	сүйисиў	и. д. - от сүйис”
súyispenlik	сүйиспенлик	любовные отношёния
súyistir-	сүйистир-	понуд. - от сүйис- - 1) вызвать любовь друг к другу;
súykeliw	сүйкелиў	и. д. от суйкел-. - суйкен- - 1) возвр. от суйке-;
súykeniw	сүйкениў	и. д. от суйкен
SÚYKIMLI	СҮЙКИМЛИ	ПҮ1ЫТ ппиятиая пиша
suykimsireniw	суйкимсирениў	и. д. от суй
súymurıq	сүймурық	симург {название
súyreliw	сүйрелиў	и. д. от - суйрел
suyreliwshi	суйрелиўши	волочащийся
súyreqlet-	сүйреқлет-	понуд. от суйрецле- заставить говорйть - быстро
súyretiliw	сүйретилиў	и. д. от - суйретилволочёние
súiretickire-	сүиретицкире-	затягивать, от
súyretiw	сүйретиў	и. д. от сүйретволочёние - кого-чего-л
súyretki	сүйретки	1) след иа земле
súyrettir-	сүйреттир-	п онуд. от сүйрет
súyrew	сүйреў	и. д. от сүйре- воло
súyri	сүйри	1) продолговатый; 2)
súyrik	сүйрик	бот . молодая поросль
súysin-	сүйсин-	1) любить; 2) любо
súysinerlik	сүйсинерлик	1) любимый; сүй
súysiniw	сүйсиниў	и. д. - от сүйсин- - 1)
súlgi	сүлги	полотенце; сүлги менен
súrt-	сүрт-	вытираться .полотенцем
súlder	сүлдер	1) скелет; сүлдери қал
súlderle-	сүлдерле-	обводить контур - чего-л.; чертить схему чего-л
súlderlen-	сүлдерлен-	ст - рад, от сулдерле
súlderlew	сүлдерлеў	и. д. от сүлдерлеобведёние контура - чего-л.; черчёние схемы чего-л
súlik	сүлик	пиявка
súmbelew	сүмбелеў	и. д. от сумбелезабивание шомполом - заряда (в
sumeclew	сумецлеў	и. д. от сумецле
súmireyiw	сүмирейиў	и. д. от сумирей
sumpeyiw	сумпейиў	и. д. от сумпей
súinetlew	сүинетлеў	и. д. от суниетлерел. совершёние обряда обреза
súqgis-	сүқгис-	езаим н. - от сүцги- - 1)
súqgit-	сүқгит-	п онуд. - от сүқги- - 1)
súqgittir-	сүқгиттир-	понуд. от сүқгит
súqgiw	сүқгиў	и. д. от сүцги- погру - жение (напр. в воду)
súp	сүп	материя; ақ суп белая
suriw	суриў	II и. д. от сур- I вспа
surlew	сурлеў	и. д. от сурле- вяле - ние {мяса, рыбы)
surnigisiw	сурнигисиў	и. д. от сурнигисспотыкание
surnigiw	сурнигиў	и. д от сурникспотыкание
surtiniw	суртиниў	и. д. от суртин- - вытирацие; обтирание; суўық суўға
malǵan	малған	сүлги менен суртиниў
sutxorlıq	сутхорлық	I) жадность, ску
sútxorshılıq	сүтхоршылық	см. сутхорлық. - сутшитот, кто продаёт молоко;
súwen	сүўен	усач {рыба)
súwretle-	сүўретле-	1) фотографйровать;
súwretlen-	сүўретлен-	ст - рад, от сүўретле- 1) фотографйроваться; быть
súwretlew	сүўретлеў	и. д. - от сүўретле- - 1) фотографйрование; 2) рисо
súwretli	сүўретли	1) нарисованный;
súwretsiz	сүўретсиз	неиллюстрйрованный
súwretxana	сүўретхана	фотография {м а
súwretshi	сүўретши	1) фотограф; 2) х у
qurılıstıc	қурылыстыц	схемасы схема со - оружения; докладтыц схемасы
aqshadan	ақшадан	сыбага тийди на мою
sıbanıw	сыбаныў	и. д. от сыбан- - засучивание {рукавов)
sıbawshılıq	сыбаўшылық	профессия шту
sıbızǵı	сыбызғы	деревянный музы
sıbır-gúbir	сыбыр-гүбир	перешёптывание
sıbırlasıw	сыбырласыў	и. д. от сыбыр
sıbırlaw	сыбырлаў	и. д. от - сыбырлаН.1Н1С11ТЫВа11[1С
sıǵalat-	сығалат-	понуд. от - сығалазаставн'рь заглядывать; заста
sıǵalaw	сығалаў	и. д. от сығала- за - глядывание; подглядывание, под
SIǴIL-	СЫҒЫЛ-	возвр.-ст - рад, от сық
SIǴIM	СЫҒЫМ	выжимки
sıǵıw	сығыў	и. д. от сық- выжи - мание, отжимание; кир сығыў
sızǵanım	сызғаным	ЖОҚ я со вчерашнего
sızǵır-	сызғыр-	пронзительно, резко
sızǵırt-	сызғырт-	понуд. от сызғырзаставить - пронзительно, резко
sızǵırıs-	сызғырыс-	взаим н. от сыз
ǵır-	ғыр-	пронзйтельно, резко свис
sızǵırıw	сызғырыў	и. д. от - сызғырпронзйтельный, резкий свист
SIZǴISH	СЫЗҒЫШ	линейка
sızdırıw	сыздырыў	и. д. от сыздыр
ayaqlarım	аяқларым	сызлайды у меня ноют
sızlaw	сызлаў	и. д. от сызла
sızlawıq	сызлаўық	мед. небольшой фу
sızıq	сызық	прямая - линия; қыйсық
SIZIQLI	СЫЗЫҚЛЫ	1) линованный; 2)
sızıqsha	сызықша	1) чёрточка; 2) тире
sızıw	сызыў	и. д. от сыз- - черчение
ǵarrınıq	ғаррынық	қуўанышы қойнына сыймайды радости стари
SIYǴIZ-	СЫЙҒЫЗ-	см. сыйдыр
sıydamlaw	сыйдамлаў	и. д. от сыйдамлаоголёние
sıydırıw	сыйдырыў	и. д. от - сыйдырвмещёние, помещёние
SIYQI	СЫЙҚЫ	бблик, внёшность
sıyqır	сыйқыр	1) чары; колдовство;
sıyqırla-	сыйқырла-	1) колдовать; 2)
sıyqırlı	сыйқырлы	1) колдовской; 2)
sıyqırlıq	сыйқырлық	1) колдовство; 2)
sıyqırshı	сыйқыршы	1) колдун; чаро
SIYQISIZ	СЫЙҚЫСЫЗ	невзрачный, нека
paǵandı	пағанды	билмейди, жаман адам
sıylaǵandı	сыйлағанды	билмейди погов
sıylasıq	сыйласық	взаимное - уважёние;
bir-birewge	бир-биреўге	сыйласық билдир
sıylasıqlı	сыйласықлы	1) уважаемый;
sıylaw	сыйлаў	и. д. от - сыйла- - 1)
SIYLIQ	СЫЙЛЫҚ	1) подарок, дар; сыйлыққа бер- принестй в дар; 2)
sıylıqla-	сыйлықла-	премировать
sıylıqlan-	сыйлықлан-	возвр. от сыйлықла- - премироваться; быть
sıylıqlanıw	сыйлықланыў	и. д. от сыйлықлан- премирование
sıylıqlaw	сыйлықлаў	и. д. от сыйлықлапремирование
sıypalaw	сыйпалаў	и. д. от - сыйпала*
sıypaclaw	сыйпацлаў	и. д. от - сыйпанла- - 1) махание хвостом; 2) перен
sıypailıq	сыйпаилық	франтовство
QOLII	ҚОЛЫИ	сыйпат- разрешйть
sıyraq	сыйрақ	голень
sıyraqsız	сыйрақсыз	безногий
sıyınıw	сыйыныў	и. д. от сыйынпреклонёние перед - кем-чем-л.;
SIQ-	СЫҚ-	жать, выжимать, отжи
sıqbar	сықбар	грязная - шерсть (под
sıqla-	сықла-	горько - плакать; жылап
sıqmar	сықмар	см. сықпар
sıqpan	сықпан	суп (с клёцками)
sıqpar	сықпар	скупой, жадный; / ску
sıqparlıq	сықпарлық	скупость, жад
SIQ-SIQ	СЫҚ-СЫҚ	ет- - свистеть (о крыль
sıqtır-	сықтыр-	понуд. от сық- за
SIQIL	СЫҚЫЛ	внешность, внешний
SIQILIN	СЫҚЫЛЫН	жойт- потерять - чело
SIQILLI	СЫҚЫЛЛЫ	1) похожий, подоб
sıqılsız	сықылсыз	имеющий неприят
sıqırlat-	сықырлат-	понуд. о т - сықырла- - 1) вызывать хруст; вызывать
sıqırlatıw	сықырлатыў	и. д. от сықыр
sıqırlaw	сықырлаў	и. д. от - сықырла- - 1) хруст; треск; 2) скрип, скре
sıqır-sıqır	сықыр-сықыр	звукоподража
-sıqır	-сықыр	ет- а) хрустеть; б) скри
sılatıw	сылатыў	и. д. от - сылат- - 1)
sılaw	сылаў	и. д. от - сыла- - 1) об
aǵıpatır	ағыпатыр	вода течёт журча
sıldırlaw	сылдырлаў	и. д. от сылдыр
sıldırlawıq	сылдырлаўық	погремушка
sılqılda-	сылқылда-	щататься, качать
sılqıldas-	сылқылдас-	взаим н. от сылкылда
sılqıldat-	сылқылдат-	п онуд. от сыл
sılqıldaw	сылқылдаў	и. д. о/п сылқылда
sılqım	сылқым	1) ветошь, старое
smlqımlan-	смлқымлан-	1) быть неряхой;
SILKIMLIQ	СЫЛКЫМЛЫҚ	вялость, отсутст
sıltawlat-	сылтаўлат-	п онуд. от сылтаўла- заставить находйть - причйну, повод, предлог для чего-л
sıltawlaw	сылтаўлаў	и. д. от сылтаў
sıltawshıl	сылтаўшыл	человек, всегдй
SILTIQ	СЫЛТЫҚ	прихрамывающий
sımaq	сымақ	подобно, как; жигит
sımpıyıw	сымпыйыў	и. д. от сымпый-. - сын I крйтика; сын тақ- а)
sınaq	сынақ	испытание; экзамен; сы
sınalıw	сыналыў	и. д. от сынал- испы - тание, опробование, проверка
sınǵai	сынғаи	бйтый, разбйтый; сын
SINSHILIQ	СЫНШЫЛЫҚ	положение или
SINIQSHI	СЫНЫҚШЫ	костоправ
sıcsıw	сыцсыў	1) и. д. от сыцсы-;
SIP-SINIQ	СЫП-СЫНЫҚ	а) очень учтйвый
sıpayılanıw	сыпайыланыў	и. д. от сы
sıpayılıq	сыпайылық	вежливость, учтйвость, деликатность; воспитан
sıpıldaq	сыпылдақ	расторопный; сыпылдақ киси расторопный че
sıpırǵı	сыпырғы	см. сыпырғыш
sıpırǵısh	сыпырғыш	веник; метла
sıpırıq	сыпырық	мусор
sıpırıqla-	сыпырықла-	собирать, под
sıpırıw	сыпырыў	и. д. от - сыпыр- - 1)
sırǵa	сырға	серьга
sırǵana-	сырғана-	скользить (напр. по
sırǵanaq	сырғанақ	скользкий; / каток
sırǵanaqla-	сырғанақла-	см. сырғана
sırǵanat-	сырғанат-	понуд. от сырғаназаставить - скользить; вызвать
sırǵanaw	сырғанаў	и. д. от сырғанаскольжёние
sırǵı-	сырғы-	скользить, спускаться
sırǵıw	сырғыў	и. д. от - сыртысоскальзывание (напр. с дерева)
sırǵıya	сырғыя	1) жулик; / жульни
sırǵıyalıq	сырғыялық	1) жульничество;
sırqas	сырқас	1) болезнь; 2) больной
sırqaslan-	сырқаслан-	ст - рад, от сыр
sırqaslat-	сырқаслат-	понуд. от сыр
qasla-	қасла-	вызвать - болезнь, способ
sırqaslaw	сырқаслаў	и. д. от сырқаслазаболевание
sırqaslı	сырқаслы	больной; подвер
sırqaw	сырқаў	см. сырқас
sırqawla-	сырқаўла-	см. сырқасла
sırqawlı	сырқаўлы	см. сырқаслы
sırqı-	сырқы-	цедить, фильтровать
sırqındı	сырқынды	подонки
sırqıra-	сырқыра-	ныть (болеть)
sırqıraw	сырқыраў	и. д. от сырқыра
sırqıt-	сырқыт-	п он уд. от сырқы
sırqıw	сырқыў	и. д. от сырцыфильтрация. - сырла- - 1) красить, окраши
sırlasıw	сырласыў	и. д. от сырлас
sırlaw	сырлаў	и. д. от - сырла- - 1)
sırmaq	сырмақ	телогрейка, ватник
qalanıc	қаланыц	сыртында за - городом;
boyalǵan	боялған	еди снаружи дом был - выкрашен; сырттан даўыслар
sırtlıq	сыртлық	внешний круг в
sırıq	сырық	жердь; боны сырық
SIYAQ	СЫЯҚ	внёшиость, внёшний вид
sıyaqlan-	сыяқлан-	уподобляться, ста
SIYAQLI	СЫЯҚЛЫ	подобный; аналогич
tabaǵan	табаған	1) находчивый; 2) удач
tabaqlas	табақлас	однокашник
tabalaǵısh	табалағыш	злорадный; ехйдный; табалағыш адам ехйдный
tabalaw	табалаў	и. д. от табала
tabalawshılıq	табалаўшылық	злорадство;
tabaldırıq	табалдырық	порог в - юрте
tabanlaw	табанлаў	и. д. от табанла
tabawıq	табаўық	см. тапқыш
joyılǵan	жойылған	затлар табылды про
tabılıw	табылыў	и. д от табыл
tabınıw	табыныў	и. д. от - табын- - 1) преклонение; поклонение; 2)
seplewi	сеплеўи	гр а м . винительный па
tabısıw	табысыў	и. д. от - табыс- - 1)
tabıw	табыў	и. д. от тап- нахо - ждение; жумбақты табыў раз
tabıwshı	табыўшы	1) тот, кто нахо
tagalatıw	тагалатыў	и. д. от тагалат
tagalaw	тагалаў	и. д. от тагала- ков - ка, подковывание
tagınıw	тагыныў	и. д. от тагын
gagıw	гагыў	и. д. от - тақ- - 1) наде
shıbıqtay	шыбықтай	как молодой побег - ивы; 3) в разн. знач. свежий;
tazalanıw	тазаланыў	и. д. от - тазаланчйстка, очищение
tazalaw	тазалаў	и. д. от - тазала- - 1)
tazalıq	тазалық	чистота; чистоплот
tazalıqsız	тазалықсыз	грязный; нечисто
tazartıw	тазартыў	и. д. от - тазартчйстка, очищение
tazarıw	тазарыў	и. д. от тазар- очи
tayǵaq	тайғақ	1) скользкий; тайғақ
tayǵalaq	тайғалақ	см. тайғақ. - тайғалақла- - 1) ско.пьзйть; 2)
tayǵalaqlaw	тайғалақлаў	и. д. от тайға- - лақла- - 1) скольжение; 2) перен
tayǵana-	тайғана-	скользйть; тайғанап
tayǵanaq	тайғанақ	см. тайғақ
tayǵanat-	тайғанат-	понуд. от тайғанавызвать скольжёние
tayǵanatıw	тайғанатыў	и. д. от тайға
tayǵanaw	тайғанаў	и. д. от тайғанаскольжёние
taydırıw	тайдырыў	и. д. от тайдыр-. - тайла- - 1) упаковывать кйпами; 2) укладывать, расклады
taylaq	тайлақ	годовалый верблюжо - нок; <> таў тайлақ жираф
taylaw	тайлаў	и. д. от - тайла- - 1)
taynapırlıq	тайнапырлық	громадные, ог
taypaq	тайпақ	1) плоский; 2) поло
taypaqla-	тайпақла-	1) делать плоским;
taypaqlan-	тайпақлан-	возвр. от тайпақ- - ла- - 1) становйться плоским; 2)
taypaqlat-	тайпақлат-	п он уд. от - тайпақла- - 1) заставить сделать
taypaqlaw	тайпақлаў	и. д. от тайпақла
tayraqla-	тайрақла-	см . тайрацла
tayraqlaw	тайрақлаў	и. д. от тайранла-. - тайсал- - 1) посторонйться; жол
taysalshaq	тайсалшақ	1) трусливый, пуг
tayınlatıw	тайынлатыў	и. д. от та
tayınlıq	тайынлық	готовность, подго
taktikalıq	тактикалық	тактический; тактикалық тэлим тактйческие уче
diywalǵa	дийўалға	така- придвинуть шкаф
salǵan	салған	адамдай ундсмейди погов
taqat	тақат	терпение, выдержка; вы
taqatım	тақатым	қалмады у меня не
taqa-taq	тақа-тақ	звукоподражание вы
taqatlan-	тақатлан-	набраться терпе - ния, выдержки; успокоиться
taqatlı	тақатлы	терпеливый; спокой
taqatsız	тақатсыз	невыдержанный, не
taqatsızlan-	тақатсызлан-	потерять тер - пение, выдержку
taqatsızlıq	тақатсызлық	невыдержанность
taqaw	тақаў	и. д. от тақа
taqla-	тақла-	приготавливать, соби
taqlas-	тақлас-	взаимн. от тақлапомогать - приготавливать, соби
taqlasıw	тақласыў	и. д. от тақлас
taqlaw	тақлаў	и. д. от тақла
taqletli	тақлетли	подобный; / подобно;
taqlette	тақлетте	наподобие, подобно
taqmaq	тақмақ	см. тақпақ
taqmaqshı	тақмақшы	см. тақпақшы
taqpa	тақпа	прицепной; подвес
taqpaq	тақпақ	1) декламация; тақ
paq	пақ	айт- - декламировать; 2) час
taqpaqshı	тақпақшы	1) декламатор; 2)
taqsır	тақсыр	1) уст. господйн, су
taq-tuq	тақ-туқ	звукоподражание ст у
taktırıw	тактырыў	и. д. от тақтыр
taqwa	тақўа	рел. - воздержанность;
takwalık	такўалык	см. такўа
taqık	тақык	точно; йстинно, действйтельно; соны такық билдим
sóyledi	сөйледи	он говорил - ясно; 2)
taqıldat-	тақылдат-	понуд. от - такылда- - 1) заставить чётко, ясно гово
taqıldaw	тақылдаў	и. д. от тақылда-. - тақылдаўық - 1) стучащий(нопр
taqıldı	тақылды	I) стук; 2) перен
taqım	тақым	внутренняя сторона ко
taqımla-	тақымла-	идти по - пятам, идти
taqımlas-	тақымлас-	взаимн. от тақымла- идти по - пятам, идти слёдом вместе с кем-л
taqımlaw	тақымлаў	и. д. от тақымла-. - тақыр - 1) голый; без растйтельности; тақыр дала голая
taqırla-	тақырла-	1) оголить (убирать
takırlaw	такырлаў	и. д. от тақырла-. - тақырлы - 1) см. тақылды; 2)
taqırlıq	тақырлық	голая - земля, земля
taqırshıq	тақыршық	голый; тап-тақырШЫҚ наголо, начисто
taqıya	тақыя	тюбетейка; ермолка;
taqıyalı	тақыялы	с - тюбетейкой, в тю
taqıyalıq	тақыялық	количество мате - рии, необходимое (достаточное)
talaysızlıq	талайсызлық	несчастье
talaq	талақ	I анат. селезёнка
talantlılıq	талантлылық	талантливость
talapgóy	талапгөй	см. талапкер
talapgóylik	талапгөйлик	см. талапкерлик. - талапкер - 1) домогающийся;
talapsızlıq	талапсызлық	уст. безработи
máseleler	мәселелер	спорные международ
talasıw	таласыў	и. д. от - талас-;
talatıw	талатыў	и. д. от талат
talaw	талаў	и. д. от тала- П гра - бёж; разграблёние; талаўга тускен мал а) награбленный скот;
talawshı	талаўшы	разбойник, грабйтель; талаўшылар шайкасы раз
talawshılıq	талаўшылық	грабёж, разбой
talǵa-	талға-	1) выбирать, отбирать
talǵaq	талғақ	1) желание, прихоть;
talǵaqlıq	талғақлық	разборчивость, привсрёдливость
talǵaw	талғаў	и. д. от талға- - отбор
taldırıw	талдырыў	и. д. от талдыр
talqan	талқан	см. тақан
talqanla-	талқанла-	размельчать, дро
talqanlan-	талқанлан-	возвр.-страд, от
talqanlat-	талқанлат-	понуд. от тал
qanla-	қанла-	заставить - размельчить
talqanlaw	талқанлаў	и. д. от - талқанларазмельчёние, дробление; раз
talqı	талқы	1) обсуждение; дискус
talqıla-	талқыла-	1) обсуждать; дискутйровать; 2) толковать, ис
ózinshe	өзинше	талқылады он по-своему
talqılan-	талқылан-	страд, от талқы
talqılaw	талқылаў	и. д. от - талқыла- - 1) обсуждение; талқылаў ретинде в порядке обсуждения; 2)
tallaw	таллаў	и. д. от - талла- - 1) де
tallıq	таллық	тальник, ивняк
talmalaw	талмалаў	молодой и - тонкий;
talpaq	талпақ	неуклюжий, непово
talpaqla-	талпақла-	ходйть - неуклюже
talpınıw	талпыныў	и. д. от талпынстремлёние вперёд
taltayıw	талтайыў	и. д. от талтай
taltaq	талтақ	раскоряка, кривоно
taltaqla-	талтақла-	ходйть перевалива - ясь (напр. о кривоногом)
taltaqlat-	талтақлат-	понуд. от талтақла
taltaqlaw	талтақлаў	и. д. от талтақла
taltaqlıq	талтақлық	см. талтақ
talwas	талўас	стремление, желание
talwasla-syl'no	талўасла-сйльно	желать - чего-л
talwaslaydı	талўаслайды	сердце загорается
talwaslan-	талўаслан-	возвр. от - талўаславоодушевляться; стремиться к
talwaslat-	талўаслат-	понуд. от талўасла- вызвать сильное - желание
talwaslaw	талўаслаў	и. д. от талўасласйльное - желание, стремлёние к
talwaslıq	талўаслық	см. талўас. - талшық - 1) волокно; 2) пру
talıqsı-	талықсы-	1) чувствовать не
talıw	талыў	1) и. д. от тал- оне
tamaqlan-	тамақлан-	1) закусйть, под
tamaqlandır-	тамақландыр-	понуд. от тамақлан- дать - поёсть, накормйть;
tamaqlanıw	тамақланыў	и. д. от тамаклан
tamaqsa	тамақса	нйжняя часть - ярма
tamaq-samaq	тамақ-самақ	см. - тамақ-памақ;
tamaqsaw	тамақсаў	прожорливый; /о б
tamaqsawlıq	тамақсаўлық	прожорливость
waqıtı	ўақыты	тамамланды рабочее
tamamlaw	тамамлаў	и. д. от - тамамлаокончание, доведение до конца
jaqqa	жаққа	таман по эту сторону. - тамаша - 1) удовольствие; раз
tamashagóylik	тамашагөйлик	склонность к ве
tasqa	тасқа	тамга басқандай - чётко
tamızıq	тамызық	см. тамызықлық. - тамызықла- - 1) готовить щеп
tamızıqlan-	тамызықлан-	страд, от тамызықла
tamızıqlat-	тамызықлат-	понуд. от - тамызықла- - 1) заставить готовить
tamızıqlaw	тамызықлаў	и. д. от - тамызықла- I) приготовление щепок
tamızıqlıq	тамызықлық	щепки или лу
tamızıw	тамызыў	и. д. от - тамыз- I
tandırlıq	тандырлық	1) материал, пред
tanıǵısız	танығысыз	неузнаваемый; неразличймый; танығысыз езгерип кеткен он изменйлся до не
tanımaslıq	танымаслық	1) неузнаваемый;
jumıstıq	жумыстық	планы менен таныеознакбмиться с планом - работы
tanıslıq	таныслық	знакомство
atqanda	атқанда	или тад саргайып ат
tadqıy-	тадқый-	задирать нос. - тадла- - 1) выбирать, отбирать
tadlamay-aq	тадламай-ақ	ала бер - берй, не
taclaylasıw	тацлайласыў	и. д. от танлайлас- - лингв, палатализация
taclaq	тацлақ	грам. - междометие
tacsıq	тацсық	1) редкостный, дико
tacsıqlan-	тацсықлан-	стать - редким; по
tacırqa-	тацырқа-	1) любопытствовать
tacırqan-	тацырқан-	возвр. от тацыр
tacırqanıw	тацырқаныў	и. д. от тацыр
tacırqat-	тацырқат-	понуд. от - тацыр
tacırqaw	тацырқаў	и. д. от - тацырқа- - 1) проявление любопытства; 2)
tacıwlı	тацыўлы	завязанный, связан
tap-taqır	тап-тақыр	совершенно - голый
tapjıldırıw	тапжылдырыў	и. д. от тап
tapqırlıq	тапқырлық	1) находчивость;
tapqısh	тапқыш	I) находчивый; до
tapqıshlıq	тапқышлық	1) находчивость;
tap-tuynaq	тап-туйнақ	опрятный, акку
taptırıw	таптырыў	и. д. от таптыр
tapıldatıw	тапылдатыў	и. д. от тапыл
taraq	тарақ	гребень, расчёска; агаш
múyiz	мүйиз	тарақ роговая - гребёнка
taraqan	тарақан	таракан
taraqshı	тарақшы	уст. - мастер, изго
taralǵı	таралғы	путлище
taralıw	таралыў	и. д. от - тарал- - 1)
tarqap	тарқап	кетеди - поел, пока пле
taranıw	тараныў	и. д. от таран- при
taratıw	таратыў	и. д. от - тарат- - 1)
taratıwshı	таратыўшы	1) раздатчик; 2)
taraw	тараў	1) и. д. от тара-;
tarbaǵay	тарбағай	растопыренный; рас
tarbaytıw	тарбайтыў	и. д. от тарбайт
tarbayıw	тарбайыў	и. д. от тарбай-. - тарбацла- - 1) тяжело, неуклю
tarbaqlaw	тарбақлаў	и. д. от - тарбанла- - 1) тяжёлые, неуклюжие движе
tarbayaqla-	тарбаяқла-	барахтаться
tarbayaqlaw	тарбаяқлаў	и. д. от тарбаяқла
tarǵıl	тарғыл	пёстрый, красный с
tarǵıllan-	тарғыллан-	быть - пёстрым, быть
tarǵılt	тарғылт	пестроватый
tarq	тарқ	подражание - треску, рез
tarqa-	тарқа-	• I) расходйться, раз
tarqadı	тарқады	наш кружок распал - ся; 3) рассеиваться; булт тар
qadı	қады	туча - рассеялась; думай
uyli-úyine	уйли-үйине	тарқасты онй раз
tarqasıw	тарқасыў	и. д. от таркас
tarqat-	тарқат-	понуд. от - тарқа- - 1)
tarqatıw	тарқатыў	и. д. от - тарқат- - 1)
tarqaw	тарқаў	и. д. от тарқа-. - тарқылда- - 1) сйльно кричать
tarqıldaq	тарқылдақ	1) горлодёр; 2)
tarnaw	тарнаў	1) запруда; водоспуск;
tarnawla-	тарнаўла-	запрудйть (воду)
tarsıldatıw	тарсылдатыў	и. д. от тар
tarsıldaw	тарсылдаў	и. д. от тарсылда-. - тарсылды - 1) грохот, стук; 2)
wapkershiligine	ўапкершилигине	тарт- привлечь
balaǵa	балаға	тарт- заступаться за ре - бёнка; 14) походить, быть по
tartqı	тартқы	повязка; тартқы баў
tartqıla-	тартқыла-	многокр. от тарт
tartqısh	тартқыш	палка, предназначен
tarttırıw	тарттырыў	и. д. от - тарттыр-;
tartıq	тартық	стянутый, сморщен
tartıqlıq	тартықлық	стянутость, смор
tartınǵısh	тартынғыш	см. тартыншақ. - тартыншақ - 1) тот, кто упи
tartınshaqla-	тартыншақла-	1) упираться
tartınshaqlıq	тартыншақлық	стеснйтельность; несмёлость, нерешйтельность
tartınınqıra-	тартынынқыра-	1) побаивать
tartıw	тартыў	и. д. от тарт-. - тартыўшы - 1) тянущий; тот
tartıwshı	тартыўшы	привлекающий к от - ветственности
tarshılıq	таршылық	см. тарлық
tarıǵıw	тарығыў	и. д. от тарық-. - тарық- - 1) чувствовать стес
tarıslıq	тарыслық	см. тарлық. - тас - 1) камень; / каменный;
qural	қурал	дэўири ист. каменный - пек; дацқы тас жарған он поль
tasaddıq	тасаддық	жертва; жолында тасаддық шийрин жан ради негб
tasalaw	тасалаў	и. д. от тасала- при - крывание, укрывание
tasbaqa	тасбақа	черепаха; асты тас
tasqın	тасқын	наводнение; потоп;
tasqınla-	тасқынла-	1) выходйть из бе
tasqınlan-	тасқынлан-	возвр. от - тасқынла- - 1) вдохновляться; 2) чванить
tasqınlaw	тасқынлаў	и. д. от тасқынла-. - тасла- - 1) в разн. знач. бросать;
taslaq	таслақ	каменйстое - место
tas-talqan	тас-талқан	вдрёбезги, в пух
tastúnek	тастүнек	тьма
tastıqlan-	тастықлан-	страд, от тастық
tastıqlat-	тастықлат-	понуд. от тастық
tastıqlaw	тастықлаў	и. д. от - тастықлаутверждёние; подтверждение
tasıraq	тасырақ	пучеглазый, лупогла
tasıraqla-	тасырақла-	1) вытаращить гла
tasıtıw	тасытыў	и. д. от тасыт-. - тасыў I и. д. от тасы- I пе
tasıw	тасыў	II «. д. от тасы- II
tasıwshı	тасыўшы	I) возчик; 2) разнос
tatlılıq	татлылық	сладость; вкус
tatuwlasıw	татуўласыў	и. д. от татуўласмримирёние
tatuulıq	татуулық	дружеские - отношёмня; дружба, мир
tatuwshılıq	татуўшылық	согласие, примирёние; дружба
tawap	таўап	уст. - 1) паломничество;
tawar	таўар	раза. I) товар; 2) ману
tawla-	таўла-	1) крутйть, вертеть
tawlan-	таўлан-	еозвр. от - таўла- - 1)
lana-tawlana	лана-таўлана	туседи лйстья па
tawlas-	таўлас-	взаимн. от таўлапомогать - крутйть, вертеть, вра
tawlat-	таўлат-	понуд. от таўла- заста
tawlaw	таўлаў	и. д. от таўла- кру - жение, вращение, закручивание
tawlı	таўлы	горйстый; таўлы жер
tawsıl-	таўсыл-	1) страд, от таўысрасходоваться, израсходовать
tawsılmas	таўсылмас	вёчный; бесконеч
taw-tas	таў-тас	горная мёстность
tawwa	таўўа	положение - альчика
tawshan	таўшан	уст. - 1) заяц; 2) туш
tawıs	таўыс	павлин; / павлиний;
tawıs-	таўыс-	1) окончить, закончить;
batıwǵa	батыўға	таялды солнце клони
tayanıw	таяныў	и. д. от таян
egiwge	егиўге	таярлан- готовиться к по
tayarlanıw	таярланыў	и. д. от таярлан
tayarlaw	таярлаў	и. д. от - таярла- - 1)
tayarlawshı	таярлаўшы	заготовитель
tayarlıq	таярлық	готовность; подго
tayarlıqsız	таярлықсыз	без - подготовки;
tayaw	таяў	1) подпорка; 2) шест;
TÁÁJJIP	ТӘӘЖЖИП	удивительный, поразйтельный; / удивительно, по
tábiyǵat	тәбийғат	см. тэбият
tábiyǵıy	тәбийғый	природный, есте
táǵdir	тәғдир	судьба, предопределе
tájjallıq	тәжжаллық	свирепость
tekebbirleniw	тэкэббирлениў	и д. от тэ
tekrarlaw	тэкрарлаў	и. д. от тэкрар
gám	гәм	63П тәр
támbilew	тәмбилеў	и. д. от тэмбиле
táminle-	тәминле-	снабжать, обеспечи
teminlew	тэминлеў	и. д. от - тэминлеснабжёние, обеспечение
teminlewshi	тэминлеўши	снабженец; / снаб
terbiyalaw	тэрбиялаў	и д. от тэрбиялавоспитание
terbiyalawshı	тэрбиялаўшы	воспитатель
terepgóy	тэрепгөй	сторонник группи - ровок; раскольник
terepgóylik	тэрепгөйлик	групповщйна; рас
táreppazlıq	тәреппазлық	см. тэрепгөйлик
teriyqa	тэрийқа	аспект; вид; способ
táriplen-	тәриплен-	страд, от тәрипле- характеризоваться, опйсываться; быть охарактеризован
teriplew	тэриплеў	и. д, от тәриплехарактерйстика, описание
tárnek	тәрнек	сорт скороспелой дыни
tártip	тәртип	1) порядок; правило
shaqır-	шақыр-	призвать к - порядку;
etetuǵın	ететуғын	эффектйвный, быстро
táwekelshi	тәўекелши	рискующий чело
táwip	тәўип	1) знахарь; 2) уст. ле
táwirle-	тәўирле-	улучшать
tewirlen-	тэўирлен-	страд, от тэўирле- улучшаться; быть улучшен
táwirlet-	тәўирлет-	понуд. от тэ
tewlik	тэўлик	сутки
tewmet	тэўмет	клевета, оговор, кля
jazıwshınık	жазыўшынык	творчестволык
tegislew	тегислеў	и. д. от - тегисле- - 1)
tejew	тежеў	и. д. от - теже- - 1) пону
tezletiw	тезлетиў	и. д. от - тезлет- I
tekseriliw	тексерилиў	и. д. от тексерил
tekseriwli	тексериўли	1) провёренный;
tekseriwsiz	тексериўсиз	I) без провёрки; /
tekseriwshi	тексериўши	I) ревизор; 2) исслёдователь
telmiriw	телмириў	и. д. от телмир
tematikalıq	тематикалық	тематйческий
tentirew	тентиреў	и. д. от - тентирескитание; бродяжничество
teqew	теқеў	и. д. от тене- - сравнёние {двух предметов между собой)
tenlew	тенлеў	1) и. д. от тепле- урав
tenseliw	тенселиў	и. д. от теқсел- по - качивание, раскачивание
teqsizlik	теқсизлик	неравенство
teqsin-	теқсин-	считать себя - равным
teqshil	теқшил	стремящийся к равен - ству, к справедливости
teoriyalıq	теориялық	теоретический
terbetiw	тербетиў	и. д. от тербет- ка - чание, колебание, колыхание
terbew	тербеў	и. д. от тербе- - качание
tergeliwshi	тергелиўши	подследственный
tergew	тергеў	и. д. от терге- след
tergewshi	тергеўши	следователь
terdiriw	тердириў	и. д. от тердир
territoriyalıq	территориялық	территориаль - ный; территориялық суўлар тер
terrorlıq	террорлық	террористйческий
tesiw	тесиў	и. д. от тес- - бурение
bayǵa	байға	тий- выйти - замуж; жанға
tiygiziw	тийгизиў	и. д. от - тийгизвышучивание; тил тийгизиў ос
tiyip-qashıp	тийип-қашып	урывками
tiyiw	тийиў	простуда
tiykarǵı	тийкарғы	основной, централь
tikireyiw	тикирейиў	и. д. от тикирей
tikireytiw	тикирейтиў	и. д. от тикирейт
tiklew	тиклеў	и. д. от - тикле- - 1) вы
tiktiriw	тиктириў	и. д. от тиктир
qawındı	қаўынды	тил- резать - дыню
júrim	жүрим	тиле погов. чем желать
tilsuq	тилсуқ	сглаз (по суеверным
tintiw	тинтиў	и. д. от тинт- - обыск
tintiwshi	тинтиўши	обыскивающий
shıǵar-	шығар-	выпустить большйм ти
tiresiwshilik	тиресиўшилик	спор
tirew	тиреў	и. д. от тире- - подпирание; ■О' тиреў ағаш люшня
tirewish	тиреўиш	1) подпорка; 2) перен
tirilgiziw	тирилгизиў	и. д. от - тирилгизоживлёние, воскрешёние кого-л
tiriliw	тирилиў	и. д. от тирил- ожи - вание, воскресёние
gúrek	гүрек	тис - резец; тис ети дёсны;
tisew	тисеў	и. д. от тисе- потеря мо
tislewik	тислеўик	1) кусачки; 2) ку
titiretiw	титиретиў	и. д. от титиРг
titirew	титиреў	и. д. от - титиредрожь; трепет
titirkeniw	титиркениў	и. д. от титир
tobıǵı	тобығы	толған - окрепший, воз
tovarlılıq	товарлылық	товарность
toǵa	тоға	пряжка ремня или под
toǵaylı	тоғайлы	покрытый - лесом, лесйстый; тоғайлы жер ансыз болмас поел, лесйстое место без
toǵaylıq	тоғайлық	лес
toǵanaq	тоғанақ	см. доғанақ
TOǴIZ	ТОҒЫЗ	девять
toǵızla-	тоғызла-	делйть по девятй
toǵızlanshı	тоғызланшы	см. тоғызыншы
toǵızlap	тоғызлап	по - девятй
TOǴIZINSHI	ТОҒЫЗЫНШЫ	девятый
TOǴII	ТОҒЫИ	I с.н. шецбер
TOǴIN	ТОҒЫН	II б б о д
TOǴIS	ТОҒЫС	I) сближение; столкно
TOǴIS-	ТОҒЫС-	стать друг против дру - га; столкнуться; сразйться
tozanǵı-	тозанғы-	подниматься (о пыли)
tozanǵıt-	тозанғыт-	понуд. от тозақғы
tozacǵıtıw	тозацғытыў	и. д. от тозақ
ǴIT-	ҒЫТ-	поднятие - пыли
tozapǵıw	тозапғыў	и. д. от тозақғы
tozǵaq	тозғақ	1) пух от растений
tozǵanlıq	тозғанлық	ветхость
tozdıratuǵın	тоздыратуғын	болды гости надо - ели; босағаны тоздыр- обивать
tozıw	тозыў	1) и. д. от тоз- 2) изно
toyǵa	тойға	барсан тойып бар погов
TOYǴIZ-	ТОЙҒЫЗ-	см. - тойдыр
toydırıw	тойдырыў	и. д. от тойдырнасыщён ие
toylaw	тойлаў	и. д. от тойла
toytaqay	тойтақай	легкомысленная, ка
toytaqla-	тойтақла-	капрйзничать
TOYIMLIQ	ТОЙЫМЛЫҚ	сытость
toyımsızlıq	тойымсызлық	ненасытность
toyınıw	тойыныў	и. д. от тойын
toyıw	тойыў	и. д. от той- насыще - ние; пресыщение
toq	тоқ	1) сытый; ас қэдирин тоқ
toqal	тоқал	1) безрогий; тоқал сыйыр безрогая корова; 2) уст
toqallıq	тоқаллық	1) отсутствие рогов; 2)
toqbaq	тоқбақ	см. тоқпақ
toqlı	тоқлы	ярка. - тоқлық - 1) сытость; 2) перен
toqpaq	тоқпақ	1) колотушка, тоқпағы
toqpaqla-	тоқпақла-	бить - дубйьой; колотйть, тузйть; стучать кулаками;
toqpaqlap	тоқпақлап	ур- - поколотйть; дать
toqpaklat-	тоқпаклат-	понуд. от тоқ
paqla-	пақла-	заставить бить - дубйной;
toqpaqlaw	тоқпақлаў	и. д. от тоқпақ
toqsanınshı	тоқсаныншы	девяностый
toqta-	тоқта-	1) остановйться, задер
toqtal-	тоқтал-	страд, от тоқта- 1)
toqtam	тоқтам	1) остановка; 2) за
toqtamastan	тоқтамастан	бесперебойный; /
toqtas-	тоқтас-	взаимн. от - тоқта-;
toqtasqan	тоқтасқан	қаўын спелая ды
qısqısın	қысқысын	тоқтат- сдержать на
toqtatıw	тоқтатыў	и. д. от - токтатостановка, задержка
toqtaw	тоқтаў	и. д. от тоқта- оста - новка; задержка
toqtawsız	тоқтаўсыз	безостановочный;
TOQI-	ТОҚЫ-	1) ткать; гилем тоқы
TOQIL-	ТОҚЫЛ-	страд, от тоқы
toqılda-	тоқылда-	издавать глухой - стук
toqıldaq	тоқылдақ	дятел
toqıldat-	тоқылдат-	понуд. от тоқылда
TOQILDI	ТОҚЫЛДЫ	стук
toqıma	тоқыма	ткань; / тканый; со
toqımal	тоқымал	см. тоқыма
toqımashılıq	тоқымашылық	ткацкое про
toqıs-	тоқыс-	взаимн. от - тоқы- - 1) сов
TOQIT-	ТОҚЫТ-	понуд. от - тоқы- - 1) за
toqıtıw	тоқытыў	и. д. от тоқыт-. - тоқыў - 1) и. д. от тоқы-;
tokıwshı	токыўшы	ткач; текстйльщик
toqıwshılıq	тоқыўшылық	ткачество; тек
tolarsaq	толарсақ	голень
tolǵa-	толға-	петь - речитативом
tolǵaq	толғақ	родовые - схватки; -О»
tolǵaǵı	толғағы	жеткен - неотложный
tolǵan-	толған-	горевать, грустить
tolǵaw	толғаў	1) и. д. от толға-; 2) ис
TOLQI-	ТОЛҚЫ-	1) вздымать волны
tolqıma	толқыма	волнйстый; толқыма
TOLQIN	ТОЛҚЫН	волна. - толқынла-образоваться {о вол
tolqınladı	толқынлады	сердце его учащён
tolqınlan-	толқынлан-	страд, от тол
tolqınlaw	толқынлаў	и. д. от толқынла
tolqınlı	толқынлы	бурный, волную
tolqınsaq	толқынсақ	водоросль
TOLQIS-	ТОЛҚЫС-	взаимн. от толқы
TOLIQv	ТОЛЫҚв	разн. знач. - полный, по
wekil	ўэкил	полномочный представйтель. - толықла- I) наполнять; 2) пе
tolıqlan-	толықлан-	страд, от толықла
tolıqlaw	толықлаў	и. д. от - толықла- - 1) наполнение; 2) перен. допол
tolıqlawısh	толықлаўыш	грам. дополне - ние; туўры толықлцўыш пря
lawısh	лаўыш	косвенное дополнение. - толықсы- - 1) быть в полной
TOLIQSIT-	ТОЛЫҚСЫТ-	понуд. от толық
tolıqsıw	толықсыў	и. д. от толықсы
tolıqtır-	толықтыр-	дополнять, попол
tolıqtırıw	толықтырыў	и. д. от толықтыр- - дополнение, пополне
tolısıw	толысыў	и. д. от толыс
tolıw	толыў	и. д. от - тол
tomaǵa	томаға	кожаный - колпачок, на
tompayıw	томпайыў	и. д. от - томпайвспухание, вздутие
tompaq	томпақ	1) толстый, полный;
tompaqlıq	томпақлық	1) толщина, полно
tompıyıw	томпыйыў	и. д. от - томпыйвспухание, вздутие
tonatıw	тонатыў	и. д. от тонат
tonaw	тонаў	и. д. от - тона- - 1) гра
tonawshı	тонаўшы	грабйтель. - токлы - 1) имеющий шубу; с
TONLIQ	ТОНЛЫҚ	1) материал предназ
toqǵaq	тоқғақ	II мерзляк; животное
toqqılda-	тоққылда-	ворчать, брюзжать
toqqıldaq	тоққылдақ	ворчлйвый, брюзг
tonqıldas-	тонқылдас-	взаимн. от тон
toqqıldat-	тоққылдат-	понуд. от тон
tonqıldatıw	тонқылдатыў	и. д. от тоқ
tonqıldaw	тонқылдаў	и. д. от - тоққылдаворчание, брюзжание
TONQILDI	ТОНҚЫЛДЫ	ворчание, брюзжа
tonlatıw	тонлатыў	и. д. от тонлатзамораживание
tonlaw	тонлаў	и. д. от тонла- замер
topaslıq	топаслық	1) тупость, тупоумие;
top-toqalaq	топ-тоқалақ	безрогий
top-tompaq	топ-томпақ	1) очень толстый;
topıraq	топырақ	1) земля; почва; грунт;
topıraqlı	топырақлы	пыльный
toraq	торақ	брынза (домашняя)
torǵay	торғай	жаворонок
torqa	торқа	волокно - джута, коноплй
torpaq	торпақ	раза. см. топырақ
torsıq	торсық	1) пузырь; 2) бурдюк;
torsıldaq	торсылдақ	рыбий - пузырь; -0>
torsıldaqtay	торсылдақтай	коз опухшие глаза
tosqawıl	тосқаўыл	препятствие, поме
tosqawıllıq	тосқаўыллық	см. тосқаўыл
tosqın	тосқын	заграждение, прегра
tosqınshılıq	тосқыншылық	см. тосқын
tosnaw	тоснаў	уст. небольшая мусор
tostaǵan	тостаған	чашка; насыбай тостаған деревянная чашка с руч
tosıw	тосыў	и. д. от тос
TOTIQ-	ТОТЫҚ-	1) темнеть, становйться
totıqtır-	тотықтыр-	понуд. от тотық
-tóbe	-төбе	кучками; бир тебе ет доля
tuwel	туўел	болса төбедеги келер поел
tóbel	төбел	белое - пятно, звёздочка
tóbelesiw	төбелесиў	и. д. от тебе
tebelew	тебелеў	и. д. от - тебеле
tóbeli	төбели	1) с крышей, имеющий
tóbet	төбет	кобель. - тогил- - 1) страд, от төк
desturxanǵa	дэстурханға	чай төгилди чай
tógiliw	төгилиў	и. д. от төгил
tógin	төгин	удобрение; минерал тө
tóginle-	төгинле-	удобрять
tóginlew	төгинлеў	и. д. от төгинлеудобрёние
tógiw	төгиў	и. д. от ток
TÓZIM	ТӨЗИМ	терпелйвость; выносли
TÓZIMLI	ТӨЗИМЛИ	I) терпелйвый; вы
TÓZIMSIZLIK	ТӨЗИМСИЗЛИК	1) отсутствие тер
sawashqa	саўашқа	ток- бросить войска
qarızındı	қарызынды	толег уплатйть - долг
tóletiw	төлетиў	и. д. от толет- по
tolew	толеў	и. д. от толе- - плата
tolewsiz	толеўсиз	без - уплаты, безвоз
tólewshi	төлеўши	1) плательщик; 2) должнйк
temenleniw	теменлениў	и. д. от томенлен
tómenlettir-	төменлеттир-	понуд, от тө
tómenlew	төменлеў	и, д. от теменле
tónkeriliw	төнкерилиў	и. д. от төқкерил
tónkeris	төнкерис	переворот
tóckeriw	төцкериў	и. д. от тенкер
teresımaq	тересымақ	барин
terkinlew	теркинлеў	и. д. от теркинле
tórlew	төрлеў	и. д. от терле
tórtew	төртеў	четверо; төртеўлеп
tesew	тесеў	и. д. от - тесе
tótelet-	төтелет-	понуд. - от төтелс- - 1) заставить двигаться прямо;
tótelew	төтелеў	и. д. от төтеле
tótepki	төтепки	выдержка; төтепки
tóte-tóte	төте-төте	возглас, которым
tuǵır	туғыр	подставка, насест (для
tuǵırıqla-	туғырықла-	посадить на под - ставку (ловчую птицу)
tuyǵıshlıq	туйғышлық	1) чувствйтельность; способность чувствовать;
tuyınıw	туйыныў	и. д. от туйын
tuqıl	туқыл	тупой, с тупым кон
tuqım	туқым	1) сёмя, семена; егис
quwǵan	қуўған	врождённый, наслед
tuqımgershilik	туқымгершилик	семеноводство
tuqımla-	туқымла-	размножаться, плодйться
tuqımlan-	туқымлан-	страд, от туқымла- размножаться, плодйться
qımlan-	қымлан-	размножать; осеме
tuqımlandırıw	туқымландырыў	и. д. от
tuqımlandır-	туқымландыр-	размножение;
tuqımlas	туқымлас	единокровный; род
tuqımlıq	туқымлық	1) органы размно
tulǵa	тулға	I 1) таган, треножник;
tulımshaq	тулымшақ	I) косичка; 2) уст
tumaqshı	тумақшы	уст. - шапочник (при
tumawlaw	тумаўлаў	и. д. от тумаўлапростуда
tumsıq	тумсық	I) клюв; морда; щипец;
tumsıǵında	тумсығында	қуйрығы бар загад
tunǵıyık	тунғыйык	см. - тумғуйыктунжыра- I) быть печальным
tunjıraw	тунжыраў	и. д. от тунжыра
tunshıǵıw	туншығыў	и. д. от туншык
tunshıqtır-	туншықтыр-	понуд. от тун
tuqǵısh	туқғыш	I) первоначальный;
turaq	турақ	местожительство; стоян
turaqsızlıq	турақсызлық	непостоянство
turarlıq	турарлық	достойный, стоящий;
turqı	турқы	1) вид; 2) стан, фигура
turpayılıq	турпайылық	!) грўбость; не
tusımdaǵı	тусымдағы	находящийся против - меня; туе бол- встречаться; туе
tue-tusqa	туе-тусқа	ушып кетти птицы
tusarlıq	тусарлық	нйжняя часть пе
tutanaq	тутанақ	припадок
tutanaqlı	тутанақлы	припадочный
tutanǵısh	тутанғыш	загорающийся, вспы
tutaslıq	тутаслық	совместность; спа
tutqa	тутқа	ручка; қапынын. тут
tús-	түс-	попасть в - плен, оказаться
tutqınxana	тутқынхана	уст. - тюрьма
tutqırlıq	тутқырлық	1) ловкость {напр
tutqısh	тутқыш	1) тряпка для сни
tutlıǵıw	тутлығыў	и. д. от тутлық- за - пинание; заикание
tutlıq-	тутлық-	запинаться; заикать
tutlıqpa	тутлықпа	зайка
tutlıqtır-	тутлықтыр-	понуд. от тутлык
tutısıw	тутысыў	и. д. от тутыс-. - туў I знамя, флаг; қызыл
tuw	туў	красное знамя. - туў II 1) жирный, упйтанный
tuwǵanday	туўғандай	{ты так рад) будто
tuwdı	туўды	он попал в - беду
tuwalaq	туўалақ	дрофа. - туўар - 1) самка животного, со
tuwar-	туўар-	1) распрягать; атларды
tuwart-	туўарт-	понуд. от - туўар- - 1)
tuwarıl-	туўарыл-	страд, от туўар
tuwarıw	туўарыў	и. д. от туўар
tuwası	туўасы	врождённый, природ
tuwǵanlı	туўғанлы	имеющий родствен
tuwǵız-	туўғыз-	см. туўдыр
tuwdır-	туўдыр-	понуд. от туў- - родйть; породйть; создать; бул
waqıya	ўақыя	КӨП хабарлар туўдырды
tuwlaq	туўлақ	1) кожа, выделанная
tuwlaw	туўлаў	и. д. от туўла
tuwmaytuǵın	туўмайтуғын	бесплодный; туў
maytuǵın	майтуғын	қатын бесплодная жен
tuwradan	туўрадан	туўра а) прямёхонько;
tuwra	туўра	емес а) неправильно; б)
tuwra-	туўра-	мелко - нарезать; ет
tuwrala-	туўрала-	идтй напрямйк
tuwralan	туўралан	прямо, напротив
tuwralı	туўралы	послелог о, обо, отноейтельно, по поводу, в отно
tuwrama	туўрама	кушанье из мелко
tuwras-	туўрас-	взаимн. от туўра
tuwrat-	туўрат-	понуд. от туўра- за
tuwrattır-	туўраттыр-	понуд. от туўрат
tuwraw	туўраў	и. д. от туўра
tuwrawshı	туўраўшы	тот, кому во время
tuwrı	туўры	1) прямо; / прямой;
tuwrıla-	туўрыла-	1) поправить, нала
tuwrılap	туўрылап	в соответствии с ре - шением, в соотвётствии с поста
tuwrılan-	туўрылан-	возвр. - страд, от
tuwrılat-	туўрылат-	понуд. от - туўрыла- - 1) заставить поправить, нала
tuwrılaw	туўрылаў	и. д. от - туўрыла- - 1) налаживание, приведение в
tuwrılıq	туўрылық	1) правильность;
tuwsha	туўша	коза (годова.аая)
tuwıl-	туўыл-	страд, от туў- родйться; быть рождённым; ол аўылда туўылды он родйлся в дерев
tuwılǵan	туўылған	родной; туўылған
tuwılıw	туўылыў	и. д. от туўыл- рож - дение; баланыц туўылыўы рож
tuwırlıq	туўырлық	кошма, которой по
tuwısqan	туўысқан	родственник, родич
tuwısqanlı	туўысқанлы	имеющий род - ственников, родичей, сородичей
tuwısqanlıq	туўысқанлық	1) родствен
ısqan	ысқан	республикалар братские - республики; туўысқанлық сэлем
tuwısqanshıl	туўысқаншыл	любящий свою - родню; человек, у которого
tuwısqanshılıq	туўысқаншылық	1) родствен
tuwıw	туўыў	и. д. от туў- - рождение;
qoylardıc	қойлардыц	туўыўы басланды
tuyaq	туяқ	1) копыто; аша туяқ
tuyaqlı	туяқлы	1) копытный; имею
tuyaqsız	туяқсыз	1) без копыта; 2)
túbek	түбек	1) горшочек, прикреп
túbelegi	түбелеги	подставка для котла. - тубир - 1) корень; өсимликтиқ
tuydiriw	туйдириў	и. д. от - туйдир
túydirt-	түйдирт-	понуд. от түйдир
túye	түйе	верблюд; түйе қартайса
túyek	түйек	молотьба; түйек айдамолотйть
túyekeshlik	түйекешлик	1) занятие пастуха
túyekle-	түйекле-	молотить
túyeklen-	түйеклен-	страд, от туйеклебыть обмолоченным
tuyneklew	туйнеклеў	и. д. от туйнек
tuyrsw	туйрсў	и. д. от туйре- про - калывание; скалывание; прика
tuyrewish	туйреўиш	булавка; шпилька;
tulew	тулеў	и. д. от - туле- - 1) линя
túnet-	түнет-	понуд. от туне- за
tuciliw	туцилиў	и. д. от туцил
qalın	қалын	тупкир жери лесные
túrgsliw	түргслиў	и. д. - от түргелвставание, вскакивание
túrgelt-	түргелт-	понуд. - от түргелподиять, заставить встать, за
túrik	түрик	1) подвёрнутый; 2) тол
túril-	түрил-	страд, от тур- под
turiniw	туриниў	и. д. от турин
turiw	туриў	и. д. от тур- - засучивание {рукавов)
kórset-	көрсет-	обратйть чьё-л. внима - ние; указать, ткнуть носом
túrtiniw	түртиниў	и. д. от туртинтолкание
túrtiw	түртиў	и. д. от - турт- - 1) тол
shanqay	шанқай	туе ровно в - полдень;
laǵanda	лағанда	да тусиме енген - жоқ
satqan	сатқан	заттан тускен ақша - деньги, вырученные за продан
qaldırmay	қалдырмай	айт- рассказать ни
tusinbewshilik	тусинбеўшилик	см. тусинбес
tusindiriw	тусиндириў	и. д. от - тусиндиробъяснёние, разъяснёние; тол
túsiniw	түсиниў	и. д. от түсин- ра - зумение, понимание
túsinpaz	түсинпаз	смышлёный, быстро
súwretke	сүўретке	тусир- фотографиро - вать; аўзынан тусирмейди у него
tusiriw	тусириў	и. д. ОШ - тусир- - 1) опу
tusiw	тусиў	и. д. от - туе
tútetiw	түтетиў	и. д. от тутет
tútew	түтеў	и. д. от туте- - тление
tutinlew	тутинлеў	и. д. от тутинлезадымлёние
tutiw	тутиў	и. д. от тут- - трепание
túwe	түўе	отрицательно-усилитель
túwel	түўел	скот цел
tuwelle-	туўелле-	проверять - колйчество, наличие кого-чего-л.; подсчи
túwellet-	түўеллет-	понуд. от түўеллезаставить провёрить - колйчество
tuwelletiw	туўеллетиў	и. д. от түўеллет
túwellew	түўеллеў	и. д. от туўелле- провёрка - количества, наличия кого
tuwes-	туўес-	1) кончать, заканчивать;
túwesil-	түўесил-	страд, от туўес
tuwesiw	туўесиў	и. д. от туўес- окон
tuwestir-	туўестир-	понуд. от туўес
tushkiriw	тушкириў	и. д. от тушкир
TIǴIZ	ТЫҒЫЗ	1) плотный; тугой; тес
tıǵızlan-	тығызлан-	страд, от тығыз
tıǵızlat-	тығызлат-	понуд. от - тығызла
TIRIZLIQ	ТЫРЫЗЛЫҚ	1) плотность, тесно
TIǴIL-	ТЫҒЫЛ-	1) страд, от тық
TIǴILIS	ТЫҒЫЛЫС	теснота, дйвка, тол
TIǴILIS-	ТЫҒЫЛЫС-	взаимн. от - тығыл- - 1) тесниться, толпиться; кирер
awızda	аўызда	халайық тығылысып тур
tıǵılıw	тығылыў	и. д. от - тығыл- - 1)
TIǴIN	ТЫҒЫН	пробка, втулка, за
tıǵınla-	тығынла-	закупоривать, за
tıǵınlat-	тығынлат-	понуд. от тығынла
tıǵınlaw	тығынлаў	и. д. от тығынла- - закўпорка, закупоривание
tıǵıw	тығыў	и. д. от тық- всовы - вание, засовывание; втыкание
tızıldaw	тызылдаў	и. д. от - тызылда- - 1) свист, верещание; 2) перен
qoyıptı	қойыпты	он подровнял свою
nárse	нәрсе	қалмады у него ничего
tıyılıw	тыйылыў	и. д. от тыйылзапрещёние
TIYINLIQ	ТЫЙЫНЛЫҚ	копеечный: бес тыЙЫНЛЫҚ пятикопёечная монета
tıqsır-	тықсыр-	напирать, надавли
tıqsırt-	тықсырт-	понуд. от тықсыр
tıq-tıq	тық-тық	тикание; тық-тық
tıqılda-	тықылда-	1) говорить быстро
tıqıldat-	тықылдат-	понуд. от - тықылда-; есикти тықылдатты он
tıqır	тықыр	хруст, хрустёние
tıqırla-	тықырла-	1) хрустеть; 2) перен. приставать, надоедать
tıqırlat-	тықырлат-	понуд. от - тыкырла- - 1) вызывать хруст, хрустё
tıqırlaw	тықырлаў	и. д. от - тықырла- - 1) хруст, хрустёние; 2) перен
tıqırtqı	тықыртқы	хруст
tımpınıw	тымпыныў	и. д. от тымпый
TIMPIQ	ТЫМПЫҚ	маленький (о челове
tım-tıraqay	тым-тырақай	врассыпную;
TIMIQ	ТЫМЫҚ	1) тишь, тишина; 2)
tımıqlan-	тымықлан-	затихать, утихать
-ÓZI	-ӨЗИ	тыншытыу самоуспокоение
tınıǵıw	тынығыў	и. д. от - тынық
TINIQ	ТЫНЫҚ	1) прозрачный, чйстый, кристальный; тынық суў
TINIQ-	ТЫНЫҚ-	отдыхать
TINIMLIQ	ТЫНЫМЛЫҚ	отдых; покой; ус
TINIMSIZLIQ	ТЫНЫМСЫЗЛЫҚ	1) безостапбвочность, беспрерывность; 2)
tınıshlanıw	тынышланыў	и. д. от тыныш
TINISHLIQ	ТЫНЫШЛЫҚ	1) тишина, спо
tınıshsızlanıw	тынышсызланыў	и. д. от ты
TIQ	ТЫҚ	I: ТЫҚ жер целина, целйнная земля
tıcqılda-	тыцқылда-	надоедливо бол
tıclaw	тыцлаў	и. д. от - тыцла- - 1)
tıclawshı	тыцлаўшы	слушающий; / слу
TICSHILIQ	ТЫЦШЫЛЫҚ	шпионаж
tıraqayla-	тырақайла-	убегать, броситься
tıraqaylan-	тырақайлан-	разбегаться в раз
tırbıq	тырбық	1) низкорослый, тще
tırjıq	тыржық	1) корявый, рябой;
tırqıra-	тырқыра-	1) бежать без ог
tırmalaklaw	тырмалаклаў	и. д. от тырмалақла- взбирание
tırmalaw	тырмалаў	и. д. от - тырмалаборонование, бороньба
tırnaq	тырнақ	II I) архит. базис, ба
tırnaqsha	тырнақша	кавычки
tırnawıq	тырнаўық	царапающийся
tırtıq	тыртық	I) шрам; 2) корявый;
tırtıqlan-	тыртықлан-	I) покрываться
tırısqaq	тырысқақ	I) старательный; 2)
tırısqaqlan-	тырысқақлан-	капрйзничать
tırısqaqlıq	тырысқақлық	капрйз
tırıslıq	тырыслық	разе, старание, уси
tısawlat-	тысаўлат-	понуд. от тысаўлазаставмть надевать - путы, заста
tısawlaw	тысаўлаў	и. д. от тысаўланадевание пут
tısqarı	тысқары	послелог. - 1) вне, сна
tıslatıw	тыслатыў	и. д. от тыс
tıslaw	тыслаў	и. д. от - тысла- - 1)
tıyanaq	тыянақ	1) опора; 2) постоян
tıyanaqlı	тыянақлы	постоянный, на
uǵlan	уғлан	уст. - юноша
uǵım	уғым	понятие; уғым алыў иметь
uǵımlı	уғымлы	1) понятный, доходчи
uǵımsız	уғымсыз	1) непонятный, недо
uǵın-	уғын-	возвр.-страд, от уқ
uǵındır-	уғындыр-	понуд. от уғынспособствовать - пониманию, ус
uǵınıw	уғыныў	и. д. от уғын- пони - мание, усвоение
uǵıw	уғыў	и. д. от уқ- - восприятие
úsh	үш	күн удайы жаўын жаўды
uzaytıw	узайтыў	и. д. от - узайт- - 1) вы
uzayıw	узайыў	и. д. от - узай- - 1) вы
-uzaq	-узақ	а) очень далёкий; б) очень
uzaqqa	узаққа	ататуғын топ дально
boljaytuǵın	болжайтуғын	адам дальновид
uzaqla-	узақла-	см. - уза
uzaqlıq	узақлық	дальность; далёкое
uzaqsın-	узақсын-	считать что-л. да - лёким, дальним, удалённым
uzaqsınıw	узақсыныў	и. д. от узақсын
uzartıw	узартыў	и. д. от узарт- удли
uzarıw	узарыў	и. д. от узар- удли
uzınımızǵa	узынымызға	жаттық мы - легли
uzınlıq	узынлық	1) длина; узынлық
ólshewi	өлшеўи	мера - длинй; 2) геогр
uzınlı-qısqalı	узынлы-қысқалы	разные по
uzınnan-uzaq	узыннан-узақ	длйнный-предлйнный, очень длйнный, бес
uzınshıq	узыншық	длйнный, длинно
uyǵar-	уйғар-	1) намечать, предпола
uyǵart-	уйғарт-	понуд. от - уйғар- - 1)
uyǵarıl-	уйғарыл-	страд, от уйғар
uyǵarındı	уйғарынды	1) умозаключение;
uyǵarıs-	уйғарыс-	взаимн. от - уйғар- - 1) совместно намечать, предпо
uyǵarıw	уйғарыў	1) и. д. от уйғар-; 2)
uyqas	уйқас	1) соразмерный, соот
uyqası	уйқасы	кем его стихи плохо - рифмуются (букв, в его стихах
uyqas-	уйқас-	1) быть соразмерным
uyqaslan-	уйқаслан-	возвр. от уйқас
uyqaslıq	уйқаслық	см. уйқасым
uyqastır-	уйқастыр-	понуд. от - уйқас- - 1) делать соразмерным, соот
uyqasıq	уйқасық	см. уйқасым. - уйқасым - 1) соразмерность, со
uyqasımlı	уйқасымлы	1) соразмерный
uyqasımsız	уйқасымсыз	1) несоразмерный
uyqasıw	уйқасыў	и. д. от уйқас
uyqı	уйқы	сон; қустыц уйқысындай
uyqım	уйқым	келмейди мне не - спйтся;
uyqıla-	уйқыла-	спать, засыпать; уй
qılapatır	қылапатыр	он - спит
uyqılat-	уйқылат-	понуд. от - уйқылаусыплять; дать возможность ус
uyqılatıw	уйқылатыў	и. д. от - уйқылатусыплёние; укладывание спать
uyqılaw	уйқылаў	и. д. от уйқылазасыпание
uyqılı	уйқылы	сонный, заспанный;
qılı-oyaw	қылы-ояў	полусонное состоя
uyqısıra-	уйқысыра-	делать что-л. во
uyqı-tuyqı	уйқы-туйқы	собир. - суматоха
uyqıshı	уйқышы	см. уйқышыл
uyqıshıl	уйқышыл	сонливый; / сбня;
uyqıshıllıq	уйқышыллық	сонливость
uylıǵıw	уйлығыў	и. д от уйлық
uylıq-	уйлық-	толпиться, собираться
uypaq-juypaq	уйпақ-жуйпақ	сж. уйпа-жуйпа. - уйпала- - 1) путать, лохматить
uypalaq-juypalaq	уйпалақ-жуйпалақ	1) растрё
uypalaqla-	уйпалақла-	см. уйпала
uypalaw	уйпалаў	и. д. от уйпала-. - уйы- - 1) свёртываться; қатық
uyıq	уйық	1) болото, топкое место
uyıqla-	уйықла-	1) увязать в болоте
uyıqlat-	уйықлат-	понуд. от уйықла
uyıqlaw	уйықлаў	и. д. от уйықла
uyımlastırıw	уйымластырыў	и. д. от уйым - ластыр-; уйымластырыў мэжлиси организационное собра
uyımlastırıwshı	уйымластырыўшы	организа
uyımlasıw	уйымласыў	и. д. от - уйымласорганизация, сплочение
uyısqan	уйысқан	слйток; уйысқан ал
sút	сүт	уйыт- заквасить - молоко;
uyıtqıt-	уйытқыт-	понуд. от - уйытқы- - 1) вызвать порывистый ветер;
QITIP	ҚЫТЫП	айдадым я быстро гнал - лошадь; 3) вызвать рвоту, тош
uyıtqıw	уйытқыў	и. д. от уйытқы
uq-	уқ-	вникать в сущность - чего-л
uqqız-	уққыз-	понуд. от уқ- заста
uqqızıw	уққызыў	и. д. от уққыз- втол
uqsayman	уқсайман	я похож на отца
uqsap	уқсап	словно, подобно; көзи
uqsas	уқсас	похбжий, подббный
uqsaslıq	уқсаслық	схбдство, подббие;
uqsastır-	уқсастыр-	уподоблять
uqsat-	уқсат-	понуд. от уқса- делать - похожим; уподоблять; -ф- уқсатып ур- а) сйльно ударить; б)
uqsatıw	уқсатыў	и. д. от уқсат- упо
uqsaw	уқсаў	и. д. от уқса- уподоблёние
uqtır-	уқтыр-	см. уққыз
uqıp	уқып	спосббности; дарование;
uqıplılıq	уқыплылық	спосббности; да
uqıpsız	уқыпсыз	неспосббный, без
uqıpsızlıq	уқыпсызлық	отсутствие - спосббностей, бездарность
uqıpshıl	уқыпшыл	см. уқыплы
ulǵayıw	улғайыў	и. д. от - улғай- - 1)
ullılıq	уллылық	величие
ulpaq	улпақ	см. улпа
ultaraq	ултарақ	стелька {из кожи или
ultaraqla-	ултарақла-	класть - стельку
ultaraqlat-	ултарақлат-	понуд. от ултарақла- заставить положить
ultaraqlaw	ултарақлаў	и. д. от ултарақ
ultartıw	ултартыў	и. д. от ултарт- при
ultarıw	ултарыў	и. д. от ултар- при
uluw	улуў	миф. - дракон; улуў жылы
tuwıldım	туўылдым	я родился в год дракбна
uluwma	улуўма	общий; улуўма- хаЛЫҚЛЫҚ всенародный, общенарбдный; улуўма алғанда в общем;
uluwmala-	улуўмала-	обобщать
uluwmalas-	улуўмалас-	взаимн. от улуў
uluwmalastır-	улуўмаластыр-	понуд. от улуў
uluwmalastırıw	улуўмаластырыў	и. д. от
uluwmalaw	улуўмалаў	и. д. от улуўмалаобобщёние. - улуўмалық - 1) сходство; / сход
malıq	малық	қэде общее - правило
uluwman	улуўман	разе, всеобщий
ulıq	улық	уст. - начальник
ulıqpan	улықпан	провйзия, продукты
ulıqsat	улықсат	разе, позволёние, разрешёние; улықсат бер- позво
ulıw	улыў	и. д. от улы- - вой, завы
umıtqansı-	умытқансы-	делать - вид, что
umıtqansıw	умытқансыў	и. д. от умыт
umıtshaq	умытшақ	забывчивый; рассе
umıtılmaytuǵın	умытылмайтуғын	см. - умытылмас; умытылмайтуғын шы
umıtıw	умытыў	и. д. от умыт- заб
unatıw	унатыў	и. д. от унат
unaw	унаў	и. д. от уна
unlatıw	унлатыў	и. д. от унлат- тол
unlaw	унлаў	и. д. от унла- толчение
untaq	унтақ	1) порошок; 2) крошка;
untaqla-	унтақла-	см. - унта
untaq-untaq	унтақ-унтақ	собир. - опилки;
untaw	унтаў	и. д. от унта- - толчение;
unıratıw	уныратыў	и. д. от - уныратобваливание, осыпание чего-л
unıraw	уныраў	и. д. от уныра- обва - ливание, осыпание чего-л
uqǵı	уқғы	обух
uqǵıla-	уқғыла-	насаживать - топорйще
uqǵılaw	уқғылаў	и. д. от уқғыла-. - уцғыт: уқғыт көз а) скряга;
unqıl-shunqıl	унқыл-шунқыл	детально, под
súymegen	сүймеген	баласын урады поел. - тот, кто не любит гостей, бьёт
uralaw	уралаў	I и. д. от урала- I
urǵashı	урғашы	самка
urǵashılıq	урғашылық	свойства - самки
urǵız-	урғыз-	см. урдыр
urǵıla-	урғыла-	многокр. от ур
urdırıw	урдырыў	и. д. от урдыр-. - урқан I бот. усики, нйти
urqan	урқан	II тех. прйвод, привод
urlanıw	урланыў	и. д. от урлан- - кража
urlatıw	урлатыў	и. д. от урлат- - кража
urlaw	урлаў	и. д. от урла- - кража
urlawshı	урлаўшы	см. урлықшы
urlawshılıq	урлаўшылық	см. урлық
urlıq	урлық	кража, воровство; урЛЫҚ ҚЫЛ- воровать; урлық, урЛЫҚТЫЦ түби — хорлық погов
urlıqshı	урлықшы	вор, жулик; / во
urlıqshıl	урлықшыл	склонный к воров
urlıqshılıq	урлықшылық	см. урлық
urpaq	урпақ	потомок, потомство
urpaqlı	урпақлы	имеющий - потомство
urtqa	уртқа	шертиў название дётской
urtlaw	уртлаў	и. д. от уртла- глота
URUW	УРУЎ	род; плёмя; уруў баслығы
uruwlıq	уруўлық	родовой; уруўлық жэмийет родовое общество
uruwshılıq	уруўшылық	родовые - отношёния (вся совокупность отноше
urıq	урық	II бот. куга; урықлы
urıqlıq	урықлық	местность, изобйлующая кугой
urıqsat	урықсат	см. рухсат. - урыл- I) страд, от ур-; урыл
urım-putaq	урым-путақ	собир. потомство. - урын- I) возвр. от ур- столк
urınshaq	урыншақ	ат горячая лошадь
urınıwshı	урыныўшы	задйра, забияка
urınıwshılıq	урыныўшылық	задйристость
urısqaq	урысқақ	см. - урыншақ;
urısqaqlıq	урысқақлық	задйристость
sózge	сөзге	уста он мастер говорить
ustazlıq	устазлық	уст. - наставничество
ustalıq	усталық	умение, знание своего
ustashılıq	усташылық	см., усталық
qatar	қатар	наряду с тем - самым, на
usılǵóy	усылғөй	1) методйчный; 2)
usılpazlıq	усылпазлық	см. усылкерлик
usınǵız-	усынғыз-	см. усындыр
usındaylıq	усындайлық	обладание опре
usınshalıq	усыншалық	столько, такое
utopiyalıq	утопиялық	утопический
UW	УЎ	I яд; УЎ жут- а) принимать
uwaq	уўақ	разе. см. - усақ; уўақ пул
uwaqlap	уўақлап	бер разменяй пятьде
uwalan-	уўалан-	страд, от уўала
uwalas-	уўалас-	езаимн. - от уўала- I)
uwalastır-	уўаластыр-	понуд. от уўалас
uwalat-	уўалат-	понуд. - от уўала- - 1)
uwalaw	уўалаў	и. д. - от уўала- - 1) вы
DÁMI	ДӘМИ	уудай ашшы горький как
ǵanına	ғанына	ишим уудай ашыды я
uwdırlap-suwdırlap	уўдырлап-суўдырлап	звукопод
uwqala-	уўқала-	1) в разн. знач. те
uwqalan-	уўқалан-	страд, от уўқала- 1)
uwqalas-	уўқалас-	взаимн. - от уўқала- - 1) в разн. знач. помогать тереть;
uwqalat-	уўқалат-	понуд. - от уўқала- - 1)
uwqalatıw	уўқалатыў	а. д. от уўқа
uwqalaw	уўқалаў	и. д. от уўқала
uwla-	уўла-	разе. - 1) травить, отрав
uwlan-	уўлан-	возвр.-страд, от уўлатравйться, отравляться; быть
uwlandır-	уўландыр-	понуд. - от уўлантравйть, отравлять
uwlandırıw	уўландырыў	и. д. от уўландыротравлёние
uwlandırıwshı	уўландырыўшы	отравляющий
uwlant-	уўлант-	см. уўландыр
uwlat-	уўлат-	понуд. - от уўла- - 1)
uwlawshı	уўлаўшы	1) отравляющий, ядо
uwla-shuwla-	уўла-шуўла-	кричать, шуметь
uwıldap-	уўылдап-	шуўылдап - шмыгая н6
uwlı	уўлы	1) отравляющий, ядовй
uwmash	уўмаш	пох.чёбка с мелкими
uwmashla-	уўмашла-	готовить похлёбку с
uw-shuw	уў-шуў	звукоподражание кри - ку, шуму, гаму, гомону, гвалту
uwız	уўыз	молозиво; қашпаған қа
uwızlan-	уўызлан-	появляться (о моло
uwızlanıw	уўызланыў	и. д. от уўызланпоявлёние молозива
uwıq	уўық	унйны {деревянные вогну
uwıl-	уўыл-	заболевать - молочницей
uwıldıq	уўылдық	м. уўлцырық
uwıldır-	уўылдыр-	понуд. от уўыл- вы
uwıldırıq	уўылдырық	икра {рыбья): 6а
lıqlar	лықлар	уўылдырық шашады - ры
uwıldırıw	уўылдырыў	и. д. от уўылдыр
uwıldı-shuwıldı	уўылды-шуўылды	гам, гвалт
uwıljı-	уўылжы-	1) бььь нежным
uwıljıt-	уўылжыт-	понуд. - от уўылжы- - 1) сделать нежным, приятным;
uwıljıw	уўылжыў	и. д. от уўылжы
uwılt-	уўылт-	см. уўылдыр
uwıs	уўыс	прйгбршни; еки қос уўыс
rewdiq	реўдиқ	уўысында бол- быть в
qoymas	қоймас	тебе не подчинить - его
uwısla-	уўысла-	1) брать что-л. гор
uwıslat-	уўыслат-	понуд. от - ууысла-1)
uwıslatıw	уўыслатыў	и. д. от уўыслат
uwıslaw	уўыслаў	и. д. - от уўысла
uwıt	уўыт	1) нейтрализация; 2) па
saylaw	сайлаў	участкасы избиратель
stkalıq	сткалық	агроном участковый
-qıyırı	-қыйыры	ЖОҚ дала безгранйчпая
ushqalaq	ушқалақ	1) легкомысленный
ushqalaqla-	ушқалақла-	поступать опро - метчиво (необдуманно, Аеекомы.с-<
ushqalaqlaw	ушқалақлаў	и. д. от ушқа
ushqarı	ушқары	1) легкомысленный
ushqarılıq	ушқарылық	легкомыслие, не
ushqındır-	ушқындыр-	1) высекать искры;
ushqınla-	ушқынла-	искрйть
ushqınlan-	ушқынлан-	возвр. от ушқынла- йскриться
ushqınlanıw	ушқынланыў	и. д. от ушқынлан- искрение. - ушқыр - 1) быстролётный, обла
ushqırlıq	ушқырлық	быстроходность
ushqısh	ушқыш	лётчик, пилот
ushlıq	ушлық	наконечник; сумбениц
ushıqla-	ушықла-	1) уст. лечйть боль
ushıqlat-	ушықлат-	понуд. от - ушықла- - 1) уст. заставить лечйть боль
ushıqlattır-	ушықлаттыр-	понуд. о/кушық
ushıqlaw	ушықлаў	уст. - 1) и. д. от
oylamaǵanım	ойламағаным	ушын из-за - того
qustıc	қустыц	уясы птичье - гнездо;
taratıwdın	таратыўдын	уясы очаг - просвещёния; -О- кун де уясына барып
uyalǵansı-	уялғансы-	дёлать - вид, что
uyalshaq	уялшақ	стыдливый, застёнчивый
uyalshaqlıq	уялшақлық	стыдливость, застёнчивость
uyalıcqıra-	уялыцқыра-	слегка - стесняться
uyaclıq	уяцлық	1) скромность, робость;
uyatsızlıq	уятсызлық	бессовестность, бес
ubirli-shúbirli	убирли-шүбирли	многодетная
úgi-	үги-	размалывать, размель
úgil-	үгил-	страд, от үк- расти
úgilgish	үгилгиш	легко размельчаю - щийся, размалывающийся, легко
úgiliw	үгилиў	и. д. от үгил- растира - ние, размельчение
úgindi	үгинди	опилки; ағаштыц үгиндиси деревянные опилки; темир
úgindisi	үгиндиси	железные - опилки
úgit	үгит	1) агитация; 2) наставле
úgitle-	үгитле-	1) агитировать; 2)
úgitlet-	үгитлет-	понуд. - от үгитле- - 1) проводить агитацию; 2) за
úgitlew	үгитлеў	и. д. - от үгитле- - 1)
úde-	үде-	1) нарастать, постепенно
údew	үдеў	и. д. от - уде- - 1) нараста
úzbelew	үзбелеў	и. д. от узбеле
úzdiriw	үздириў	и. д. от уздир
úzi	үзи	688 уиг
uziliw	узилиў	и. д. от - узил-; байланыстыц узилиуи разрыв от
úygizdir-	үйгиздир-	понуд. от үйгиз
úygizil-	үйгизил-	страд, от үйгизскладываться, собираться в кучу;
úygiziw	үйгизиў	и. д. от үйгиз- скла - дывание, собирание в кучу
úydir-	үйдир-	см. уйгиз
úyele-	үйеле-	падать на - спину {и
úyelet-	үйелет-	понуд. от үйеле
úyeletiw-	үйелетиў-	и. д. от үйелет
úyelew	үйелеў	и. д. от үйеле
úyil-	үйил-	страд, от үй- быть
úyilipatırǵan	үйилипатырған	тас груда кам - ней; суў уйилди вода в арыке
úyilis-	үйилис-	взаимн. от уйил
úyiliw	үйилиў	и. д. от уйил- скла - дывание, собирание в кучу
úyin	үйин	груда, куча; кесеклер
úyinshiklew	үйиншиклеў	и. д. от уйиншик
miniwge	миниўге	уйир он любитель пока
úyiriw	үйириў	и. д. от уйир- вра - щение, кружение
uyiw	уйиў	и. д. от уй- склады - вание, собирание в кучу; усти
úykesiw	үйкесиў	и. д. от уйкес- тре
úykew	үйкеў	и. д. от уйке- - трение
úylendiriw	үйлендириў	и. д. от уйлендир
úyleniw	үйлениў	и. д. от уйлен- - женйтьба; ол үйлениўди қәлейди
úylesimsiz	үйлесимсиз	неподходящий, не
úylesiw	үйлесиў	и. д. от үйлес
úylestir-	үйлестир-	понуд. - от үйлес- - 1) подгонять, делать соответ
úylestiriw	үйлестириў	и. д. - от үйлестир- - 1) подгонка, приведение в соот
úyli	үйли	1) тот, кто имеет юрту
úyli-jaylı	үйли-жайлы	или үйли-күйли
-kúyli	-күйли	адам человек, имеющий
úymele-	үймеле-	собираться в - кучу
úymelen-	үймелен-	ооэвр. от үймелесобираться в - кучу, толпйться
úymeles-	үймелес-	взаимн. от үймелесобираться в - кучу, толпйться;
úymelestir-	үймелестир-	понуд. от үймелес- собирать в - кучу, создавать
úymelet-	үймелет-	понуд. от үймелесобирать в - кучу, создавать толуимелеў и. д. от уимеле
úyrek	үйрек	утка; / утйный; қызылбас
biliwdi	билиўди	үйренди он научйлся
aydawdı	айдаўды	уйрендим я научйлся
úyren-	үйрен-	научйться - плавать; енерди уйрен де жийрен поел, сна
uyrenisiw	уйренисиў	и. д. от уйрениспривычка друг к - другу; сбли
úyreniw	үйрениў	и. д. от - уйрен- - 1)
uyreniwshi	уйрениўши	ом. уйреншик
úyretti	үйретти	он огляделся в - темноте;
úyretiw	үйретиў	и. д. от уйрет- уче - ние, обучение
úyretiwshi	үйретиўши	1) учйтель; | обу
úyrettir-	үйреттир-	понуд. от үйретзаставить - учить, обучать
úysiz	үйсиз	1) бездомный; 2) не
úysiz-gúysiz	үйсиз-гүйсиз	бесприютный
úyt-	үйт-	палить, опаливать (напр
úytil-	үйтил-	страд, от үйт- палйться; быть опалённым (напр
úytis-	үйтис-	взаимн. от үйт- помо
úytiw	үйтиў	и. д. от үйт
úytpe	үйтпе	опалённый (напр. о ку
úyttir-	үйттир-	понуд. от үйт- за
úyttiriw	үйттириў	и. д. - от үйттир
úy-úskene	үй-үскене	1) домашнее иму
úyshi	үйши	1) мастер, делающий
úyshik	үйшик	1) садок для рыбы; 2)
úyshikle-	үйшикле-	1) собирать что-л
úyshikles-	үйшиклес-	взаимн. о т - уйшикле- - 1) помогать собирать что-л
úyshiklew	үйшиклеў	и. д. - от үйшикле- - 1) собирание чего-л. в кучу; 2)
úk-	үк-	толочь, растирать, раз
úke	үке	1) младший брат, младшая
úki	үки	II 1) фйлин; сова; сыч; 2)
úktir-	үктир-	понуд. от ук- заста
úlger-	үлгер-	успевать
úlgeriw	үлгериў	и. д. от улгер
úlgert-	үлгерт-	понуд. от улгер-. - улги - 1) примет), образец; ески
úlesiw	үлесиў	и. д. от улес- - делёж
ulestiriw	улестириў	и. д. от - улестирделёж, распределёние чего-л
úlkeyiw	үлкейиў	и. д. от - улкей- - 1)
úlkeytiw	үлкейтиў	и. д. - от үлкейт- - 1)
úlkelik	үлкелик	уст. - краевой; терри
úlkeme-úlke	үлкеме-үлке	по всем - краям
úlkensiniw	үлкенсиниў	и. д. от улкен
úlkensiw	үлкенсиў	и. д. от улкенси
ulpildew	улпилдеў	и. д. от улпилде
úmitgóy	үмитгөй	см. умитли
úmitgóylen-	үмитгөйлен-	см. умитлен
umitsizleniw	умитсизлениў	и. д. от умит
ún	үн	голос; звук; тон; үни өшти
shıqpaydı	шықпайды	погов. ^ один в поле
únde-	үнде-	говорить
úndeme-	үндеме-	смолчать, промолчать;
úndemes	үндемес	молчаливый, нераз
úndemesten	үндеместен	молча, тихо; үн
úndemew	үндемеў	и. д. от үндемемолчание
úndemewshilik	үндемеўшилик	молчание
únem	үнем	экономия; үнем қыл- эко
únemle-	үнемле-	экономить, беречь;
únemlep	үнемлеп	жумса- расходовать - что
únemlen-	үнемлен-	возвр.-страд. от үнемле- - экономиться, беречься; быть
únemlendir-	үнемлендир-	понуд. от үнемлен- заставить - экономить, бе
únemlet-	үнемлет-	понуд. от үнемлезаставить - экономить, беречь
únemli	үнемли	1) экономный; өндиристе электир күшин үнемли
paydalanıw	пайдаланыў	экономное исполь
únemlik	үнемлик	экономия, эконом
únemsiz	үнемсиз	неэкономный; материаллық затларды үнемсиз жумсаў неэкономное расходование
únemshil	үнемшил	1) экономный, бережлйвый; 2) жадный
únemshillik	үнемшиллик	умение - экономить
únles	үнлес	созвучный
únleslik	үнлеслик	1) созвучие; 2) лингв
únli	үнли	1) голосистый; звучный;
únsiz	үнсиз	1) без голоса; без звука;
úqgi-	үқги-	копать яму
úqgir	үқгир	пещера; грот
úcgirle-	үцгирле-	подкапывать
úcgirlen-	үцгирлен-	страд, от үцгирлеподкапываться; быть подкопан
úcgirlendir-	үцгирлендир-	понуд. от- үқ
úcgirlet-	үцгирлет-	понуд. от үцгирлезаставить - подкапывать
úngirlew	үнгирлеў	и. д. от үцгирле
úqgirlik	үқгирлик	местность, богатая
úqgiw	үқгиў	и. д. от үқги
úcik	үцик	рытвина
úqil-	үқил-	1) заглядывать; под
kitapqa	китапқа	уқилип отыр ои зачи
úcildir-	үцилдир-	понуд. - от үқил- - 1)
ÚNILIS-	ҮНИЛИС-	взаимн. - от үнил- - 1)
únilisiw	үнилисиў	и. д. от үқилис
úniliw	үнилиў	и. д. - от үдил
úqirey-	үқирей-	1) зиять; топтыц үнирейген аўзы зияющее дуло пуш
úcireyip	үцирейип	еки көзи қалған у него
úcireyiw	үцирейиў	и. д. от үнирей
únireyt-	үнирейт-	понуд. от үцирей
úcireytiw	үцирейтиў	и. д. - от үнирейт
úcirek	үцирек	1) зияющий; 2) вва
úp	үп	усилительная частица к - слова.м, начинающимся на ү: үп
-úlken	-үлкен	очень большой, огромный
úpildirik	үпилдирик	пушистая головка
úple-	үпле-	дуть; шыраны уплегасйть лампу; от үпле- разду
úples-	үплес-	взаимн. от үпле- - дуть
úplet-	үплет-	понуд. от үпле- за
uplew	уплеў	и. д. от үпле- раздува - ние; ОТТЫ үплеў раздувание огня
úr-	үр-	I лаять, тявкать (о со
joqta	жоқта	шошқа үреди - погов. ^ на
awızǵa	аўызға	салғандай погов. как
úrǵiz-	үрғиз-	II понуд. от ур- II
urgiziw	ургизиў	I и. д. от урғиз- I
úrǵiziw	үрғизиў	II и. д. от ургиз- II
urdisleniw	урдислениў	и. д. от - урдислен- - 1) перенимание обычаев; 2) при
úreyleniw	үрейлениў	и. д. от урейлен
úriw	үриў	I и. д. от ур- I лай, тяв
Úrker	Үркер	астр. Плеяды
urpeytiw	урпейтиў	и. д. от урпейт
úsiw	үсиў	и. д. от уси- обмороже
uskenelendiriw	ускенелендириў	и. д. от ускене
uskeneleniw	ускенелениў	и. д. от ускене
uskenelew	ускенелеў	и. д. от ускенеле- - оборудование {напр. завода)
baǵdıq	бағдық	устинен ө т -пройти через
ústine	үстине	шығар- - перебудоражить
-ústine	-үстине	одно за другим, подряд:
shıqtım	шықтым	я прямо в точку - попал;
waqıyanıq	ўақыянық	устине тап келди он
utiklew	утиклеў	и. д. от утикле- утюж - ка, глажка
uwle-	уўле-	гудеть (напр. о ветре)
uwlet-	уўлет-	понуд. от уўле-вызвать
uwlettir-	уўлеттир-	понуд. от уўлет
uwlew	уўлеў	и. д. от уўле- - гудение
ushew	ушеў	трое, втроём; ушеўин
ushewle-	ушеўле-	действовать - втроём
ushewlew	ушеўлеў	и. д. от ушеўле
waǵır	ўағыр	звукоподражание шу - му, крику, гомону
waǵırla-	ўағырла-	шуметь, кричать
uaǵırlı	уағырлы	шумный, крикливый
wajılDaq	ўажылДақ	крикун, горлан
wajıldas-	ўажылдас-	взаимн. от ўа
wajıldasıw	ўажылдасыў	и. д. - от ўажылд'ас
wajıldat-	ўажылдат-	понуд. от ўажылдавызвать - шум, крик
wajıldatıw	ўажылдатыў	и. д. от ўажылдат- - шум, крик
wajıldaw	ўажылдаў	и. д. - от ўажылдашум, крик
wajıldı	ўажылды	шум, крик
wazıypa	ўазыйпа	1) задача, цель; 2)
wazıypalı	ўазыйпалы	обязанный; ўазыйпалы бол- быть обязанным
way	ўай	межд. - ой1, ах1
wayran	ўайран	разрушение, разоре
wayranla-	ўайранла-	разрушать, разо
wayranlan-	ўайранлан-	еозер. - от ўайранларазрушаться, разоряться; быть
wayranlanıu	ўайранланыу	и. д. от ўайранлан- - разрушение, разорение;
wayranlaw	ўайранлаў	и. д. - от ўайранларазрушёние, разорение; ломка;
wayracla-	ўайрацла-	растянуться, лечь
wayraclat-	ўайрацлат-	понуд. от ўайранла-заставить - растянуться, лечь
wayraclaw	ўайрацлаў	и. д. от ўайрацла
way-way	ўай-ўай	звукоподраокание гром
way-wayla-	ўай-ўайла-	громко - плакать
way-waylas-	ўай-ўайлас-	взаимн. - от ўай
-wayla-	-ўайла-	громко плакать (по по
way-waylat-	ўай-ўайлат-	понуд. - от ўай
way-waylaw	ўай-ўайлаў	и. д. от ўай-ўайлагрбмкий - плач {по покойнику)
wayım	ўайым	1) забота; беспокойство;
wayım-qayǵı	ўайым-қайғы	печаль, грусть
wayımla-	ўайымла-	1) заботиться; бес
wayımlaǵısh	ўайымлағыш	см. ўайымшыл
wayımlan-	ўайымлан-	возвр. - от ўайымла- - 1) заботиться о себе; 2) ис
wayımlanıw	ўайымланыў	и. д. - от ўайымлан
wayımlas-	ўайымлас-	взаимн. от - уайымла- - 1) заботиться друг о друге;
wayımlat-	ўайымлат-	понуд. - от ўайымла- - 1) вызвать заботу; вызвать бес
wayımlaw	ўайымлаў	и. д. - от ўайымла- - 1) забота; беспокойство; 2) тоска
wayımlı	ўайымлы	печальный, груст
wayımsız	ўайымсыз	беззаботный, бес
wayımsızlıq	ўайымсызлық	беззаботность
wayımshıl	ўайымшыл	склонный к тос
wayımshıllıq	ўайымшыллық	печаль, грусть
waq	ўақ	разг. - см. ўақыт; ҳэзирги
waqiya	ўақия	случай; событие, про
waqtılı-waqtılı	ўақтылы-ўақтылы	см. ўақ
waqtınsha	ўақтынша	см. ўақытша
waktısız	ўактысыз	см. ўақытсыз
waqtı-waqtı	ўақты-ўақты	временами, периодйчески; ўақты-ўақты конкурслер өткерип тур- нужно
waqtıxosh	ўақтыхош	весёлый; радост
waqtıxoshlıq	ўақтыхошлық	1) хорошее на
qozǵalatuǵın	қозғалатуғын	ўақыт жетти вам
waqıtta	ўақытта	когда-то, некогда; ўактынша временно; өз ўақтында или ўақытында вовремя, свое
waqıtlı	ўақытлы	своеврёменный;/своеврёменно
QITSIZ	ҚЫТСЫЗ	ӨЛИМ безвременная гйбель
waqıtsha	ўақытша	врёменкый; / врёменно; ўақытша копир времен
waqıf	ўақыф	уст. - вакўф {земли
wacqılda-	ўацқылда-	визжать, скулить
wacqıldat-	ўацқылдат-	понуд. от ўақ
wanqıldaw	ўанқылдаў	и. д. - от ўанқылдавизг, вой {собаки)
warq	ўарқ	звукоподражание ква
warqılda-	ўарқылда-	1) квакать; қурбақа
warqıldadı	ўарқылдады	лягушка - квакала;
warqıldap	ўарқылдап	кулди он громко хо - хотал; 3) тратить, транжирить
warqıldaq	ўарқылдақ	мот, транжира; лег
warqıldat-	ўарқылдат-	понуд. от - уар
warqıldattır-	ўарқылдаттыр-	понуд. от уар
warqıldı	ўарқылды	кваканье; қурбақа
warıldaq	ўарылдақ	раза, горлопан
warıldaw	ўарылдаў	и. д. - от ўарылда
waswas	ўасўас	1) болтун; / болтливый;
waswaslan-	ўасўаслан-	1) становиться
waswaslanıw	ўасўасланыў	и. д. - от ўасўаслан
waswaslık	ўасўаслык	1) болтлйвость; на
wat-	ўат-	раза, мельчйть, размель
watan	ўатан	родина, отечество, отчйзна; ўатанды қорғаў защйта
watandarlıq	ўатандарлық	отечественный;
watansız	ўатансыз	1) безродный, не
watıl-	ўатыл-	страд, от ўат- размель
watıw	ўатыў	и. д. от ўат- размель
waw-waw	ўаў-ўаў	звукоподражание со
wax	ўах	межд. - ай!; ўах, аўырып
wáde	ўәде	обещание; ўәде берди или
wádesin	ўәдесин	алды а) он взял слово
wedesin	ўэдесин	орынлады он выполнил
wedeles-	ўэделес-	уславливаться, уго
wádelesiw	ўәделесиў	и. д. от уэделес
wedelestir-	ўэделестир-	понуд. - от ўәделесзаставить уславливаться, уго
wádeli	ўәдели	условленный; ўәдели
wádesiz	ўәдесиз	не выполняющий свое
wádeskzlik	ўәдескзлик	непостоянство
wádeshil	ўәдешил	см. ўәделк
wej	ўэж	I 1) вещь; изделие; 2)
wáj	ўәж	бенен келдин? по какому
wejlestir-	ўэжлестир-	понуд. - от ўәжлесзаставить приводить доводы, за
wájli	ўәжли	1) имеющий какую-л
wákil	ўәкил	1) уполномоченный, до
wákillik	ўәкиллик	1) положение или
wákilxana	ўәкилхана	посольство; пред
weliy	ўэлий	1) пророк; 2) прорица
wáliylik	ўәлийлик	1) пророчество; 2)
wásiyat	ўәсият	1) завещание; завет;
fabrikalıq	фабрикалық	фабрйчный
filologiyalıq	филологиялық	филологиче
filosofiyalıq	философиялық	философский;
finanslıq	финанслық	финансовый
bólinbes	бөлинбес	фонд неделимый - фонд
foietikalıq	фоиетикалық	фонетический
formal'lıq	формальлық	формальность
umryoÚ	умрёҮ	его труды останутся;
xatshılıq	хатшылық	секретарство
ximiyaLIQ	химияЛЫҚ	химический
xirurgiyalıq	хирургиялық	хирургический
xojayınlıq	хожайынлық	господство; по
xorlıq	хорлық	унижённость, оскорблённость
uaqtı	уақты	ХОШЛЫҚ - благодушие; <С>
kórgenshe	көргенше	хош! до свидания!;
xoshlasıw	хошласыў	и. д, от хошласпрощание, расставание
XOSHLIQ	ХОШЛЫҚ	1) довольство, удовле
xoshwaq	хошўақ	см. ХОШЛЫҚ
dún'yası	дүньясы	животный - мир; зыянсыз ҳайўан или жуўас ҳайўан
bolıwǵa	болыўға	коммунисттин ҳакы
tús	түс	емес, ал ҳақыйқатлық не
qarrı	қарры	хаял пожилая - женщина;
barıw	барыў	ҳэжет необхоцймо - идти
sılıq	сылық	ҳәр кисиниц иси, жаманлыққа жақсылық ер кисиниц иси посл. платйть добром
SIZLIQ	СЫЗЛЫҚ	иске кесент т и й ги зе д и
cementlew	цементлеў	и. д. от цементлецементйрование
shabanlıq	шабанлық	медлительность; не
shabıwılǵa	шабыўылға	шабады погов. у
shabıwılla-	шабыўылла-	скакать карье - ром, галопом
shabıwıllat-	шабыўыллат-	п он уд. о т шабыўылла- заставить скакать - карьером, галопом
shabıwıllaw	шабыўыллаў	и. д. от шабы
shaǵlaw	шағлаў	и. д. от шагла- лико - вание, веселье
shaǵıl-	шағыл-	I ст рад, от шақ- I
shaǵılıs	шағылыс	1 отражение света
shaǵılıs-	шағылыс-	I отражаться; суўға
shaǵılıstır-	шағылыстыр-	I понуд. от ша
ǵılıstıratuǵın	ғылыстыратуғын	ослепитель
shaǵılıstırıw	шағылыстырыў	I и. д. от
shaǵılısıw	шағылысыў	I и. д. от шағы
shaǵımshı	шағымшы	жалобщик; сутяж
shaǵın	шағын	небольшой, ограничен
shaǵın-	шағын-	жаловаться
shaǵında	шағында	во время - чего-л.\
shaǵındır-	шағындыр-	понуд. от шағынзаставить - жаловаться; вызвать
shaǵınıw	шағыныў	и. д. от шағынжалоба. - шағыр; шағыр тас галька
shaǵırai-	шағыраи-	становиться - ясным
shaǵırayıw	шағырайыў	и. д. от - шағырай
Shaǵıw	Шағыў	I и. д. от шақ- 1 вы
shaǵıw	шағыў	II и. д. от шақ- II
shadlandırıw	шадландырыў	и. д. от шад
shadlanıw	шадланыў	и. д. от - шадланвесёлье, радость; довольство
shadlıq	шадлық	весёлье, радость; до
shadmanlıq	шадманлық	см. шадлық
juwıp-shayma	жуўып-шайма	а) не увйливай;
shayqa-	шайқа-	трясти, качать; бас
shayqala	шайқала	басады он ходит важ - но; он бестеги кыздай болып
shayqalǵan	шайқалған	жорға иноходец с
shayqalt-	шайқалт-	п он уд. от. шайқал
shayqalıw	шайқалыў	и. д. от шайқал
shayqas-	шайқас-	взаим н. от шайқа
shayqastır-	шайқастыр-	понуд. от шай
shayqat-	шайқат-	понуд. от шайқа
shayqattır-	шайқаттыр-	п онуд. от шай
shayqaw	шайқаў	и. д. от шайқа
shayqus	шайқус	коршун
shaymalaw	шаймалаў	и. д. от - шаймаланадоедание, назойливое приста
shaymalıq	шаймалық	надоёдливость, на
shaynaw	шайнаў	и. д. от шайна
shaypaltıw	шайпалтыў	и. д. от - шайпалтвыплёскивание (ж идкост и)
shaypalıw	шайпалыў	и. д. от - шайпалвыплёскивание (ж идкост и)
shaytanlıq	шайтанлық	1) чертовщйна, дья
shaytansıw	шайтансыў	и . д. от шайтан
shayıq	шайық	рел. - шейх, духовный
shayırlıq	шайырлық	1) поэтическое да
shaq	шақ	I рога; адам тилинен, мал шақынан байланады
shaq-	шақ-	II 1) жалить; хэррелер
shaqa	шақа	I ветка, сук
shaqal-	шақал-	поперхнуться. - шақа.та-рубйть, срубать (нап р
shaqalat-	шақалат-	понуд. от шақалазаставить - рубить, срубать (нап р
shaqalaw	шақалаў	и. д. от - шақаласрубание (напр. сучьев)
shaqalt-	шақалт-	п онуд. от шақал
shaqalı	шақалы	ветвистый, развеси
shaqalıw	шақалыў	и. д. о т шақал
shaqan	шақан	белоглазый (с белой
shaqap	шақап	1) отводной канал; 2)
shaqabı	шақабы	часть речи
shaqallan-	шақаллан-	выделяться, раз
shaqapsha	шақапша	подотдел; подраз
shaqap-shaqap	шақап-шақап	раздельно, от
shaqqanla-	шаққанла-	торопиться, спешйть
shaqqanlan-	шаққанлан-	ст - рад, от шақ
shaqqanlas-	шаққанлас-	взаим н. от шақ
shaqqanlastır-	шаққанластыр-	понуд. от шақ
qanlas-	қанлас-	заставить - торопйться
shaqqanlastırıw	шаққанластырыў	и. д. от
shaqqanlat-	шаққанлат-	п онуд. от шақ
shaqqanlatıw	шаққанлатыў	и. д. от шақ
shaqqanlıq	шаққанлық	проворство, рас
shaqqı	шаққы	складной перочинный
shaqlas-	шақлас-	взаим н. от шақла
shaqlaw	шақлаў	и. д. от - шақла- - 1)
shaqlı	шақлы	I имеющий рога, с
shaqmaq	шақмақ	1) кремень; / крем
shaqmaqla-	шақмақла-	колоть (сахар)
shaqmaqlat-	шақмақлат-	понуд. от шақ
maqla-	мақла-	заставить - колоть (сахар)
shaqmaqlı	шақмақлы	клетчатый, в клет
shaqtır-	шақтыр-	I п онуд. от шақ- I
shaqtırıw	шақтырыў	I и. д. от шақтыр
shaqsha	шақша	рожок (т абакерка) для
shaq-shaq	шақ-шақ	I звукоподраж ание
shaqshıy-	шақшый-	уставиться, вни
shaqshıyıp	шақшыйып	тур звёзды - йрко гО'
shaqshıyt-	шақшыйт-	понуд. от шақшыйзаставить - уставиться, внима
shaqshıyıw	шақшыйыў	и. д. от шақшый-. - шақылда- - 1) издавать резкий
shaqıldas-	шақылдас-	взаи.чн. о т шакылда
shaqıldat-	шақылдат-	понуд. от - шақылда- I) заставить издавать резкий
shaqıldaw	шақылдаў	и. д. от шакылда-. - шақыр- - 1) звать, приглашать;
shaqıradı	шақырады	погов. собака - лает
shaqırawıq	шақыраўық	1) крикун; 2) пе
shaqırla-	шақырла-	звенеть, лязгать
shaqırlat-	шақырлат-	понуд. от шакырла- вызвать - звон, лязг, скре
shaqırlaw	шақырлаў	и. д. от - шақырлазвон, лязг, скрежет
shaqırlı	шақырлы	звон, лязг, скрежет
shaqırt-	шақырт-	понуд. от - шақыр
shaqırtıl-	шақыртыл-	ст - рад, от ша
shaqırtıw	шақыртыў	и. д. от - шақыртзов, приглашение; созыв
shaqırtıwshi	шақыртыўши	тот, кто зовёт
shaqırıq	шақырық	I) вызов; 2) повест
shaqırıl-	шақырыл-	1) ст рад, от ша
shaqırım	шақырым	уст . верста {м ера
shaqırıs-	шақырыс-	взаим н. от - шақыр- - 1) звать друг друга, приглашать
shaqırmspa	шақырмспа	приглашение в
shaqırısıw	шақырысыў	и. д. о т шақырыс
shaqırıw	шақырыў	и. д. от - шақыр- - 1)
naqqa	наққа	шақырыўшы приглащающий в - гости
shalaǵay	шалағай	верхогляд; иске шалағай а) неработоспособный; б)
shalaǵaylan-	шалағайлан-	1) не доводить
shalaǵaylıq	шалағайлық	качества челове - ка, не доводящего дело до конца
shalaǵayım	шалағайым	1) тот, кто бе
shalalıq	шалалық	незаконченность, не
shalaclıq	шалацлық	озеро, покрытое гус
shalǵay	шалғай	I полы халата
shalǵam	шалғам	1) репа; 2) редька
shalǵı	шалғы	с.-х. - коса
shalǵız-	шалғыз-	см. шалдыр
shalǵın	шалғын	косьба, покос, сено
shaljaq	шалжақ	баловень; ./ балованый, избалованный
shaljaqla-	шалжақла-	баловаться
shaljaqlat-	шалжақлат-	понуд. от шалжақла- - баловать, избаловать
shaljaqlaw	шалжақлаў	и . д. от шалжақла- баловство
shalqasınan	шалқасынан	жатырған повален
shalqay-	шалқай-	выпячивать грудь и - живот; шалқайып отыр- си
shalqayt-	шалқайт-	понуд. от шалқай
shalqayıs-	шалқайыс-	взаим н. от шал
qay-	қай-	выпячивать грудь и - живот
shalqayıw	шалқайыў	и. д. от шалқайвыпячивание груди и живота. - шалқак, человек с выпяченной
shalqaqla-	шалқақла-	1) пятиться назад;
shalqaqlaw	шалқақлаў	и д . от шалқақла
shalqala-	шалқала-	с.ч. - шалқақла-; шал
qalap	қалап	тасла- бросаться навзничь
shalqar	шалқар	огромный; шалқар кел
shalqı-	шалқы-	1) раскйнуться, быть
shalqıt-	шалқыт-	п онуд. от шалқы
shalqıttır-	шалқыттыр-	п онуд. о т - шал
shalqıw	шалқыў	и. д. от шалқы-. - шалма: шалма қарма густая
shaltlatıw	шалтлатыў	и. д. о т шалтлат
shaltlıq	шалтлық	спешка
shalshıq	шалшық	1) грязь; / грязный;
shalshıqla-	шалшықла-	ходить по - грязи;
shalshıqlaw	шалшықлаў	и. д. от шалшықла- хождение по - грязи;
shalshıqshı	шалшықшы	зоол. - кулик
shalıq-	шалық-	1) быть усталым, утом
shalıqqan	шалыққан	усталый, утомлён
shalıqpas	шалықпас	неутомимый
shalıqtır-	шалықтыр-	понуд. от шалық
shalıqtırıw	шалықтырыў	и. д. от шалықтыр- утомление
arqanǵa	арқанға	шалын- запутаться в - верёвке; 3) быть зарезанным (о
shalıwlı	шалыўлы	I) обвязанный; 2)
shamalaw	шамалаў	и. д. от шамалаопределёние чего-л. - примерно
shamallaw	шамаллаў	и. д. от - шамаллапровётривание; освежёние
aytqanına	айтқанына	шамланбай-ақ қой
shamırqan-	шамырқан-	злобствовать
shamırqanıw	шамырқаныў	и. д. от - шамырк,ан- злобствование
shanaq	шанақ	I орбита {глазная)
shanshuwladı	шаншуўлады	у. меня колет серд
shanshuwlan-	шаншуўлан-	возвр. от шаншуўла
shanshuwlat-	шаншуўлат-	понуд. от шаншуўла- вызвать - колотьё {н ап р
shanshuwlaw	шаншуўлаў	и. д. от шакшуўла- - колотьё {напр. в боку)
shanıshqı	шанышқы	1) острога; гарпун;
shanıshqılaw	шанышқылаў	и. д. от - шанышк,ыла- прокалывание острогой
shanıshıw	шанышыў	и. д. от шаныш
jalǵızdıc	жалғыздыц	үни - шықпас
jayawdıc	жаяўдыц	шацы шықпас - посл
shacaraq	шацарақ	I) верхний купол
shacǵıt-	шацғыт-	пылйть, поднимать
shacǵıtıw	шацғытыў	и. д. от шацғыт
shacq	шацқ	звукоподр.-. шацқ етип
kúl-	күл-	звонко смеяться
shacqay	шацқай	ровно, точно, как раз;
shacqıldaw	шацқылдаў	и. д. от - шац
shaclaq	шацлақ	место стоянки живот - ных {где обычно образует ся м н о
shaclatıw	шацлатыў	и. д. от шацла
shanlıq	шанлық	пыльное - место
alaqanın	алақанын	шап еткизди он уда
shapalaqla-	шапалақла-	1) аплодировать;
shapalaqlaw	шапалақлаў	и. д. от шапа
shapqıla-	шапқыла-	м ногокр. от шап
shapqınshılıq	шапқыншылық	резня; избие
shapqır	шапқыр	резвый; / скакун
shapqısh	шапқыш	режущий; рубящий;
shaptırıw	шаптырыў	и. д. от шаптырустрбйство скачек
shapshaq	шапшақ	деревянная посуда
shap-shaq	шап-шақ	впору, как раз (об
shap-shaqeti	шап-шақэти	сапогй тебе впору
shapshıw	шапшыў	и. д. от шапшы-. - шар I точйло, точйльныи ка
sharasızlıq	шарасызлық	вынужденность
sharbaq	шарбақ	Г) двор; 2) изгородь
sharbaqshı	шарбақшы	тот, кто имеет
sharbayalıq	шарбаялық	1) сварливость; 2)
shardaq	шардақ	барак; / барачный
sharq	шарқ	кожаные - галоши; лапти
sharqana	шарқана	струна для - дутара
sharqat	шарқат	1) кашне; 2) шёлковая
sharqı-pálek	шарқы-пәлек	судьба, рок
shartaq	шартақ	чердак
shartıldaq	шартылдақ	производящий
shartıldauıq	шартылдауық	хлопушка (и г
sharwashılıq	шарўашылық	скотоводство
sharshaǵan	шаршаған	усталый, утомлён
sharshıǵa	шаршыға	жёлтый - песок, очи
sharıq	шарық	кустарный прядиль
sharıqla-	шарықла-	прясть (на к у с т а р
sharıqlat-	шарықлат-	понуд. от шарықлазаставить - прясть (на куст арн ом
sharıqlaw	шарықлаў	и. д. от - шарықлапрядёние (на куст арн ом ст анке)
shataq	шатақ	ссора, спор; скандал;
shataqlas-	шатақлас-	ссориться, спорить
shataqlasıw	шатақласыў	и. д. от шатақ
shataqlıq	шатақлық	спорный; скан
shataqshı	шатақшы	см. шатақшыл
shataqshıl	шатақшыл	спорщик; сканда
shatasıq	шатасық	путаница
shatasıw	шатасыў	и. д. от шатас
shatnaw	шатнаў	и. д. от шатна
shatpaq	шатпақ	1) мазня, каракули (на
shatpaqla-	шатпақла-	1) мазать, делать
shatpaqlat-	шатпақлат-	п онуд. от - шатпақла- - 1) заставить мазать, де
shatırlawıq	шатырлаўық	издающий - треск
shatıslıq	шатыслық	путаница
shawqımla-	шаўқымла-	шуметь, галдеть
shawqımlat-	шаўқымлат-	понуд. от шаў
qımla-	қымла-	вызывать - шум, галдёж
shawqımlaw	шаўқымлаў	и. д. от шаў
shawqımlı	шаўқымлы	см. шаўқымшыл
shawqımpaz	шаўқымпаз	см. шаукымшыл
shawqımsız	шаўқымсыз	без - шума; / бес
shawqımshıl	шаўқымшыл	крикун; сканда
shaw-shuw	шаў-шуў	крик, суматоха; шум
shawıp-shawıp	шаўып-шаўып	возглас^ к о т о
shashaq	шашақ	бахрома, кисть, кис
shashaqla-	шашақла-	украшать чт о-л. - кисточками, бахромой
shashaqlan-	шашақлан-	возвр. от шашақ- - ла
shashaqlas-	шашақлас-	взаим н. от шашақла- совместно украшать
shashaqlat-	шашақлат-	понуд. от шашақ
shashaqlattır-	шашақлаттыр-	п онуд. от шашақлат
shashaqlaw	шашақлаў	и. д. от шашақлаукрашёние чего-л. - кисточками
shashaqlı	шашақлы	имеющий - кисточки
shashawlanıw	шашаўланыў	и. д. от шашаў
shashbaw	шашбаў	кисти, ленты, впле
shashlıq	шашлық	шашлык
shashuw	шашуў	подарок (в честь р ож
shashıraw	шашыраў	и. д. от шашыраразбрызгивание
shashıw	шашыў	и. д. от - шаш- - 1) раз
sheltiyiw	шэлтийиў	и. д. от шэлтий
shempiyiw	шэмпийиў	и. д. от шэмпий
shedkildew	шэдкилдеў	и. д. от - шэнкилдекрик; визг
SHÁPIK	ШӘПИК	быстрый, проворный
SHÁLIKLIK	ШӘЛИКЛИК	быстрота, провор
SHÁPPIK	ШӘППИК	клей; / клейкий
shewildew	шэўилдеў	и. д. от шэўилдезвбнкий - лай {собаки)
shewker	шэўкер	1) веснушчатый; 2)
shewket	шэўкет	величие; сэн-шэўкет
-shewketle-	-шэўкетле-	придавать пышность
shewketli	шэўкетли	величественный
shewle	шэўле	национальное - кушанье
shewli	шэўли	название одной из по
shebekeyleniw	шебекейлениў	и. д. от шебе
Ózbekstan	Өзбекстан	хэм Туркменстан менен - шегаралас Кара-Калпакская
shegaralaw	шегаралаў	и. д. от шегарала
waqqa	ўаққа	шейин до сего - времени;
búginge	бүгинге	шейин до нынешнего - дня; саат ушке шейин до трёх
shektiriw	шектириў	и. д. от шектир-. - шекшек - 1) вид саранчй; 2)
shenlesiw	шенлесиў	и. д. от шенлесприближёние друг к другу
sheriklesiw	шериклесиў	и. д. от шериклес-. - шериклик I) товарищество; 2)
sherleniw	шерлениў	и. д. от - шерленпечаль, тоска
shertiw	шертиў	и. д. от - шерт- I)
shetlew	шетлеў	и. д. от шетле
sheshiliw	шешилиў	и. д. от - шешил- - 1)
sheshiw	шешиў	и. д. от - шеш- - 1) раз
sheshiwli	шешиўли	1) развязанный, рас
sheshiwsiz	шешиўсиз	1) неразвязанный
sheshiwshi	шешиўши	решающий; шешиў
shiyraq	шийрақ	крепкий, выносливый
shiyraqlan-	шийрақлан-	становйться креп - ким, выносливым
shinkildew	шинкилдеў	и. д. от шицкилде- - писк; визг
shiritiw	ширитиў	и. д. от - ширит
shiritiwshi	ширитиўши	тлетворный
shiriw	шириў	и. д. от - шири- - 1) гние
shirkew	ширкеў	церковь
SHOǴIMIZ	ШОҒЫМЫЗ	все в м ес - те , с к о п о м
SHOQ	ШОҚ	т о р а н ғ ы л г у с т ы е з а р о с л и
SHOQLI	ШОҚЛЫ	I с г о р я щ и м и у г л я м и
SHOQLIQ	ШОҚЛЫҚ	II холка {у лош ади)
SHOQI	ШОҚЫ	м а к у ш к а , в е р ш и н а
SHOQI-	ШОҚЫ-	клевать, вы клёвы вать;
SHOQIL-	ШОҚЫЛ-	ст - рад, от ш оқы
SHOQIN-	ШОҚЫН-	1) к р е с т й т ь с я {делат ь
SHOQIS-	ШОҚЫС-	взаим н. - от ш оқы - к л е
SHOQIT-	ШОҚЫТ-	п онуд. от шоқы- з а
sholaqlan-	шолақлан-	лишаться - рз к, ног
sholaqlıqotsutstvie	шолақлықотсутствие	рук, ног
shontaqlaw	шонтақлаў	и. д. от шонтақла
SHONTIQ	ШОНТЫҚ	короткоухий (об овце
shoqqay-	шоққай-	сидеть на задних ла - пах (напр. о кошке, собаке)
shonqayma	шонқайма	повальная болезнь
shoqqayt-	шоққайт-	понуд. от шоққайзаставить сидеть на задних ла - пах (напр. кошку, собаку)
shocqayıw	шоцқайыў	и. д. от шоцқайсидёние на задних - лапах (напр
sholaq	шолақ	семена - дыни
SHOPQIT	ШОПҚЫТ	лохмотья, изношен
shorqaq	шорқақ	не умёющий складно
shorqaqlıq	шорқақлық	неумёлость, не
shorpıldatıw	шорпылдатыў	и. д. от шор
shorpıldaw	шорпылдаў	и. д. от шорпыл
shorshınarlıq	шоршынарлық	жуткий, страш
shotlaw	шотлаў	I и. д. от шотла- I
taqıyası	тақыясы	түйениц өркешиндей
shoshaytıw	шошайтыў	и. д. от шошайт
shoshayıw	шошайыў	и. д. от шошай
shoshaclaw	шошацлаў	и. д. от шошан
shoshqa	шошқа	свинья; ургашы шош
shoshqaxana	шошқахана	свинарник
shoshqashı	шошқашы	свинопас; шошқа
SHÓGIL-	ШӨГИЛ-	страд, от шок
SHÓGINDI	ШӨГИНДИ	осадок (на дне по
shogiriw	шогириў	и. д. от шогир
shogiw	шогиў	и. д. от - шок
SHÓKKISH	ШӨККИШ	молот, молоток
shokkishlew	шоккишлеў	и. д. от шок
shelatlıq	шелатлық	см. шолистан
shól-joziyra	шөл-жозийра	пустынный ост
shólistan	шөлистан	безводная мест - ность; пустыня
shólistanlıq	шөлистанлық	см,, шөлистан
shólkem	шөлкем	организация: партия
shólkemi	шөлкеми	партййная организа
shólkemles-	шөлкемлес-	организовываться
shólkemleskenlik	шөлкемлескенлик	организован
shólkemlestir-	шөлкемлестир-	понуд. от шөл
shólkemlestiriw	шөлкемлестириў	и. д. от шөл- - кемлестир-; шелкемлестириу
shólkemlestiriwshi	шөлкемлестириўши	организатор
shóllew	шөллеў	и. д. от шелле- жаж - да, сильное желание пить
shóqker-	шөқкер-	ставить что-л. на - попа; арбаны шецкер- поставить
shóqkeril-	шөқкерил-	страд, от шенкер- ставиться на попа; быть по
sheqkeriw	шеқкериў	и. д. от шецкер
SHÓP-PÓP	ШӨП-ПӨП	собир. разные тра - вы
shópshew	шөпшеў	и. д. от шепше
SHPIONLIQ	ШПИОНЛЫҚ	шпионаж; шпионЛЫҚ ет- шпионить
shubalıcqı	шубалыцқы	1 ) длйнный, воло
wıq	ўық	рябая - курица; 2 ) чубарый
shubatılıw	шубатылыў	и. д. от шубатыл-. - шубыр- 1 ) двигаться гуськом
kózinen	көзинен	жасы шубырды у него
shuǵıl	шуғыл	I 1) сплетник; 2) интри
shuǵıllanıw	шуғылланыў	и. д. от шурыл
shuqanaqlıq	шуқанақлық	местность, изоби
shuqshıy-	шуқшый-	1 ) устремлять взгляд
shuqshıyt-	шуқшыйт-	понуд. от шуқ- - шый- 1 ) заставить смотреть на
shuqıla-	шуқыла-	1) ковырять что-л
shuqılas-	шуқылас-	взаимн. от шуқыла
shuqılat-	шуқылат-	понуд. от шуқыла
shuqılaw	шуқылаў	и. д. от шуқыла-. - шуқым: бир шуқым щепотка;
shuqır	шуқыр	впадина, яма, углубле
shuqıray-	шуқырай-	впадать (напр. о
shuqıraydı	шуқырайды	у него глаза вва - лились, щёки впали
shuqırayt-	шуқырайт-	понуд. от шуқы
shuqırlat-	шуқырлат-	понуд. от шуқырла- заставить делать - яму, углуб
shuqırlatıw	шуқырлатыў	и. д. от шуқырлат
shuqırlıq	шуқырлық	местность, имею
shuqıs-	шуқыс-	взаимн. от - шуқы
shuqıt-	шуқыт-	понуд. от - шуқы- 1 )
shuqıtıw	шуқытыў	и. д. от шуқыт
shuqıw	шуқыў	и. д. от - шуқы- 1 ) ко
shulǵan-	шулған-	обёртывать ноги пор
shulǵanıw	шулғаныў	и. д. от шулғанобёртываыие ног - портянками
shulǵaw	шулғаў	портянка
shulǵı-	шулғы-	махать - головой (о ло
shulǵıt-	шулғыт-	понуд. от шулғы
shulǵıw	шулғыў	и. д. от шулғы-. - шунай- 1 ) быть коротким; 2 )
shunaq	шунақ	безухий; одноухий; <>
shunataq	шунатақ	мизинец
shunqıy-	шунқый-	сидеть на задних ла - пах (напр. о собаке)
shucqır	шуцқыр	глубокая - впадина
shun-shuqır	шун-шуқыр	очень - глубокий
shurqas	шурқас	название детской - игры
shurıldaw	шурылдаў	и. д. от шурыл
shuw	шуў	I анат. послед
-shuw	-шуў	ет- сопеть носом
shuwaq	шуўақ	ясный, солнечный (обыч
shuwash	шуўаш	запах - пота
shuwashlı	шуўашлы	потливый
shuwda	шуўда	пучок - волос, длинная
shuwla-	шуўла-	1 ) шуметь (напр. о
shuwlas-	шуўлас-	взаимн. от шуўла
shuwlat-	шуўлат-	понуд. от - шуўла- I)
shuwlatıw	шуўлатыў	и. д. от - шуўлат
shuwlaw	шуўлаў	и. д. от - шуўла- 1 ) шум
shuwlıǵıw	шуўлығыў	и. д. от - шуўлық
shuwlıq-	шуўлық-	1 ) выкипать; 2 ) сгу
shuwlıqtır-	шуўлықтыр-	понуд. от - шуў
shuwmaqla-	шуўмақла-	наматывать - что-л
shuwmaklaw	шуўмаклаў	и. д. от шуўмақ
shuwılda-	шуўылда-	гудеть (о ветре, де
shuwıldas-	шуўылдас-	взаимн. от шуўылда
shuwıldat-	шуўылдат-	понуд. от шуўылда- вызвать - гудение (ветра, де
shuwıldaw	шуўылдаў	и. д. от - шуўылдагудёние (ветра, деревьев)
shuwıldı	шуўылды	гул; шамалдыц шу
wıldısı	ўылдысы	гул - ветра
shushtıyıw	шуштыйыў	и. д. от шуштый
shúberek	шүберек	тряпка, лоскут
shúdigár	шүдигәр	пашня, вспаханное
shúy	шүй	чека
shúyde	шүйде	затылок: / затылочный
shúyelli	шүйелли	1 ) покрытый боро
shúyinshi	шүйинши	см. сүйинши
shúykilde-	шүйкилде-	пищать
shúykildes-	шүйкилдес-	взаимн. от шүй
shúykildet-	шүйкилдет-	понуд. от шүй
shúykildew	шүйкилдеў	и. д. от шүйкилдеписк
shúkir	шүкир	благодарность, призна
shúkirlik	шүкирлик	выражение благо - дарности, признательности
shúldir	шүлдир	картавый
shúldirlew	шүлдирлеў	и. д. от шүлдирле
shúljic	шүлжиц	косноязычный
shúllik	шүллик	«чижик» (название
shúl-shúlek	шүл-шүлек	чибис
shúm-	шүм-	нырять; окунаться, по
shúmgiz-	шүмгиз-	см. шумдир
shúmdir-	шүмдир-	понуд. от шүм- за
shúmdiriw	шүмдириў	и. д. от шүмдир-. - шумен 1 ) трубочка (для оте
shúmiw	шүмиў	и. д. от - шум
shúmpildew	шүмпилдеў	и. д. от - шумпилденаполнёние (жидкостью)
shúreney	шүреней	чирбк {утка)
shúrippe	шүриппе	курок; шүриппесин
shúrre	шүрре	низкорослый, щуплый
shúrtiy-	шүртий-	1 ) выпячивать гу
shúrtiyt-	шүртийт-	понуд. - от шүртий
shúrtiytiw	шүртийтиў	и. д. от шүртийт
shúw	шүў	частица, употребляемая
gózlep	гөзлеп	шүў - деди {всадник) по
shúwle-	шүўле-	подгонять, понукать
shúw-shúwle-	шүў-шүўле-	многокр. от шүў
shıbjıclaw	шыбжыцлаў	и. д. от шыбжыц
shıbıq	шыбық	железный - прут; 2 ) сук
shıbıqshı	шыбықшы	уст. - десятник
shıbıq-shıbıq	шыбық-шыбық	полосатый, в
shıbınlaw	шыбынлаў	и. д. от шыбынла
shıǵanaq	шығанақ	1 ) излучина; дэрьянын шығанағы излучина реки;
súyegi	сүйеги	локтевая кость
shıǵanaqla-	шығанақла-	опираться на ло - коть; шығанақлап отыр- сидеть
shıǵanaqlat-	шығанақлат-	понуд. от шы
ǵanaqla-	ғанақла-	заставить опираться на
shıǵanaqlaw	шығанақлаў	и. д. от шыға
shıǵar	шығар	вероятно, по всей ве
súyrep	сүйреп	шығар- вытаскивать - что
shıǵarma	шығарма	произведение, сочи
shıǵart-	шығарт-	понуд. от шығар
shıǵarıl-	шығарыл-	страд, от шығар
shıǵarıs-	шығарыс-	взаимн. от шығар
shıǵarıspaq	шығарыспақ	складчина; шы
ǵarıspaq	ғарыспақ	жаса- делать что-л
shıǵarıw	шығарыў	и. д. от шығар-. - шығасы 1 ) убыток; 2 ) убыль
shıǵuw	шығуў	нарыв; болячка
SHIǴIL-	ШЫҒЫЛ-	страд, от шық-; <>■
ǴILDI	ҒЫЛДЫ	много раз подвергалось - обсунедснию
SHIǴIM	ШЫҒЫМ	1 ) всходы чего-л.-, 2 )
SHIǴIMLI	ШЫҒЫМЛЫ	1) урожайный; 2) на
SHIǴIM-	ШЫҒЫМ-	ПЫҒЫМ собир. всякого
SHIǴIMSIZ	ШЫҒЫМСЫЗ	скряга; / жадный;
SHIǴIMSIZLIQ	ШЫҒЫМСЫЗЛЫҚ	жадность
SHIǴIN	ШЫҒЫН	1) расходы; траты, за
shıǵındar	шығындар	израсходовавший - ся, издержавшнй.ся; / должнйк
shıǵınlant	шығынлант	расходоваться, нестй расходы
shıǵınlandır-	шығынландыр-	понуд. от шы
ǵınlan-	ғынлан-	заставить нести рас
shıǵınlanıw	шығынланыў	и. д. от шығынлан- несение расходов
SHIǴINSIZ	ШЫҒЫНСЫЗ	без - убытков; без
SHIǴINSIZLIQ	ШЫҒЫНСЫЗЛЫҚ	безубыточность
shıǵır	шығыр	чигйрь, водоподъёмное
SHIǴIS	ШЫҒЫС	1) выход; ш ы ғ ы с ж у р
SHIǴISI	ШЫҒЫСЫ	вылазка классового
SHIǴIS-	ШЫҒЫС-	взаимн. от шық
shıǵıw	шығыў	и. д. от шық-. - шыда- 1 ) выдерживать что-л.;
shıdamlıq	шыдамлық	см. шыдамлылық. - щыдамлылық 1 ) терпеливость;
shıdamsızlıq	шыдамсызлық	нетерпелйвость;
shıjǵır-	шыжғыр-	топить, вытапливать
shıjǵırt-	шыжғырт-	понуд. от шыжғырзаставить - топить, вытапливать
shıjǵırıw	шыжғырыў	и. д. от шыжғырвытапливанис - жира
SHIJIQ	ШЫЖЫҚ	вытопки - сала, шквар
shıyqan	шыйқан	чирей, нарыв, фу
shıyqılda-	шыйқылда-	скрипеть; есик
shıyqıldadı	шыйқылдады	дверь - скрипела
shıyqıldaǵısh	шыйқылдағыш	скрипучий
shıyqıldat-	шыйқылдат-	понуд. от шый
shıyqıldaw	шыйқылдаў	и. д. от шый
shıyqıldawıq	шыйқылдаўық	скрипящий;
shıyırtpaq	шыйыртпақ	«закрутка» (на
shıyırtpaqlaw	шыйыртпақлаў	и. д. от шы
yırtpaqla-	йыртпақла-	затикплвапие чего-л
shıyırshıq	шыйыршық	улитка
jolǵa	жолға	шықсап. жолдасыца қарап
shıǵar-shıqpas	шығар-шықпас	жасында... ког
shıqan	шықан	подруга
shıqas	шықас	боль; / нездоровый
shıqaslan-	шықаслан-	болеть, чувство
shıqaslanıw	шықасланыў	и. д. от шықаслан- - болезнь, недомогание
shıqaslıq	шықаслық	болезнь
SHIQQISIZ	ШЫҚҚЫСЫЗ	незабываемый; копилден ШЫКҚЫСЫЗ ой неотвязная
shıqpas	шықпас	см. ШЫҚҚЫСЫЗ
SHIKSHIQ	ШЫКШЫҚ	анат. часть затылоч
shıqılda-	шықылда-	издавать - чеканные
shıqıldaw	шықылдаў	и. д. от шықылда-. - шықылдыстук, тиканье (напр
shıqılıqla-	шықылықла-	трещать; щебе
shıqılıqlaw	шықылықлаў	и. д. от шықы
lıqla-	лықла-	трескотня; щебетание
shılbırlaw	шылбырлаў	и. д. от шылбыр
shılǵaw	шылғаў	портянка
SHILQ	ШЫЛҚ	звукоподражание хлю
shılqılda-	шылқылда-	см. шылпылда
SHILPIQ	ШЫЛПЫҚ	гной (глазной)-, ш ы л
PIQ	ПЫҚ	коз а) гноящийся глаз; б)
shılpıqla-	шылпықла-	гноиться (о гла
shılpıldaq	шылпылдақ	см. шылпыл
shılpıldaw	шылпылдаў	и. д. от шылпыл
SHIMSHIQ	ШЫМШЫҚ	1 ) воробей; шымШЫҚ коз с глазами, как у во
SHIMILDIQ	ШЫМЫЛДЫҚ	уст. - ширма, за
shımırqan-	шымырқан-	1 ) бегать (о м у
shımırqanıw	шымырқаныў	и. д. от шымыр
shıntaq	шынтақ	лбко'п
shınıǵıw	шынығыў	и. д. (111 шмиыц
shınıqtırıw	шынықтырыў	и. О. от - шынықтыр-; жаўынгсрдн Ш1>1нык
tırıw	тырыў	закалка - бонц.м
shınǵa	шынға	крючок; засов (штр
shıcǵala-	шыцғала-	прибив.-т. - крючок;
shıqǵalaw	шықғалаў	и. д. - от 1ныц1 алаприбивание крючка; прибива
shıqǵır-	шықғыр-	проипп 1М1 Ы1 0 кри
shınǵırıwshı	шынғырыўшы	тот, кто кричйт
SHICQ	ШЫЦҚ	звукоподражание пронзптельно.му - крику
shıpıldatıw	шыпылдатыў	и. д. от шыпыл
shıraylanıw	шырайланыў	и. д. от шырай
shıraysızlıq	шырайсызлық	отсутствие миловйдности. - шырақ - 1) светильник; свеча;
shıraqshı	шырақшы	факельщик
shırqılda-	шырқылда-	чирйкать; шымШЫҚ шырқылдайды воробей чи
shırqıldas-	шырқылдас-	взаимн. от шыр
shırqıldaw	шырқылдаў	и. д. от шырқылда- - чириканье (напр. воробьёв)
shırqıra-	шырқыра-	кричать {напр. о
shırqıras-	шырқырас-	взаим н. от шыр
shırqırat-	шырқырат-	понуд. от шыр
shırqıraw	шырқыраў	и. д. от шырқы
shırmaq	шырмақ	1) обмотанный, обёр
shırmawıq	шырмаўық	повнлйка; вьюн;
shırpıq	шырпық	см. шырпы. - шырпылда- - 1) быстро и .кЗв
shırpıldaw	шырпылдаў	и. д. от шыр
úni	үни	ШЫҚТЫ ребёнок плачет ис
shırrıyıw	шыррыйыў	и. д. от шыррый
shırtıldaq	шыртылдақ	1) недотрога; 2 ) на
shırtıldatıw	шыртылдатыў	и. д. от шыртыл
shırıldawıq	шырылдаўық	волчок {дет ская
shırıshlaw	шырышлаў	и.д. от шырышла
shıtaq	шытақ	уст . четырёхугольные
shıtırlaq	шытырлақ	1) хрустящий, из
qaǵazdı	қағазды	шытырлат- шелестеть
shıtırlawıq	шытырлаўық	см. шытырлақ
ıbırsıq	ыбырсық	хлам, рухлядь
ıǵal	ығал	влага, сырость; / влаж
ıǵalla-	ығалла-	увлажнять
ıǵallan-	ығаллан-	страд, от ығаллаувлажняться; быть влажным
ıǵallas-	ығаллас-	взаи.нн. от ығалла
ıǵallat-	ығаллат-	понуд. - от ығаллаувлажнйть, сделать влажным
ıǵallaw	ығаллаў	и. д. от ығалла- - увлаж-1
ıǵallı	ығаллы	влажный
ıǵallılıq	ығаллылық	влажность
ıǵalsız	ығалсыз	сухой
ıǵbal	ығбал	1) счастье; 2) успех
ıǵballı	ығбаллы	1) счастливый; 2) удач
ıǵbalsız	ығбалсыз	1) несчастный, не
ıǵbalsızlıq	ығбалсызлық	1) несчастье; 2)
ıǵır	ығыр	надоедливость; / надоед
IǴIS-	ЫҒЫС-	1) сторониться; 2) ва
lalıq	лалық	ығысып келди народ ва
ıǵıstır-	ығыстыр-	1) понуд. от ығысзаставить посторонйться; 2) передвйнуть что-л
ıǵıstırıw	ығыстырыў	и. д. от ығыстыр
ıǵıw	ығыў	и. д. от ық-. - ыдыра- - 1) разлезаться, рас
ıdıraq	ыдырақ	1) старый, обветша
ıdıraqlıq	ыдырақлық	см. - ыдырақ; -0-ойдағы ыдырақлык разброд в мыс
ıdıraw	ыдыраў	и. д. от - ыдыра- - 1)
ıdırawıq	ыдыраўық	см. ыдырақ
ızǵar	ызғар	1) влага, сырость; /
ızǵarla-	ызғарла-	увлажнять, мочйть
ızǵarlai-	ызғарлаи-	ст - рад, от ызғарлаувлажняться; быть влажным
ızǵarlanıw	ызғарланыў	и. д. от ызғарлан- - увлажнение, смачивание
ızǵarlat-	ызғарлат-	понуд. от ызғарлазаставить - увлажнять, мочйть
ızǵarlaw	ызғарлаў	1) и. д. от ызғарлаувлажнёние, смачивание; 2) сы
ızǵarlı	ызғарлы	сырбй, влажный; ыз
ǵarlı	ғарлы	ағаш влажное - дерево;
ızǵarlıq	ызғарлық	сырость, влага
ızǵarsız	ызғарсыз	1) отсутствие влаги
IZǴI-	ЫЗҒЫ-	быть во - мнбжестве; ыз
ızǵırıq	ызғырық	холбдный, пронйзывающий вётер
IZǴIT-	ЫЗҒЫТ-	понуд. от ызғы- умно - жать, увелйчивать количество
ızǵıtıw	ызғытыў	и. д. от ызғыт- умно - жение, увеличение колйчества
ızǵıw	ызғыў	и. д. от ызғы
ızıldawıq	ызылдаўық	см. ызыцлы
IQ-	ЫҚ-	1) идти по вётру; 2) плыть
kún	күн	ықтық мы - плыли (по тече
IQLI-	ЫҚЛИ-	1) искать защйты от
ıqlas	ықлас	внимание, прилежание;
ıqlaslan-	ықласлан-	стремйться к - чему
ıqlaslandır-	ықласландыр-	понуд. от ық
ıqlaslanıw	ықласланыў	и. д. от ықласлан- стремление к - чем у-л., ж е
ıqlaslı	ықласлы	внимательный, прилёжный
ıqlassız	ықлассыз	невнимательный, неприлёжный
ıqlat-	ықлат-	понуд. - от ықла- - 1) за
ıqlaw	ықлаў	и. д. от ықла
ıqrar	ықрар	признание; ықрарына
ıqtırma	ықтырма	1) хйжина, лачуга
ıqtırmala-	ықтырмала-	укрывать (от вет
ıqtırmalaw	ықтырмалаў	и. д. от ықтырмала- - укрытие (от вет ра)
ıqtıyar	ықтыяр	1) желание, вбля; ық
ıqtıyarlı	ықтыярлы	1) добровблец; /
ıqtıyarlılıq	ықтыярлылық	1) доброволь
ıqsham	ықшам	удобный, портативный
ıqshamla-	ықшамла-	1) брать чт о-л. в
ıqshamlan-	ықшамлан-	ст - рад, от ықшамла- 1) быть взятым в определён
ıqshamlandır-	ықшамландыр-	понуд. от ық
ıqshamlas-	ықшамлас-	взаим н. - от ықшамла- - 1) совмёстно брать что-л
ıqshamlat-	ықшамлат-	понуд. - от ықшамла- - 1) заставить брать чт о-л. в
ıqshamlaw	ықшамлаў	и. д. от ықшамла-. - ыкш — ?5б — ь1Л-а
ıqshamlıq	ықшамлық	удобство, портатйвность
ılayıq	ылайық	в раэн. знач. соответ - ствующий, подходящий; ылайық
kór-	көр-	считать - соответствующим
QIZIMDI	ҚЫЗЫМДЫ	оган ылайық көрмей
ılayıqlan-	ылайықлан-	ст - рад, от ылайықла- 1) приспосабливаться
ılayıqlandır-	ылайықландыр-	понуд. от - ылайыкдан- - 1) приспособлять
ılayıqlas-	ылайықлас-	взаим н. от - ылайықла- - 1) помогать приспособ
ılayıqlasıw	ылайықласыў	и. д. от - ылайықлас- - 1) оказание помощи при
ılayıqlat-	ылайықлат-	понуд. от - ылайықла- - 1) заставить приспособ
ılayıqlaw	ылайықлаў	и. д. от - ылайықла- - 1) приспособление, прилажива
ılayıqlı	ылайықлы	с.ч. ылайық
ılayıqlıq	ылайықлық	соответствие
ılayıqsız	ылайықсыз	несоответствую - щий, неподходящий
ılayıqsızlıq	ылайықсызлық	несоответствие
ılaq-	ылақ-	1) бесцельно бродить; 2)
ılaqa	ылақа	сом
ılaqqısh	ылаққыш	склонный к бродяж
ılaqlat-	ылақлат-	понуд. от ылақла
ılaqlaw	ылақлаў	и. д. от ылақла-. - ылақпа: ылақпа сөз бессвяз
ılaqtırt-	ылақтырт-	понуд. от - ылақ
ılaqtırıl-	ылақтырыл-	ст - рад, от ылақ
ılaqtırıs-	ылақтырыс-	взаи.кн. от ылақ
ılaqtırısıw	ылақтырысыў	и. д. от ылақ- - тырыс; тас ылақтырысыў кида
ılaqtırıw	ылақтырыў	и. д. от - ылақтырбросание, кидание, швыряние;
ılaclaw	ылацлаў	и. д. от ылацла
ılaslaw	ыласлаў	и. д. от ыласла- пач - канье, загрязнение
ılaslıq	ыласлық	загрязнённость
ılashıq	ылашық	лачуга, шалаш; вре
ILǴIY	ЫЛҒЫЙ	сплошь, исключйтель^
ıljıraq	ылжырақ	растяпа, размазня
ıljıraw	ылжыраў	и. д. от ылжыра- на
ımlaw	ымлаў	и. д. от - ымла- - 1) подача
INJIQ	ЫНЖЫҚ	1) застенчивый; 2) ма
ınjıqlan-	ынжықлан-	1) быть застенчи
ınjıqlıq	ынжықлық	1) застенчивость;
ıntıǵıw	ынтығыў	и. д. от ынтық
ıntıq	ынтық	страсть, жажда, сйльное желйние
INTIQ-	ЫНТЫҚ-	страстно стремйться к - чем у-л., жаждать чего-л
ıntıqtır-	ынтықтыр-	понуд. от - ынтык
ıqǵay	ықғай	1) склонность, любовь к
ıcǵayla-	ыцғайла-	приспособлять, при
ınǵaylan-	ынғайлан-	1) возвр. от ынғайла- приспособляться, прилажи
ınǵaylas-	ынғайлас-	взаим н. от ық
ǵayla-	ғайла-	совмёстно приспосабли - вать, прилаживать ч т о -л .\ сов
ıcǵaylastır-	ыцғайластыр-	понуд. от ын
ǵaylas-	ғайлас-	заставить совмёстно - приспосабливать, прилаживать
ınǵaylat-	ынғайлат-	понуд. от ынғайлазаставить - приспособлять, при
ınǵaylatıw	ынғайлатыў	и. д. от ынғайлат- - приспособление, прилажи
ıcǵaylaw	ыцғайлаў	и. д. от - ыцғайлаприспособлёние, прилаживание
ıcǵaylı	ыцғайлы	приспособленный
jaǵdayǵa	жағдайға	ыцғайлы приспособ
ıcǵaysız	ыцғайсыз	неприспособленный
ınǵaysızlan-	ынғайсызлан-	быть неприспо - собленным, неприлаженным;
ıcǵaysızlanıw	ыцғайсызланыў	и. д от - ын
ıcǵaysızlıq	ыцғайсызлық	неприспосббленность, неприлёженность; не
ıcǵırshaq	ыцғыршақ	седёлка; ыцғыршағы айланып қалыпты он ра
INQ	ЫНҚ	стон; ЫНҚ ет- стонать;
IKQ	ЫКҚ	етер аўруўым жоқ у меня
ınqılda-	ынқылда-	издавать - глухие
ınqıldas-	ынқылдас-	взаим н. от ын
ıcqıldat-	ыцқылдат-	понуд. от ыцқылда- вызвать стон
ınqıldaw	ынқылдаў	и. д. от ыцқылда
awırmaǵan	аўырмаған	ықранбайды погов. у
ınranıw	ынраныў	и. д. от - ынран- - 1)
ınıldaw	ынылдаў	и. д. от ынылдамурлыканье
ıpırıq-sıpırıq	ыпырық-сыпырық	собир. раз
ırazılıq	ыразылық	1) согласие; ыразыЛЫҚ бер- дать согласие; ыраЗЫЛЫҚ ал- получить согласие;
ıraq	ырақ	даль; / далёкий, дальний;
SÓZICNIC	СӨЗИЦНИЦ	етимине жақсы поел
ırbaqlat-	ырбақлат-	понуд. от - ырбацла- - 1) вызвать насмешки; 2) заста
ırbaqlaw	ырбақлаў	и. д. от ырбанла-. - ырга- - 1) двйгать; 2) трястй
ırǵaq	ырғақ	1) крючок: 2) багор
ırǵaqlı	ырғақлы	1) с крючком, имею
ırǵal-	ырғал-	возвр. от - ырға- I)
ırǵalıp	ырғалып	тур пшенйца колы
ırǵalt-	ырғалт-	понуд. от - ырғал- I)
ırǵalıs-	ырғалыс-	взаим н. от ырғал
ırǵalıw	ырғалыў	и. д. от - ырғал- - 1) дви
ırǵan-	ырған-	ст - рад, от ырға
ırǵanla-	ырғанла-	1) уподобляться в
ırǵas-	ырғас-	взаим н. от - ырга- - 1)
ırǵaw	ырғаў	и. д. о т - ырға- - 1) движе
ırǵı-	ырғы-	1) прыгать; 2) спрыги
IrǴIP	ЫрҒЫП	Т - урД Ы ОН в с к о ч и л с о СВР?
ırǵıǵısh	ырғығыш	прыгўн
ırǵıs-	ырғыс-	взаимн. от - ырғы- - 1)
ırǵıstır-	ырғыстыр-	понуд. от - ырғыс- - 1) заставить кого-л. состязаться
ırǵıt-	ырғыт-	понуд. от - ырғы- - 1) за
ırǵıw	ырғыў	и. д. от ырғы- прыга - нье, скакание
ırjaqay	ыржақай	1) тот, кто всё врёмя
ırjaqaylan-	ыржақайлан-	см. ыржый
ırjakaylıq	ыржакайлық	см. ыржанлық
ırjıyıw	ыржыйыў	и. д. от ыржый
ırjıq	ыржық	улыбчивый
ırzalıq	ырзалық	см. - ыразылық; ырзаЛЫҒЫН билдирди он изъявил своё
ırzashılıq	ырзашылық	см. ыразылық
ırsıldaw	ырсылдаў	и. д. от ырсылда-. - ырс-ырс: ырс-ырс ет- запы
ırıldaw	ырылдаў	и. д. от ырылда- ры - чание, ворчание {собак)
ırımlaw	ырымлаў	и. д. от - ырымла- - 1)
ırısqı	ырысқы	1) срёдства к существовёнию; пропитёние; манлай
ırısqılı	ырысқылы	имеющий средства
ırısqısız	ырысқысыз	не имеющий средств
ISQI	ЫСҚЫ	тёрка
ısqıla-	ысқыла-	м ногокр. от ыс
ısqır-	ысқыр-	свистеть; милиционер
ısqırt-	ысқырт-	п онуд. от ысқыр- за
ısqırıw	ысқырыў	и. д. от ысқырсвист
ıslanǵan	ысланған	копчёный, продым
ISLIQ	ЫСЛЫҚ	I коптйльня
suwıǵına	суўығына	тоцдым фольк. я ра
ıssılanıw	ыссыланыў	и. д. от - ыссылан
ISSILIQ	ЫССЫЛЫҚ	I) жара, зной; 2)
ıssılıgsuwıq	ыссылыгсуўық	тепло и .холод
ısıq	ысық	симпатйчный, приятный
ISIQLIQ	ЫСЫҚЛЫҚ	симпатия, расположёние
ISIQSHILIQ	ЫСЫҚШЫЛЫҚ	СЖ. ЫСЫҚЛЫҚ
ısılǵan	ысылған	I) тёртый, потёртый;
ısıldaw	ысылдаў	и. д. от ысылдашипёние
ısınıw	ысыныў	а. д. от ЫСЫН- И - нагревйние, накаливание
ISHQI	ЫШҚЫ	любовь, сйльная страсть
ISHQIN-	ЫШҚЫН-	находиться в состоя
ISHQINT-	ЫШҚЫНТ-	понуд. от ышқын
ıshqınıw	ышқыныў	и. д. от ышқын-. - ышқыпаз - 1) влюблённый; ыш
qıpaz	қыпаз	бол- - влюбйться; 2) имею
ıshqıpaz	ышқыпаз	любйтель - театра, теа
ıshqıpazlıq	ышқыпазлық	влюблённость
ıshqır-	ышқыр-	кричать, орать
ıshqırlıq	ышқырлық	то, что идёт на
ıshqırt-	ышқырт-	понуд. от ышқырзаставить - кричать, орать; вы
ıshqırıw	ышқырыў	и. д. о т ышқыр- - крик
evakuaciyalanǵan	эвакуацияланған	эвакуирован
EVOLYUCIYALIQ	ЭВОЛЮЦИЯЛЫҚ	эволюционный
EPOSLIQ	ЭПОСЛЫҚ	э п й ч е с к и й
YAQSHI	ЯҚШЫ	разе. - см. ж а қ с ы
YACLIQ	ЯЦЛЫҚ	см. я ц л ы
GEOGRAFIYALIQ	ГЕОГРАФИЯЛЫҚ	АТЛАР
Aq	Ақ	тециз Белое - море
Arqa-Osetin	Арқа-Осетин	Автономиялы
Bashqurtstan	Башқуртстан	Автономиялы
Daǵıstan	Дағыстан	Автономиялы Совет
Jaqın	Жақын	Шығыс Блйжний Во
Issıq	Иссық	кол (кол) Иссык-Куль
Qazaq	Қазақ	дэрья д. Казакдарья р
Qazaqstan	Қазақстан	Казахстан
Qalmıq	Қалмық	Автономиялы Совет
Qarabaylı	Қарабайлы	Карабайлы
Karaqalpaqstan	Карақалпақстан	Автономиялы
Karaqum	Карақум	Каракумы
Moynaq	Мойнақ	р. о. Муйнак р. ({
Tallıq	Таллық	Таллык
Tórtkúl	Төрткүл	ц. Турткуль г
Túrkiya	Түркия	Турция
Túrkmenstan	Түркменстан	Туркмения
Túslik	Түслик	Америка Йжная Аме - рика
Túslik-Afrika	Түслик-Африка	Союзы 1бжно-Африканский Союз
Uzaq	Узақ	Шығыс Дальний Восток
Xalıqabad	Халықабад	р. о.Халкабадр. ц
Shaqaman	Шақаман	пос. Чакаман - пос
